video_name,signer,class,label,split,view,landmarks_path,landmarks_177_path,frames,features_per_frame
s0004_f_w000043,s0004,Angry,0,test,front,landmarks/s0004/Angry/s0004_f_w000043/landmarks.npy,landmarks/s0004/Angry/s0004_f_w000043/landmarks_177.npy,150,177
s0006_f_w000043,s0006,Angry,0,test,front,landmarks/s0006/Angry/s0006_f_w000043/landmarks.npy,landmarks/s0006/Angry/s0006_f_w000043/landmarks_177.npy,210,177
s0010_f_w000043,s0010,Angry,0,test,front,landmarks/s0010/Angry/s0010_f_w000043/landmarks.npy,landmarks/s0010/Angry/s0010_f_w000043/landmarks_177.npy,180,177
s0014_f_w000043,s0014,Angry,0,test,front,landmarks/s0014/Angry/s0014_f_w000043/landmarks.npy,landmarks/s0014/Angry/s0014_f_w000043/landmarks_177.npy,180,177
s0016_f_w000043,s0016,Angry,0,test,front,landmarks/s0016/Angry/s0016_f_w000043/landmarks.npy,landmarks/s0016/Angry/s0016_f_w000043/landmarks_177.npy,150,177
s0017_f_w000043,s0017,Angry,0,test,front,landmarks/s0017/Angry/s0017_f_w000043/landmarks.npy,landmarks/s0017/Angry/s0017_f_w000043/landmarks_177.npy,120,177
s0019_f_w000043,s0019,Angry,0,test,front,landmarks/s0019/Angry/s0019_f_w000043/landmarks.npy,landmarks/s0019/Angry/s0019_f_w000043/landmarks_177.npy,180,177
s0020_f_w000043,s0020,Angry,0,test,front,landmarks/s0020/Angry/s0020_f_w000043/landmarks.npy,landmarks/s0020/Angry/s0020_f_w000043/landmarks_177.npy,210,177
s0004_f_w001572,s0004,Bag,1,test,front,landmarks/s0004/Bag/s0004_f_w001572/landmarks.npy,landmarks/s0004/Bag/s0004_f_w001572/landmarks_177.npy,150,177
s0006_f_w001572,s0006,Bag,1,test,front,landmarks/s0006/Bag/s0006_f_w001572/landmarks.npy,landmarks/s0006/Bag/s0006_f_w001572/landmarks_177.npy,180,177
s0010_f_w001572,s0010,Bag,1,test,front,landmarks/s0010/Bag/s0010_f_w001572/landmarks.npy,landmarks/s0010/Bag/s0010_f_w001572/landmarks_177.npy,150,177
s0014_f_w001572,s0014,Bag,1,test,front,landmarks/s0014/Bag/s0014_f_w001572/landmarks.npy,landmarks/s0014/Bag/s0014_f_w001572/landmarks_177.npy,150,177
s0016_f_w001572,s0016,Bag,1,test,front,landmarks/s0016/Bag/s0016_f_w001572/landmarks.npy,landmarks/s0016/Bag/s0016_f_w001572/landmarks_177.npy,180,177
s0017_f_w001572,s0017,Bag,1,test,front,landmarks/s0017/Bag/s0017_f_w001572/landmarks.npy,landmarks/s0017/Bag/s0017_f_w001572/landmarks_177.npy,150,177
s0019_f_w001572,s0019,Bag,1,test,front,landmarks/s0019/Bag/s0019_f_w001572/landmarks.npy,landmarks/s0019/Bag/s0019_f_w001572/landmarks_177.npy,150,177
s0020_f_w001572,s0020,Bag,1,test,front,landmarks/s0020/Bag/s0020_f_w001572/landmarks.npy,landmarks/s0020/Bag/s0020_f_w001572/landmarks_177.npy,180,177
s0004_f_w000125,s0004,Bathroom,2,test,front,landmarks/s0004/Bathroom/s0004_f_w000125/landmarks.npy,landmarks/s0004/Bathroom/s0004_f_w000125/landmarks_177.npy,240,177
s0006_f_w000125,s0006,Bathroom,2,test,front,landmarks/s0006/Bathroom/s0006_f_w000125/landmarks.npy,landmarks/s0006/Bathroom/s0006_f_w000125/landmarks_177.npy,240,177
s0010_f_w000125,s0010,Bathroom,2,test,front,landmarks/s0010/Bathroom/s0010_f_w000125/landmarks.npy,landmarks/s0010/Bathroom/s0010_f_w000125/landmarks_177.npy,210,177
s0014_f_w000125,s0014,Bathroom,2,test,front,landmarks/s0014/Bathroom/s0014_f_w000125/landmarks.npy,landmarks/s0014/Bathroom/s0014_f_w000125/landmarks_177.npy,240,177
s0016_f_w000125,s0016,Bathroom,2,test,front,landmarks/s0016/Bathroom/s0016_f_w000125/landmarks.npy,landmarks/s0016/Bathroom/s0016_f_w000125/landmarks_177.npy,210,177
s0017_f_w000125,s0017,Bathroom,2,test,front,landmarks/s0017/Bathroom/s0017_f_w000125/landmarks.npy,landmarks/s0017/Bathroom/s0017_f_w000125/landmarks_177.npy,180,177
s0019_f_w000125,s0019,Bathroom,2,test,front,landmarks/s0019/Bathroom/s0019_f_w000125/landmarks.npy,landmarks/s0019/Bathroom/s0019_f_w000125/landmarks_177.npy,210,177
s0020_f_w000125,s0020,Bathroom,2,test,front,landmarks/s0020/Bathroom/s0020_f_w000125/landmarks.npy,landmarks/s0020/Bathroom/s0020_f_w000125/landmarks_177.npy,210,177
s0004_f_w000430,s0004,Book,3,test,front,landmarks/s0004/Book/s0004_f_w000430/landmarks.npy,landmarks/s0004/Book/s0004_f_w000430/landmarks_177.npy,120,177
s0006_f_w000430,s0006,Book,3,test,front,landmarks/s0006/Book/s0006_f_w000430/landmarks.npy,landmarks/s0006/Book/s0006_f_w000430/landmarks_177.npy,150,177
s0010_f_w000430,s0010,Book,3,test,front,landmarks/s0010/Book/s0010_f_w000430/landmarks.npy,landmarks/s0010/Book/s0010_f_w000430/landmarks_177.npy,180,177
s0014_f_w000430,s0014,Book,3,test,front,landmarks/s0014/Book/s0014_f_w000430/landmarks.npy,landmarks/s0014/Book/s0014_f_w000430/landmarks_177.npy,150,177
s0016_f_w000430,s0016,Book,3,test,front,landmarks/s0016/Book/s0016_f_w000430/landmarks.npy,landmarks/s0016/Book/s0016_f_w000430/landmarks_177.npy,150,177
s0017_f_w000430,s0017,Book,3,test,front,landmarks/s0017/Book/s0017_f_w000430/landmarks.npy,landmarks/s0017/Book/s0017_f_w000430/landmarks_177.npy,180,177
s0019_f_w000430,s0019,Book,3,test,front,landmarks/s0019/Book/s0019_f_w000430/landmarks.npy,landmarks/s0019/Book/s0019_f_w000430/landmarks_177.npy,180,177
s0020_f_w000430,s0020,Book,3,test,front,landmarks/s0020/Book/s0020_f_w000430/landmarks.npy,landmarks/s0020/Book/s0020_f_w000430/landmarks_177.npy,150,177
s0004_f_w000005,s0004,Brother,4,test,front,landmarks/s0004/Brother/s0004_f_w000005/landmarks.npy,landmarks/s0004/Brother/s0004_f_w000005/landmarks_177.npy,150,177
s0006_f_w000005,s0006,Brother,4,test,front,landmarks/s0006/Brother/s0006_f_w000005/landmarks.npy,landmarks/s0006/Brother/s0006_f_w000005/landmarks_177.npy,180,177
s0010_f_w000005,s0010,Brother,4,test,front,landmarks/s0010/Brother/s0010_f_w000005/landmarks.npy,landmarks/s0010/Brother/s0010_f_w000005/landmarks_177.npy,180,177
s0014_f_w000005,s0014,Brother,4,test,front,landmarks/s0014/Brother/s0014_f_w000005/landmarks.npy,landmarks/s0014/Brother/s0014_f_w000005/landmarks_177.npy,270,177
s0016_f_w000005,s0016,Brother,4,test,front,landmarks/s0016/Brother/s0016_f_w000005/landmarks.npy,landmarks/s0016/Brother/s0016_f_w000005/landmarks_177.npy,180,177
s0017_f_w000005,s0017,Brother,4,test,front,landmarks/s0017/Brother/s0017_f_w000005/landmarks.npy,landmarks/s0017/Brother/s0017_f_w000005/landmarks_177.npy,210,177
s0019_f_w000005,s0019,Brother,4,test,front,landmarks/s0019/Brother/s0019_f_w000005/landmarks.npy,landmarks/s0019/Brother/s0019_f_w000005/landmarks_177.npy,210,177
s0020_f_w000005,s0020,Brother,4,test,front,landmarks/s0020/Brother/s0020_f_w000005/landmarks.npy,landmarks/s0020/Brother/s0020_f_w000005/landmarks_177.npy,180,177
s0004_f_w001133,s0004,Come,5,test,front,landmarks/s0004/Come/s0004_f_w001133/landmarks.npy,landmarks/s0004/Come/s0004_f_w001133/landmarks_177.npy,150,177
s0006_f_w001133,s0006,Come,5,test,front,landmarks/s0006/Come/s0006_f_w001133/landmarks.npy,landmarks/s0006/Come/s0006_f_w001133/landmarks_177.npy,150,177
s0010_f_w001133,s0010,Come,5,test,front,landmarks/s0010/Come/s0010_f_w001133/landmarks.npy,landmarks/s0010/Come/s0010_f_w001133/landmarks_177.npy,210,177
s0014_f_w001133,s0014,Come,5,test,front,landmarks/s0014/Come/s0014_f_w001133/landmarks.npy,landmarks/s0014/Come/s0014_f_w001133/landmarks_177.npy,120,177
s0016_f_w001133,s0016,Come,5,test,front,landmarks/s0016/Come/s0016_f_w001133/landmarks.npy,landmarks/s0016/Come/s0016_f_w001133/landmarks_177.npy,120,177
s0017_f_w001133,s0017,Come,5,test,front,landmarks/s0017/Come/s0017_f_w001133/landmarks.npy,landmarks/s0017/Come/s0017_f_w001133/landmarks_177.npy,120,177
s0019_f_w001133,s0019,Come,5,test,front,landmarks/s0019/Come/s0019_f_w001133/landmarks.npy,landmarks/s0019/Come/s0019_f_w001133/landmarks_177.npy,150,177
s0020_f_w001133,s0020,Come,5,test,front,landmarks/s0020/Come/s0020_f_w001133/landmarks.npy,landmarks/s0020/Come/s0020_f_w001133/landmarks_177.npy,150,177
s0004_f_w001018,s0004,Down,6,test,front,landmarks/s0004/Down/s0004_f_w001018/landmarks.npy,landmarks/s0004/Down/s0004_f_w001018/landmarks_177.npy,150,177
s0006_f_w001018,s0006,Down,6,test,front,landmarks/s0006/Down/s0006_f_w001018/landmarks.npy,landmarks/s0006/Down/s0006_f_w001018/landmarks_177.npy,180,177
s0010_f_w001018,s0010,Down,6,test,front,landmarks/s0010/Down/s0010_f_w001018/landmarks.npy,landmarks/s0010/Down/s0010_f_w001018/landmarks_177.npy,180,177
s0014_f_w001018,s0014,Down,6,test,front,landmarks/s0014/Down/s0014_f_w001018/landmarks.npy,landmarks/s0014/Down/s0014_f_w001018/landmarks_177.npy,180,177
s0016_f_w001018,s0016,Down,6,test,front,landmarks/s0016/Down/s0016_f_w001018/landmarks.npy,landmarks/s0016/Down/s0016_f_w001018/landmarks_177.npy,120,177
s0017_f_w001018,s0017,Down,6,test,front,landmarks/s0017/Down/s0017_f_w001018/landmarks.npy,landmarks/s0017/Down/s0017_f_w001018/landmarks_177.npy,120,177
s0019_f_w001018,s0019,Down,6,test,front,landmarks/s0019/Down/s0019_f_w001018/landmarks.npy,landmarks/s0019/Down/s0019_f_w001018/landmarks_177.npy,150,177
s0020_f_w001018,s0020,Down,6,test,front,landmarks/s0020/Down/s0020_f_w001018/landmarks.npy,landmarks/s0020/Down/s0020_f_w001018/landmarks_177.npy,150,177
s0004_f_w001161,s0004,Drink,7,test,front,landmarks/s0004/Drink/s0004_f_w001161/landmarks.npy,landmarks/s0004/Drink/s0004_f_w001161/landmarks_177.npy,150,177
s0006_f_w001161,s0006,Drink,7,test,front,landmarks/s0006/Drink/s0006_f_w001161/landmarks.npy,landmarks/s0006/Drink/s0006_f_w001161/landmarks_177.npy,180,177
s0010_f_w001161,s0010,Drink,7,test,front,landmarks/s0010/Drink/s0010_f_w001161/landmarks.npy,landmarks/s0010/Drink/s0010_f_w001161/landmarks_177.npy,180,177
s0014_f_w001161,s0014,Drink,7,test,front,landmarks/s0014/Drink/s0014_f_w001161/landmarks.npy,landmarks/s0014/Drink/s0014_f_w001161/landmarks_177.npy,150,177
s0016_f_w001161,s0016,Drink,7,test,front,landmarks/s0016/Drink/s0016_f_w001161/landmarks.npy,landmarks/s0016/Drink/s0016_f_w001161/landmarks_177.npy,150,177
s0017_f_w001161,s0017,Drink,7,test,front,landmarks/s0017/Drink/s0017_f_w001161/landmarks.npy,landmarks/s0017/Drink/s0017_f_w001161/landmarks_177.npy,150,177
s0019_f_w001161,s0019,Drink,7,test,front,landmarks/s0019/Drink/s0019_f_w001161/landmarks.npy,landmarks/s0019/Drink/s0019_f_w001161/landmarks_177.npy,150,177
s0020_f_w001161,s0020,Drink,7,test,front,landmarks/s0020/Drink/s0020_f_w001161/landmarks.npy,landmarks/s0020/Drink/s0020_f_w001161/landmarks_177.npy,150,177
s0004_f_w001635,s0004,Eat [VEB]/Food,8,test,front,landmarks/s0004/Eat [VEB]_Food/s0004_f_w001635/landmarks.npy,landmarks/s0004/Eat [VEB]_Food/s0004_f_w001635/landmarks_177.npy,150,177
s0006_f_w001635,s0006,Eat [VEB]/Food,8,test,front,landmarks/s0006/Eat [VEB]_Food/s0006_f_w001635/landmarks.npy,landmarks/s0006/Eat [VEB]_Food/s0006_f_w001635/landmarks_177.npy,180,177
s0010_f_w001635,s0010,Eat [VEB]/Food,8,test,front,landmarks/s0010/Eat [VEB]_Food/s0010_f_w001635/landmarks.npy,landmarks/s0010/Eat [VEB]_Food/s0010_f_w001635/landmarks_177.npy,150,177
s0014_f_w001635,s0014,Eat [VEB]/Food,8,test,front,landmarks/s0014/Eat [VEB]_Food/s0014_f_w001635/landmarks.npy,landmarks/s0014/Eat [VEB]_Food/s0014_f_w001635/landmarks_177.npy,120,177
s0016_f_w001635,s0016,Eat [VEB]/Food,8,test,front,landmarks/s0016/Eat [VEB]_Food/s0016_f_w001635/landmarks.npy,landmarks/s0016/Eat [VEB]_Food/s0016_f_w001635/landmarks_177.npy,150,177
s0017_f_w001635,s0017,Eat [VEB]/Food,8,test,front,landmarks/s0017/Eat [VEB]_Food/s0017_f_w001635/landmarks.npy,landmarks/s0017/Eat [VEB]_Food/s0017_f_w001635/landmarks_177.npy,90,177
s0019_f_w001635,s0019,Eat [VEB]/Food,8,test,front,landmarks/s0019/Eat [VEB]_Food/s0019_f_w001635/landmarks.npy,landmarks/s0019/Eat [VEB]_Food/s0019_f_w001635/landmarks_177.npy,150,177
s0020_f_w001635,s0020,Eat [VEB]/Food,8,test,front,landmarks/s0020/Eat [VEB]_Food/s0020_f_w001635/landmarks.npy,landmarks/s0020/Eat [VEB]_Food/s0020_f_w001635/landmarks_177.npy,150,177
s0004_f_w000356,s0004,Evening,9,test,front,landmarks/s0004/Evening/s0004_f_w000356/landmarks.npy,landmarks/s0004/Evening/s0004_f_w000356/landmarks_177.npy,150,177
s0006_f_w000356,s0006,Evening,9,test,front,landmarks/s0006/Evening/s0006_f_w000356/landmarks.npy,landmarks/s0006/Evening/s0006_f_w000356/landmarks_177.npy,180,177
s0010_f_w000356,s0010,Evening,9,test,front,landmarks/s0010/Evening/s0010_f_w000356/landmarks.npy,landmarks/s0010/Evening/s0010_f_w000356/landmarks_177.npy,180,177
s0014_f_w000356,s0014,Evening,9,test,front,landmarks/s0014/Evening/s0014_f_w000356/landmarks.npy,landmarks/s0014/Evening/s0014_f_w000356/landmarks_177.npy,180,177
s0016_f_w000356,s0016,Evening,9,test,front,landmarks/s0016/Evening/s0016_f_w000356/landmarks.npy,landmarks/s0016/Evening/s0016_f_w000356/landmarks_177.npy,180,177
s0017_f_w000356,s0017,Evening,9,test,front,landmarks/s0017/Evening/s0017_f_w000356/landmarks.npy,landmarks/s0017/Evening/s0017_f_w000356/landmarks_177.npy,150,177
s0019_f_w000356,s0019,Evening,9,test,front,landmarks/s0019/Evening/s0019_f_w000356/landmarks.npy,landmarks/s0019/Evening/s0019_f_w000356/landmarks_177.npy,150,177
s0020_f_w000356,s0020,Evening,9,test,front,landmarks/s0020/Evening/s0020_f_w000356/landmarks.npy,landmarks/s0020/Evening/s0020_f_w000356/landmarks_177.npy,180,177
s0004_f_w000011,s0004,Family,10,test,front,landmarks/s0004/Family/s0004_f_w000011/landmarks.npy,landmarks/s0004/Family/s0004_f_w000011/landmarks_177.npy,180,177
s0006_f_w000011,s0006,Family,10,test,front,landmarks/s0006/Family/s0006_f_w000011/landmarks.npy,landmarks/s0006/Family/s0006_f_w000011/landmarks_177.npy,240,177
s0010_f_w000011,s0010,Family,10,test,front,landmarks/s0010/Family/s0010_f_w000011/landmarks.npy,landmarks/s0010/Family/s0010_f_w000011/landmarks_177.npy,180,177
s0014_f_w000011,s0014,Family,10,test,front,landmarks/s0014/Family/s0014_f_w000011/landmarks.npy,landmarks/s0014/Family/s0014_f_w000011/landmarks_177.npy,270,177
s0016_f_w000011,s0016,Family,10,test,front,landmarks/s0016/Family/s0016_f_w000011/landmarks.npy,landmarks/s0016/Family/s0016_f_w000011/landmarks_177.npy,180,177
s0017_f_w000011,s0017,Family,10,test,front,landmarks/s0017/Family/s0017_f_w000011/landmarks.npy,landmarks/s0017/Family/s0017_f_w000011/landmarks_177.npy,180,177
s0019_f_w000011,s0019,Family,10,test,front,landmarks/s0019/Family/s0019_f_w000011/landmarks.npy,landmarks/s0019/Family/s0019_f_w000011/landmarks_177.npy,180,177
s0020_f_w000011,s0020,Family,10,test,front,landmarks/s0020/Family/s0020_f_w000011/landmarks.npy,landmarks/s0020/Family/s0020_f_w000011/landmarks_177.npy,180,177
s0004_f_w001019,s0004,Far,11,test,front,landmarks/s0004/Far/s0004_f_w001019/landmarks.npy,landmarks/s0004/Far/s0004_f_w001019/landmarks_177.npy,180,177
s0006_f_w001019,s0006,Far,11,test,front,landmarks/s0006/Far/s0006_f_w001019/landmarks.npy,landmarks/s0006/Far/s0006_f_w001019/landmarks_177.npy,180,177
s0010_f_w001019,s0010,Far,11,test,front,landmarks/s0010/Far/s0010_f_w001019/landmarks.npy,landmarks/s0010/Far/s0010_f_w001019/landmarks_177.npy,180,177
s0014_f_w001019,s0014,Far,11,test,front,landmarks/s0014/Far/s0014_f_w001019/landmarks.npy,landmarks/s0014/Far/s0014_f_w001019/landmarks_177.npy,180,177
s0016_f_w001019,s0016,Far,11,test,front,landmarks/s0016/Far/s0016_f_w001019/landmarks.npy,landmarks/s0016/Far/s0016_f_w001019/landmarks_177.npy,150,177
s0017_f_w001019,s0017,Far,11,test,front,landmarks/s0017/Far/s0017_f_w001019/landmarks.npy,landmarks/s0017/Far/s0017_f_w001019/landmarks_177.npy,120,177
s0019_f_w001019,s0019,Far,11,test,front,landmarks/s0019/Far/s0019_f_w001019/landmarks.npy,landmarks/s0019/Far/s0019_f_w001019/landmarks_177.npy,180,177
s0020_f_w001019,s0020,Far,11,test,front,landmarks/s0020/Far/s0020_f_w001019/landmarks.npy,landmarks/s0020/Far/s0020_f_w001019/landmarks_177.npy,180,177
s0004_f_w000012,s0004,Father,12,test,front,landmarks/s0004/Father/s0004_f_w000012/landmarks.npy,landmarks/s0004/Father/s0004_f_w000012/landmarks_177.npy,150,177
s0006_f_w000012,s0006,Father,12,test,front,landmarks/s0006/Father/s0006_f_w000012/landmarks.npy,landmarks/s0006/Father/s0006_f_w000012/landmarks_177.npy,180,177
s0010_f_w000012,s0010,Father,12,test,front,landmarks/s0010/Father/s0010_f_w000012/landmarks.npy,landmarks/s0010/Father/s0010_f_w000012/landmarks_177.npy,180,177
s0014_f_w000012,s0014,Father,12,test,front,landmarks/s0014/Father/s0014_f_w000012/landmarks.npy,landmarks/s0014/Father/s0014_f_w000012/landmarks_177.npy,210,177
s0016_f_w000012,s0016,Father,12,test,front,landmarks/s0016/Father/s0016_f_w000012/landmarks.npy,landmarks/s0016/Father/s0016_f_w000012/landmarks_177.npy,150,177
s0017_f_w000012,s0017,Father,12,test,front,landmarks/s0017/Father/s0017_f_w000012/landmarks.npy,landmarks/s0017/Father/s0017_f_w000012/landmarks_177.npy,150,177
s0019_f_w000012,s0019,Father,12,test,front,landmarks/s0019/Father/s0019_f_w000012/landmarks.npy,landmarks/s0019/Father/s0019_f_w000012/landmarks_177.npy,150,177
s0020_f_w000012,s0020,Father,12,test,front,landmarks/s0020/Father/s0020_f_w000012/landmarks.npy,landmarks/s0020/Father/s0020_f_w000012/landmarks_177.npy,150,177
s0004_f_w000014,s0004,Friend,13,test,front,landmarks/s0004/Friend/s0004_f_w000014/landmarks.npy,landmarks/s0004/Friend/s0004_f_w000014/landmarks_177.npy,150,177
s0006_f_w000014,s0006,Friend,13,test,front,landmarks/s0006/Friend/s0006_f_w000014/landmarks.npy,landmarks/s0006/Friend/s0006_f_w000014/landmarks_177.npy,210,177
s0010_f_w000014,s0010,Friend,13,test,front,landmarks/s0010/Friend/s0010_f_w000014/landmarks.npy,landmarks/s0010/Friend/s0010_f_w000014/landmarks_177.npy,150,177
s0014_f_w000014,s0014,Friend,13,test,front,landmarks/s0014/Friend/s0014_f_w000014/landmarks.npy,landmarks/s0014/Friend/s0014_f_w000014/landmarks_177.npy,210,177
s0016_f_w000014,s0016,Friend,13,test,front,landmarks/s0016/Friend/s0016_f_w000014/landmarks.npy,landmarks/s0016/Friend/s0016_f_w000014/landmarks_177.npy,180,177
s0017_f_w000014,s0017,Friend,13,test,front,landmarks/s0017/Friend/s0017_f_w000014/landmarks.npy,landmarks/s0017/Friend/s0017_f_w000014/landmarks_177.npy,150,177
s0019_f_w000014,s0019,Friend,13,test,front,landmarks/s0019/Friend/s0019_f_w000014/landmarks.npy,landmarks/s0019/Friend/s0019_f_w000014/landmarks_177.npy,180,177
s0020_f_w000014,s0020,Friend,13,test,front,landmarks/s0020/Friend/s0020_f_w000014/landmarks.npy,landmarks/s0020/Friend/s0020_f_w000014/landmarks_177.npy,150,177
s0004_f_w001185,s0004,Go,14,test,front,landmarks/s0004/Go/s0004_f_w001185/landmarks.npy,landmarks/s0004/Go/s0004_f_w001185/landmarks_177.npy,150,177
s0006_f_w001185,s0006,Go,14,test,front,landmarks/s0006/Go/s0006_f_w001185/landmarks.npy,landmarks/s0006/Go/s0006_f_w001185/landmarks_177.npy,180,177
s0010_f_w001185,s0010,Go,14,test,front,landmarks/s0010/Go/s0010_f_w001185/landmarks.npy,landmarks/s0010/Go/s0010_f_w001185/landmarks_177.npy,150,177
s0014_f_w001185,s0014,Go,14,test,front,landmarks/s0014/Go/s0014_f_w001185/landmarks.npy,landmarks/s0014/Go/s0014_f_w001185/landmarks_177.npy,150,177
s0016_f_w001185,s0016,Go,14,test,front,landmarks/s0016/Go/s0016_f_w001185/landmarks.npy,landmarks/s0016/Go/s0016_f_w001185/landmarks_177.npy,120,177
s0017_f_w001185,s0017,Go,14,test,front,landmarks/s0017/Go/s0017_f_w001185/landmarks.npy,landmarks/s0017/Go/s0017_f_w001185/landmarks_177.npy,120,177
s0019_f_w001185,s0019,Go,14,test,front,landmarks/s0019/Go/s0019_f_w001185/landmarks.npy,landmarks/s0019/Go/s0019_f_w001185/landmarks_177.npy,150,177
s0020_f_w001185,s0020,Go,14,test,front,landmarks/s0020/Go/s0020_f_w001185/landmarks.npy,landmarks/s0020/Go/s0020_f_w001185/landmarks_177.npy,180,177
s0004_f_w000054,s0004,Good,15,test,front,landmarks/s0004/Good/s0004_f_w000054/landmarks.npy,landmarks/s0004/Good/s0004_f_w000054/landmarks_177.npy,120,177
s0006_f_w000054,s0006,Good,15,test,front,landmarks/s0006/Good/s0006_f_w000054/landmarks.npy,landmarks/s0006/Good/s0006_f_w000054/landmarks_177.npy,180,177
s0010_f_w000054,s0010,Good,15,test,front,landmarks/s0010/Good/s0010_f_w000054/landmarks.npy,landmarks/s0010/Good/s0010_f_w000054/landmarks_177.npy,180,177
s0014_f_w000054,s0014,Good,15,test,front,landmarks/s0014/Good/s0014_f_w000054/landmarks.npy,landmarks/s0014/Good/s0014_f_w000054/landmarks_177.npy,180,177
s0016_f_w000054,s0016,Good,15,test,front,landmarks/s0016/Good/s0016_f_w000054/landmarks.npy,landmarks/s0016/Good/s0016_f_w000054/landmarks_177.npy,150,177
s0017_f_w000054,s0017,Good,15,test,front,landmarks/s0017/Good/s0017_f_w000054/landmarks.npy,landmarks/s0017/Good/s0017_f_w000054/landmarks_177.npy,150,177
s0019_f_w000054,s0019,Good,15,test,front,landmarks/s0019/Good/s0019_f_w000054/landmarks.npy,landmarks/s0019/Good/s0019_f_w000054/landmarks_177.npy,150,177
s0020_f_w000054,s0020,Good,15,test,front,landmarks/s0020/Good/s0020_f_w000054/landmarks.npy,landmarks/s0020/Good/s0020_f_w000054/landmarks_177.npy,150,177
s0004_f_w000045,s0004,Bad,16,test,front,landmarks/s0004/Bad/s0004_f_w000045/landmarks.npy,landmarks/s0004/Bad/s0004_f_w000045/landmarks_177.npy,150,177
s0006_f_w000045,s0006,Bad,16,test,front,landmarks/s0006/Bad/s0006_f_w000045/landmarks.npy,landmarks/s0006/Bad/s0006_f_w000045/landmarks_177.npy,150,177
s0010_f_w000045,s0010,Bad,16,test,front,landmarks/s0010/Bad/s0010_f_w000045/landmarks.npy,landmarks/s0010/Bad/s0010_f_w000045/landmarks_177.npy,180,177
s0014_f_w000045,s0014,Bad,16,test,front,landmarks/s0014/Bad/s0014_f_w000045/landmarks.npy,landmarks/s0014/Bad/s0014_f_w000045/landmarks_177.npy,150,177
s0016_f_w000045,s0016,Bad,16,test,front,landmarks/s0016/Bad/s0016_f_w000045/landmarks.npy,landmarks/s0016/Bad/s0016_f_w000045/landmarks_177.npy,150,177
s0017_f_w000045,s0017,Bad,16,test,front,landmarks/s0017/Bad/s0017_f_w000045/landmarks.npy,landmarks/s0017/Bad/s0017_f_w000045/landmarks_177.npy,120,177
s0019_f_w000045,s0019,Bad,16,test,front,landmarks/s0019/Bad/s0019_f_w000045/landmarks.npy,landmarks/s0019/Bad/s0019_f_w000045/landmarks_177.npy,150,177
s0020_f_w000045,s0020,Bad,16,test,front,landmarks/s0020/Bad/s0020_f_w000045/landmarks.npy,landmarks/s0020/Bad/s0020_f_w000045/landmarks_177.npy,150,177
s0004_f_w001370,s0004,Happy,17,test,front,landmarks/s0004/Happy/s0004_f_w001370/landmarks.npy,landmarks/s0004/Happy/s0004_f_w001370/landmarks_177.npy,180,177
s0006_f_w001370,s0006,Happy,17,test,front,landmarks/s0006/Happy/s0006_f_w001370/landmarks.npy,landmarks/s0006/Happy/s0006_f_w001370/landmarks_177.npy,180,177
s0010_f_w001370,s0010,Happy,17,test,front,landmarks/s0010/Happy/s0010_f_w001370/landmarks.npy,landmarks/s0010/Happy/s0010_f_w001370/landmarks_177.npy,180,177
s0014_f_w001370,s0014,Happy,17,test,front,landmarks/s0014/Happy/s0014_f_w001370/landmarks.npy,landmarks/s0014/Happy/s0014_f_w001370/landmarks_177.npy,150,177
s0016_f_w001370,s0016,Happy,17,test,front,landmarks/s0016/Happy/s0016_f_w001370/landmarks.npy,landmarks/s0016/Happy/s0016_f_w001370/landmarks_177.npy,120,177
s0017_f_w001370,s0017,Happy,17,test,front,landmarks/s0017/Happy/s0017_f_w001370/landmarks.npy,landmarks/s0017/Happy/s0017_f_w001370/landmarks_177.npy,120,177
s0019_f_w001370,s0019,Happy,17,test,front,landmarks/s0019/Happy/s0019_f_w001370/landmarks.npy,landmarks/s0019/Happy/s0019_f_w001370/landmarks_177.npy,150,177
s0020_f_w001370,s0020,Happy,17,test,front,landmarks/s0020/Happy/s0020_f_w001370/landmarks.npy,landmarks/s0020/Happy/s0020_f_w001370/landmarks_177.npy,180,177
s0004_f_w001590,s0004,Hello,18,test,front,landmarks/s0004/Hello/s0004_f_w001590/landmarks.npy,landmarks/s0004/Hello/s0004_f_w001590/landmarks_177.npy,120,177
s0006_f_w001590,s0006,Hello,18,test,front,landmarks/s0006/Hello/s0006_f_w001590/landmarks.npy,landmarks/s0006/Hello/s0006_f_w001590/landmarks_177.npy,180,177
s0010_f_w001590,s0010,Hello,18,test,front,landmarks/s0010/Hello/s0010_f_w001590/landmarks.npy,landmarks/s0010/Hello/s0010_f_w001590/landmarks_177.npy,150,177
s0014_f_w001590,s0014,Hello,18,test,front,landmarks/s0014/Hello/s0014_f_w001590/landmarks.npy,landmarks/s0014/Hello/s0014_f_w001590/landmarks_177.npy,150,177
s0016_f_w001590,s0016,Hello,18,test,front,landmarks/s0016/Hello/s0016_f_w001590/landmarks.npy,landmarks/s0016/Hello/s0016_f_w001590/landmarks_177.npy,180,177
s0017_f_w001590,s0017,Hello,18,test,front,landmarks/s0017/Hello/s0017_f_w001590/landmarks.npy,landmarks/s0017/Hello/s0017_f_w001590/landmarks_177.npy,120,177
s0019_f_w001590,s0019,Hello,18,test,front,landmarks/s0019/Hello/s0019_f_w001590/landmarks.npy,landmarks/s0019/Hello/s0019_f_w001590/landmarks_177.npy,150,177
s0020_f_w001590,s0020,Hello,18,test,front,landmarks/s0020/Hello/s0020_f_w001590/landmarks.npy,landmarks/s0020/Hello/s0020_f_w001590/landmarks_177.npy,150,177
s0004_f_w000056,s0004,Help [VEB],19,test,front,landmarks/s0004/Help [VEB]/s0004_f_w000056/landmarks.npy,landmarks/s0004/Help [VEB]/s0004_f_w000056/landmarks_177.npy,120,177
s0006_f_w000056,s0006,Help [VEB],19,test,front,landmarks/s0006/Help [VEB]/s0006_f_w000056/landmarks.npy,landmarks/s0006/Help [VEB]/s0006_f_w000056/landmarks_177.npy,180,177
s0010_f_w000056,s0010,Help [VEB],19,test,front,landmarks/s0010/Help [VEB]/s0010_f_w000056/landmarks.npy,landmarks/s0010/Help [VEB]/s0010_f_w000056/landmarks_177.npy,180,177
s0014_f_w000056,s0014,Help [VEB],19,test,front,landmarks/s0014/Help [VEB]/s0014_f_w000056/landmarks.npy,landmarks/s0014/Help [VEB]/s0014_f_w000056/landmarks_177.npy,180,177
s0016_f_w000056,s0016,Help [VEB],19,test,front,landmarks/s0016/Help [VEB]/s0016_f_w000056/landmarks.npy,landmarks/s0016/Help [VEB]/s0016_f_w000056/landmarks_177.npy,180,177
s0017_f_w000056,s0017,Help [VEB],19,test,front,landmarks/s0017/Help [VEB]/s0017_f_w000056/landmarks.npy,landmarks/s0017/Help [VEB]/s0017_f_w000056/landmarks_177.npy,150,177
s0019_f_w000056,s0019,Help [VEB],19,test,front,landmarks/s0019/Help [VEB]/s0019_f_w000056/landmarks.npy,landmarks/s0019/Help [VEB]/s0019_f_w000056/landmarks_177.npy,150,177
s0020_f_w000056,s0020,Help [VEB],19,test,front,landmarks/s0020/Help [VEB]/s0020_f_w000056/landmarks.npy,landmarks/s0020/Help [VEB]/s0020_f_w000056/landmarks_177.npy,150,177
s0004_f_w001638,s0004,Home/House,20,test,front,landmarks/s0004/Home_House/s0004_f_w001638/landmarks.npy,landmarks/s0004/Home_House/s0004_f_w001638/landmarks_177.npy,150,177
s0006_f_w001638,s0006,Home/House,20,test,front,landmarks/s0006/Home_House/s0006_f_w001638/landmarks.npy,landmarks/s0006/Home_House/s0006_f_w001638/landmarks_177.npy,180,177
s0010_f_w001638,s0010,Home/House,20,test,front,landmarks/s0010/Home_House/s0010_f_w001638/landmarks.npy,landmarks/s0010/Home_House/s0010_f_w001638/landmarks_177.npy,150,177
s0014_f_w001638,s0014,Home/House,20,test,front,landmarks/s0014/Home_House/s0014_f_w001638/landmarks.npy,landmarks/s0014/Home_House/s0014_f_w001638/landmarks_177.npy,120,177
s0016_f_w001638,s0016,Home/House,20,test,front,landmarks/s0016/Home_House/s0016_f_w001638/landmarks.npy,landmarks/s0016/Home_House/s0016_f_w001638/landmarks_177.npy,150,177
s0017_f_w001638,s0017,Home/House,20,test,front,landmarks/s0017/Home_House/s0017_f_w001638/landmarks.npy,landmarks/s0017/Home_House/s0017_f_w001638/landmarks_177.npy,120,177
s0019_f_w001638,s0019,Home/House,20,test,front,landmarks/s0019/Home_House/s0019_f_w001638/landmarks.npy,landmarks/s0019/Home_House/s0019_f_w001638/landmarks_177.npy,150,177
s0020_f_w001638,s0020,Home/House,20,test,front,landmarks/s0020/Home_House/s0020_f_w001638/landmarks.npy,landmarks/s0020/Home_House/s0020_f_w001638/landmarks_177.npy,210,177
s0004_f_w000668,s0004,Hospital,21,test,front,landmarks/s0004/Hospital/s0004_f_w000668/landmarks.npy,landmarks/s0004/Hospital/s0004_f_w000668/landmarks_177.npy,240,177
s0006_f_w000668,s0006,Hospital,21,test,front,landmarks/s0006/Hospital/s0006_f_w000668/landmarks.npy,landmarks/s0006/Hospital/s0006_f_w000668/landmarks_177.npy,210,177
s0010_f_w000668,s0010,Hospital,21,test,front,landmarks/s0010/Hospital/s0010_f_w000668/landmarks.npy,landmarks/s0010/Hospital/s0010_f_w000668/landmarks_177.npy,210,177
s0014_f_w000668,s0014,Hospital,21,test,front,landmarks/s0014/Hospital/s0014_f_w000668/landmarks.npy,landmarks/s0014/Hospital/s0014_f_w000668/landmarks_177.npy,210,177
s0016_f_w000668,s0016,Hospital,21,test,front,landmarks/s0016/Hospital/s0016_f_w000668/landmarks.npy,landmarks/s0016/Hospital/s0016_f_w000668/landmarks_177.npy,210,177
s0017_f_w000668,s0017,Hospital,21,test,front,landmarks/s0017/Hospital/s0017_f_w000668/landmarks.npy,landmarks/s0017/Hospital/s0017_f_w000668/landmarks_177.npy,180,177
s0019_f_w000668,s0019,Hospital,21,test,front,landmarks/s0019/Hospital/s0019_f_w000668/landmarks.npy,landmarks/s0019/Hospital/s0019_f_w000668/landmarks_177.npy,210,177
s0020_f_w000668,s0020,Hospital,21,test,front,landmarks/s0020/Hospital/s0020_f_w000668/landmarks.npy,landmarks/s0020/Hospital/s0020_f_w000668/landmarks_177.npy,240,177
s0004_f_w001036,s0004,How,22,test,front,landmarks/s0004/How/s0004_f_w001036/landmarks.npy,landmarks/s0004/How/s0004_f_w001036/landmarks_177.npy,150,177
s0006_f_w001036,s0006,How,22,test,front,landmarks/s0006/How/s0006_f_w001036/landmarks.npy,landmarks/s0006/How/s0006_f_w001036/landmarks_177.npy,180,177
s0010_f_w001036,s0010,How,22,test,front,landmarks/s0010/How/s0010_f_w001036/landmarks.npy,landmarks/s0010/How/s0010_f_w001036/landmarks_177.npy,180,177
s0014_f_w001036,s0014,How,22,test,front,landmarks/s0014/How/s0014_f_w001036/landmarks.npy,landmarks/s0014/How/s0014_f_w001036/landmarks_177.npy,150,177
s0016_f_w001036,s0016,How,22,test,front,landmarks/s0016/How/s0016_f_w001036/landmarks.npy,landmarks/s0016/How/s0016_f_w001036/landmarks_177.npy,150,177
s0017_f_w001036,s0017,How,22,test,front,landmarks/s0017/How/s0017_f_w001036/landmarks.npy,landmarks/s0017/How/s0017_f_w001036/landmarks_177.npy,120,177
s0019_f_w001036,s0019,How,22,test,front,landmarks/s0019/How/s0019_f_w001036/landmarks.npy,landmarks/s0019/How/s0019_f_w001036/landmarks_177.npy,150,177
s0020_f_w001036,s0020,How,22,test,front,landmarks/s0020/How/s0020_f_w001036/landmarks.npy,landmarks/s0020/How/s0020_f_w001036/landmarks_177.npy,120,177
s0004_f_w001643,s0004,Left (Side)/Left (Hand),23,test,front,landmarks/s0004/Left (Side)_Left (Hand)/s0004_f_w001643/landmarks.npy,landmarks/s0004/Left (Side)_Left (Hand)/s0004_f_w001643/landmarks_177.npy,150,177
s0006_f_w001643,s0006,Left (Side)/Left (Hand),23,test,front,landmarks/s0006/Left (Side)_Left (Hand)/s0006_f_w001643/landmarks.npy,landmarks/s0006/Left (Side)_Left (Hand)/s0006_f_w001643/landmarks_177.npy,180,177
s0010_f_w001643,s0010,Left (Side)/Left (Hand),23,test,front,landmarks/s0010/Left (Side)_Left (Hand)/s0010_f_w001643/landmarks.npy,landmarks/s0010/Left (Side)_Left (Hand)/s0010_f_w001643/landmarks_177.npy,180,177
s0014_f_w001643,s0014,Left (Side)/Left (Hand),23,test,front,landmarks/s0014/Left (Side)_Left (Hand)/s0014_f_w001643/landmarks.npy,landmarks/s0014/Left (Side)_Left (Hand)/s0014_f_w001643/landmarks_177.npy,180,177
s0016_f_w001643,s0016,Left (Side)/Left (Hand),23,test,front,landmarks/s0016/Left (Side)_Left (Hand)/s0016_f_w001643/landmarks.npy,landmarks/s0016/Left (Side)_Left (Hand)/s0016_f_w001643/landmarks_177.npy,150,177
s0017_f_w001643,s0017,Left (Side)/Left (Hand),23,test,front,landmarks/s0017/Left (Side)_Left (Hand)/s0017_f_w001643/landmarks.npy,landmarks/s0017/Left (Side)_Left (Hand)/s0017_f_w001643/landmarks_177.npy,120,177
s0019_f_w001643,s0019,Left (Side)/Left (Hand),23,test,front,landmarks/s0019/Left (Side)_Left (Hand)/s0019_f_w001643/landmarks.npy,landmarks/s0019/Left (Side)_Left (Hand)/s0019_f_w001643/landmarks_177.npy,150,177
s0020_f_w001643,s0020,Left (Side)/Left (Hand),23,test,front,landmarks/s0020/Left (Side)_Left (Hand)/s0020_f_w001643/landmarks.npy,landmarks/s0020/Left (Side)_Left (Hand)/s0020_f_w001643/landmarks_177.npy,150,177
s0004_f_w000392,s0004,Money,24,test,front,landmarks/s0004/Money/s0004_f_w000392/landmarks.npy,landmarks/s0004/Money/s0004_f_w000392/landmarks_177.npy,120,177
s0006_f_w000392,s0006,Money,24,test,front,landmarks/s0006/Money/s0006_f_w000392/landmarks.npy,landmarks/s0006/Money/s0006_f_w000392/landmarks_177.npy,180,177
s0010_f_w000392,s0010,Money,24,test,front,landmarks/s0010/Money/s0010_f_w000392/landmarks.npy,landmarks/s0010/Money/s0010_f_w000392/landmarks_177.npy,180,177
s0014_f_w000392,s0014,Money,24,test,front,landmarks/s0014/Money/s0014_f_w000392/landmarks.npy,landmarks/s0014/Money/s0014_f_w000392/landmarks_177.npy,150,177
s0016_f_w000392,s0016,Money,24,test,front,landmarks/s0016/Money/s0016_f_w000392/landmarks.npy,landmarks/s0016/Money/s0016_f_w000392/landmarks_177.npy,150,177
s0017_f_w000392,s0017,Money,24,test,front,landmarks/s0017/Money/s0017_f_w000392/landmarks.npy,landmarks/s0017/Money/s0017_f_w000392/landmarks_177.npy,120,177
s0019_f_w000392,s0019,Money,24,test,front,landmarks/s0019/Money/s0019_f_w000392/landmarks.npy,landmarks/s0019/Money/s0019_f_w000392/landmarks_177.npy,150,177
s0020_f_w000392,s0020,Money,24,test,front,landmarks/s0020/Money/s0020_f_w000392/landmarks.npy,landmarks/s0020/Money/s0020_f_w000392/landmarks_177.npy,180,177
s0004_f_w000362,s0004,Morning,25,test,front,landmarks/s0004/Morning/s0004_f_w000362/landmarks.npy,landmarks/s0004/Morning/s0004_f_w000362/landmarks_177.npy,180,177
s0006_f_w000362,s0006,Morning,25,test,front,landmarks/s0006/Morning/s0006_f_w000362/landmarks.npy,landmarks/s0006/Morning/s0006_f_w000362/landmarks_177.npy,180,177
s0010_f_w000362,s0010,Morning,25,test,front,landmarks/s0010/Morning/s0010_f_w000362/landmarks.npy,landmarks/s0010/Morning/s0010_f_w000362/landmarks_177.npy,180,177
s0014_f_w000362,s0014,Morning,25,test,front,landmarks/s0014/Morning/s0014_f_w000362/landmarks.npy,landmarks/s0014/Morning/s0014_f_w000362/landmarks_177.npy,150,177
s0016_f_w000362,s0016,Morning,25,test,front,landmarks/s0016/Morning/s0016_f_w000362/landmarks.npy,landmarks/s0016/Morning/s0016_f_w000362/landmarks_177.npy,150,177
s0017_f_w000362,s0017,Morning,25,test,front,landmarks/s0017/Morning/s0017_f_w000362/landmarks.npy,landmarks/s0017/Morning/s0017_f_w000362/landmarks_177.npy,150,177
s0019_f_w000362,s0019,Morning,25,test,front,landmarks/s0019/Morning/s0019_f_w000362/landmarks.npy,landmarks/s0019/Morning/s0019_f_w000362/landmarks_177.npy,150,177
s0020_f_w000362,s0020,Morning,25,test,front,landmarks/s0020/Morning/s0020_f_w000362/landmarks.npy,landmarks/s0020/Morning/s0020_f_w000362/landmarks_177.npy,150,177
s0004_f_w000023,s0004,Mother,26,test,front,landmarks/s0004/Mother/s0004_f_w000023/landmarks.npy,landmarks/s0004/Mother/s0004_f_w000023/landmarks_177.npy,120,177
s0006_f_w000023,s0006,Mother,26,test,front,landmarks/s0006/Mother/s0006_f_w000023/landmarks.npy,landmarks/s0006/Mother/s0006_f_w000023/landmarks_177.npy,180,177
s0010_f_w000023,s0010,Mother,26,test,front,landmarks/s0010/Mother/s0010_f_w000023/landmarks.npy,landmarks/s0010/Mother/s0010_f_w000023/landmarks_177.npy,180,177
s0014_f_w000023,s0014,Mother,26,test,front,landmarks/s0014/Mother/s0014_f_w000023/landmarks.npy,landmarks/s0014/Mother/s0014_f_w000023/landmarks_177.npy,180,177
s0016_f_w000023,s0016,Mother,26,test,front,landmarks/s0016/Mother/s0016_f_w000023/landmarks.npy,landmarks/s0016/Mother/s0016_f_w000023/landmarks_177.npy,180,177
s0017_f_w000023,s0017,Mother,26,test,front,landmarks/s0017/Mother/s0017_f_w000023/landmarks.npy,landmarks/s0017/Mother/s0017_f_w000023/landmarks_177.npy,150,177
s0019_f_w000023,s0019,Mother,26,test,front,landmarks/s0019/Mother/s0019_f_w000023/landmarks.npy,landmarks/s0019/Mother/s0019_f_w000023/landmarks_177.npy,150,177
s0020_f_w000023,s0020,Mother,26,test,front,landmarks/s0020/Mother/s0020_f_w000023/landmarks.npy,landmarks/s0020/Mother/s0020_f_w000023/landmarks_177.npy,150,177
s0004_f_w001025,s0004,Near,27,test,front,landmarks/s0004/Near/s0004_f_w001025/landmarks.npy,landmarks/s0004/Near/s0004_f_w001025/landmarks_177.npy,150,177
s0006_f_w001025,s0006,Near,27,test,front,landmarks/s0006/Near/s0006_f_w001025/landmarks.npy,landmarks/s0006/Near/s0006_f_w001025/landmarks_177.npy,180,177
s0010_f_w001025,s0010,Near,27,test,front,landmarks/s0010/Near/s0010_f_w001025/landmarks.npy,landmarks/s0010/Near/s0010_f_w001025/landmarks_177.npy,210,177
s0014_f_w001025,s0014,Near,27,test,front,landmarks/s0014/Near/s0014_f_w001025/landmarks.npy,landmarks/s0014/Near/s0014_f_w001025/landmarks_177.npy,180,177
s0016_f_w001025,s0016,Near,27,test,front,landmarks/s0016/Near/s0016_f_w001025/landmarks.npy,landmarks/s0016/Near/s0016_f_w001025/landmarks_177.npy,150,177
s0017_f_w001025,s0017,Near,27,test,front,landmarks/s0017/Near/s0017_f_w001025/landmarks.npy,landmarks/s0017/Near/s0017_f_w001025/landmarks_177.npy,150,177
s0019_f_w001025,s0019,Near,27,test,front,landmarks/s0019/Near/s0019_f_w001025/landmarks.npy,landmarks/s0019/Near/s0019_f_w001025/landmarks_177.npy,180,177
s0020_f_w001025,s0020,Near,27,test,front,landmarks/s0020/Near/s0020_f_w001025/landmarks.npy,landmarks/s0020/Near/s0020_f_w001025/landmarks_177.npy,180,177
s0004_f_w000365,s0004,Night,28,test,front,landmarks/s0004/Night/s0004_f_w000365/landmarks.npy,landmarks/s0004/Night/s0004_f_w000365/landmarks_177.npy,180,177
s0006_f_w000365,s0006,Night,28,test,front,landmarks/s0006/Night/s0006_f_w000365/landmarks.npy,landmarks/s0006/Night/s0006_f_w000365/landmarks_177.npy,150,177
s0010_f_w000365,s0010,Night,28,test,front,landmarks/s0010/Night/s0010_f_w000365/landmarks.npy,landmarks/s0010/Night/s0010_f_w000365/landmarks_177.npy,150,177
s0014_f_w000365,s0014,Night,28,test,front,landmarks/s0014/Night/s0014_f_w000365/landmarks.npy,landmarks/s0014/Night/s0014_f_w000365/landmarks_177.npy,180,177
s0016_f_w000365,s0016,Night,28,test,front,landmarks/s0016/Night/s0016_f_w000365/landmarks.npy,landmarks/s0016/Night/s0016_f_w000365/landmarks_177.npy,150,177
s0017_f_w000365,s0017,Night,28,test,front,landmarks/s0017/Night/s0017_f_w000365/landmarks.npy,landmarks/s0017/Night/s0017_f_w000365/landmarks_177.npy,120,177
s0019_f_w000365,s0019,Night,28,test,front,landmarks/s0019/Night/s0019_f_w000365/landmarks.npy,landmarks/s0019/Night/s0019_f_w000365/landmarks_177.npy,180,177
s0020_f_w000365,s0020,Night,28,test,front,landmarks/s0020/Night/s0020_f_w000365/landmarks.npy,landmarks/s0020/Night/s0020_f_w000365/landmarks_177.npy,150,177
s0004_f_w001577,s0004,No,29,test,front,landmarks/s0004/No/s0004_f_w001577/landmarks.npy,landmarks/s0004/No/s0004_f_w001577/landmarks_177.npy,180,177
s0006_f_w001577,s0006,No,29,test,front,landmarks/s0006/No/s0006_f_w001577/landmarks.npy,landmarks/s0006/No/s0006_f_w001577/landmarks_177.npy,150,177
s0010_f_w001577,s0010,No,29,test,front,landmarks/s0010/No/s0010_f_w001577/landmarks.npy,landmarks/s0010/No/s0010_f_w001577/landmarks_177.npy,150,177
s0014_f_w001577,s0014,No,29,test,front,landmarks/s0014/No/s0014_f_w001577/landmarks.npy,landmarks/s0014/No/s0014_f_w001577/landmarks_177.npy,150,177
s0016_f_w001577,s0016,No,29,test,front,landmarks/s0016/No/s0016_f_w001577/landmarks.npy,landmarks/s0016/No/s0016_f_w001577/landmarks_177.npy,120,177
s0017_f_w001577,s0017,No,29,test,front,landmarks/s0017/No/s0017_f_w001577/landmarks.npy,landmarks/s0017/No/s0017_f_w001577/landmarks_177.npy,120,177
s0019_f_w001577,s0019,No,29,test,front,landmarks/s0019/No/s0019_f_w001577/landmarks.npy,landmarks/s0019/No/s0019_f_w001577/landmarks_177.npy,150,177
s0020_f_w001577,s0020,No,29,test,front,landmarks/s0020/No/s0020_f_w001577/landmarks.npy,landmarks/s0020/No/s0020_f_w001577/landmarks_177.npy,120,177
s0004_f_w001796,s0004,Now,30,test,front,landmarks/s0004/Now/s0004_f_w001796/landmarks.npy,landmarks/s0004/Now/s0004_f_w001796/landmarks_177.npy,120,177
s0006_f_w001796,s0006,Now,30,test,front,landmarks/s0006/Now/s0006_f_w001796/landmarks.npy,landmarks/s0006/Now/s0006_f_w001796/landmarks_177.npy,150,177
s0010_f_w001796,s0010,Now,30,test,front,landmarks/s0010/Now/s0010_f_w001796/landmarks.npy,landmarks/s0010/Now/s0010_f_w001796/landmarks_177.npy,150,177
s0014_f_w001796,s0014,Now,30,test,front,landmarks/s0014/Now/s0014_f_w001796/landmarks.npy,landmarks/s0014/Now/s0014_f_w001796/landmarks_177.npy,120,177
s0016_f_w001796,s0016,Now,30,test,front,landmarks/s0016/Now/s0016_f_w001796/landmarks.npy,landmarks/s0016/Now/s0016_f_w001796/landmarks_177.npy,120,177
s0017_f_w001796,s0017,Now,30,test,front,landmarks/s0017/Now/s0017_f_w001796/landmarks.npy,landmarks/s0017/Now/s0017_f_w001796/landmarks_177.npy,120,177
s0019_f_w001796,s0019,Now,30,test,front,landmarks/s0019/Now/s0019_f_w001796/landmarks.npy,landmarks/s0019/Now/s0019_f_w001796/landmarks_177.npy,120,177
s0020_f_w001796,s0020,Now,30,test,front,landmarks/s0020/Now/s0020_f_w001796/landmarks.npy,landmarks/s0020/Now/s0020_f_w001796/landmarks_177.npy,150,177
s0004_f_w000672,s0004,Office,31,test,front,landmarks/s0004/Office/s0004_f_w000672/landmarks.npy,landmarks/s0004/Office/s0004_f_w000672/landmarks_177.npy,210,177
s0006_f_w000672,s0006,Office,31,test,front,landmarks/s0006/Office/s0006_f_w000672/landmarks.npy,landmarks/s0006/Office/s0006_f_w000672/landmarks_177.npy,210,177
s0010_f_w000672,s0010,Office,31,test,front,landmarks/s0010/Office/s0010_f_w000672/landmarks.npy,landmarks/s0010/Office/s0010_f_w000672/landmarks_177.npy,210,177
s0014_f_w000672,s0014,Office,31,test,front,landmarks/s0014/Office/s0014_f_w000672/landmarks.npy,landmarks/s0014/Office/s0014_f_w000672/landmarks_177.npy,210,177
s0016_f_w000672,s0016,Office,31,test,front,landmarks/s0016/Office/s0016_f_w000672/landmarks.npy,landmarks/s0016/Office/s0016_f_w000672/landmarks_177.npy,180,177
s0017_f_w000672,s0017,Office,31,test,front,landmarks/s0017/Office/s0017_f_w000672/landmarks.npy,landmarks/s0017/Office/s0017_f_w000672/landmarks_177.npy,180,177
s0019_f_w000672,s0019,Office,31,test,front,landmarks/s0019/Office/s0019_f_w000672/landmarks.npy,landmarks/s0019/Office/s0019_f_w000672/landmarks_177.npy,180,177
s0020_f_w000672,s0020,Office,31,test,front,landmarks/s0020/Office/s0020_f_w000672/landmarks.npy,landmarks/s0020/Office/s0020_f_w000672/landmarks_177.npy,210,177
s0004_f_w001486,s0004,Please,32,test,front,landmarks/s0004/Please/s0004_f_w001486/landmarks.npy,landmarks/s0004/Please/s0004_f_w001486/landmarks_177.npy,120,177
s0006_f_w001486,s0006,Please,32,test,front,landmarks/s0006/Please/s0006_f_w001486/landmarks.npy,landmarks/s0006/Please/s0006_f_w001486/landmarks_177.npy,150,177
s0010_f_w001486,s0010,Please,32,test,front,landmarks/s0010/Please/s0010_f_w001486/landmarks.npy,landmarks/s0010/Please/s0010_f_w001486/landmarks_177.npy,240,177
s0014_f_w001486,s0014,Please,32,test,front,landmarks/s0014/Please/s0014_f_w001486/landmarks.npy,landmarks/s0014/Please/s0014_f_w001486/landmarks_177.npy,180,177
s0016_f_w001486,s0016,Please,32,test,front,landmarks/s0016/Please/s0016_f_w001486/landmarks.npy,landmarks/s0016/Please/s0016_f_w001486/landmarks_177.npy,150,177
s0017_f_w001486,s0017,Please,32,test,front,landmarks/s0017/Please/s0017_f_w001486/landmarks.npy,landmarks/s0017/Please/s0017_f_w001486/landmarks_177.npy,120,177
s0019_f_w001486,s0019,Please,32,test,front,landmarks/s0019/Please/s0019_f_w001486/landmarks.npy,landmarks/s0019/Please/s0019_f_w001486/landmarks_177.npy,150,177
s0020_f_w001486,s0020,Please,32,test,front,landmarks/s0020/Please/s0020_f_w001486/landmarks.npy,landmarks/s0020/Please/s0020_f_w001486/landmarks_177.npy,180,177
s0004_f_w000070,s0004,Right,33,test,front,landmarks/s0004/Right/s0004_f_w000070/landmarks.npy,landmarks/s0004/Right/s0004_f_w000070/landmarks_177.npy,150,177
s0006_f_w000070,s0006,Right,33,test,front,landmarks/s0006/Right/s0006_f_w000070/landmarks.npy,landmarks/s0006/Right/s0006_f_w000070/landmarks_177.npy,180,177
s0010_f_w000070,s0010,Right,33,test,front,landmarks/s0010/Right/s0010_f_w000070/landmarks.npy,landmarks/s0010/Right/s0010_f_w000070/landmarks_177.npy,180,177
s0014_f_w000070,s0014,Right,33,test,front,landmarks/s0014/Right/s0014_f_w000070/landmarks.npy,landmarks/s0014/Right/s0014_f_w000070/landmarks_177.npy,180,177
s0016_f_w000070,s0016,Right,33,test,front,landmarks/s0016/Right/s0016_f_w000070/landmarks.npy,landmarks/s0016/Right/s0016_f_w000070/landmarks_177.npy,150,177
s0017_f_w000070,s0017,Right,33,test,front,landmarks/s0017/Right/s0017_f_w000070/landmarks.npy,landmarks/s0017/Right/s0017_f_w000070/landmarks_177.npy,120,177
s0019_f_w000070,s0019,Right,33,test,front,landmarks/s0019/Right/s0019_f_w000070/landmarks.npy,landmarks/s0019/Right/s0019_f_w000070/landmarks_177.npy,120,177
s0020_f_w000070,s0020,Right,33,test,front,landmarks/s0020/Right/s0020_f_w000070/landmarks.npy,landmarks/s0020/Right/s0020_f_w000070/landmarks_177.npy,120,177
s0004_f_w001415,s0004,Sad,34,test,front,landmarks/s0004/Sad/s0004_f_w001415/landmarks.npy,landmarks/s0004/Sad/s0004_f_w001415/landmarks_177.npy,120,177
s0006_f_w001415,s0006,Sad,34,test,front,landmarks/s0006/Sad/s0006_f_w001415/landmarks.npy,landmarks/s0006/Sad/s0006_f_w001415/landmarks_177.npy,150,177
s0010_f_w001415,s0010,Sad,34,test,front,landmarks/s0010/Sad/s0010_f_w001415/landmarks.npy,landmarks/s0010/Sad/s0010_f_w001415/landmarks_177.npy,180,177
s0014_f_w001415,s0014,Sad,34,test,front,landmarks/s0014/Sad/s0014_f_w001415/landmarks.npy,landmarks/s0014/Sad/s0014_f_w001415/landmarks_177.npy,150,177
s0016_f_w001415,s0016,Sad,34,test,front,landmarks/s0016/Sad/s0016_f_w001415/landmarks.npy,landmarks/s0016/Sad/s0016_f_w001415/landmarks_177.npy,150,177
s0017_f_w001415,s0017,Sad,34,test,front,landmarks/s0017/Sad/s0017_f_w001415/landmarks.npy,landmarks/s0017/Sad/s0017_f_w001415/landmarks_177.npy,120,177
s0019_f_w001415,s0019,Sad,34,test,front,landmarks/s0019/Sad/s0019_f_w001415/landmarks.npy,landmarks/s0019/Sad/s0019_f_w001415/landmarks_177.npy,180,177
s0020_f_w001415,s0020,Sad,34,test,front,landmarks/s0020/Sad/s0020_f_w001415/landmarks.npy,landmarks/s0020/Sad/s0020_f_w001415/landmarks_177.npy,150,177
s0004_f_w000421,s0004,School,35,test,front,landmarks/s0004/School/s0004_f_w000421/landmarks.npy,landmarks/s0004/School/s0004_f_w000421/landmarks_177.npy,210,177
s0006_f_w000421,s0006,School,35,test,front,landmarks/s0006/School/s0006_f_w000421/landmarks.npy,landmarks/s0006/School/s0006_f_w000421/landmarks_177.npy,180,177
s0010_f_w000421,s0010,School,35,test,front,landmarks/s0010/School/s0010_f_w000421/landmarks.npy,landmarks/s0010/School/s0010_f_w000421/landmarks_177.npy,240,177
s0014_f_w000421,s0014,School,35,test,front,landmarks/s0014/School/s0014_f_w000421/landmarks.npy,landmarks/s0014/School/s0014_f_w000421/landmarks_177.npy,180,177
s0016_f_w000421,s0016,School,35,test,front,landmarks/s0016/School/s0016_f_w000421/landmarks.npy,landmarks/s0016/School/s0016_f_w000421/landmarks_177.npy,180,177
s0017_f_w000421,s0017,School,35,test,front,landmarks/s0017/School/s0017_f_w000421/landmarks.npy,landmarks/s0017/School/s0017_f_w000421/landmarks_177.npy,180,177
s0019_f_w000421,s0019,School,35,test,front,landmarks/s0019/School/s0019_f_w000421/landmarks.npy,landmarks/s0019/School/s0019_f_w000421/landmarks_177.npy,180,177
s0020_f_w000421,s0020,School,35,test,front,landmarks/s0020/School/s0020_f_w000421/landmarks.npy,landmarks/s0020/School/s0020_f_w000421/landmarks_177.npy,180,177
s0004_f_w000677,s0004,Shop,36,test,front,landmarks/s0004/Shop/s0004_f_w000677/landmarks.npy,landmarks/s0004/Shop/s0004_f_w000677/landmarks_177.npy,210,177
s0006_f_w000677,s0006,Shop,36,test,front,landmarks/s0006/Shop/s0006_f_w000677/landmarks.npy,landmarks/s0006/Shop/s0006_f_w000677/landmarks_177.npy,210,177
s0010_f_w000677,s0010,Shop,36,test,front,landmarks/s0010/Shop/s0010_f_w000677/landmarks.npy,landmarks/s0010/Shop/s0010_f_w000677/landmarks_177.npy,240,177
s0014_f_w000677,s0014,Shop,36,test,front,landmarks/s0014/Shop/s0014_f_w000677/landmarks.npy,landmarks/s0014/Shop/s0014_f_w000677/landmarks_177.npy,210,177
s0016_f_w000677,s0016,Shop,36,test,front,landmarks/s0016/Shop/s0016_f_w000677/landmarks.npy,landmarks/s0016/Shop/s0016_f_w000677/landmarks_177.npy,180,177
s0017_f_w000677,s0017,Shop,36,test,front,landmarks/s0017/Shop/s0017_f_w000677/landmarks.npy,landmarks/s0017/Shop/s0017_f_w000677/landmarks_177.npy,180,177
s0019_f_w000677,s0019,Shop,36,test,front,landmarks/s0019/Shop/s0019_f_w000677/landmarks.npy,landmarks/s0019/Shop/s0019_f_w000677/landmarks_177.npy,210,177
s0020_f_w000677,s0020,Shop,36,test,front,landmarks/s0020/Shop/s0020_f_w000677/landmarks.npy,landmarks/s0020/Shop/s0020_f_w000677/landmarks_177.npy,210,177
s0004_f_w000032,s0004,Sister,37,test,front,landmarks/s0004/Sister/s0004_f_w000032/landmarks.npy,landmarks/s0004/Sister/s0004_f_w000032/landmarks_177.npy,150,177
s0006_f_w000032,s0006,Sister,37,test,front,landmarks/s0006/Sister/s0006_f_w000032/landmarks.npy,landmarks/s0006/Sister/s0006_f_w000032/landmarks_177.npy,210,177
s0010_f_w000032,s0010,Sister,37,test,front,landmarks/s0010/Sister/s0010_f_w000032/landmarks.npy,landmarks/s0010/Sister/s0010_f_w000032/landmarks_177.npy,180,177
s0014_f_w000032,s0014,Sister,37,test,front,landmarks/s0014/Sister/s0014_f_w000032/landmarks.npy,landmarks/s0014/Sister/s0014_f_w000032/landmarks_177.npy,210,177
s0016_f_w000032,s0016,Sister,37,test,front,landmarks/s0016/Sister/s0016_f_w000032/landmarks.npy,landmarks/s0016/Sister/s0016_f_w000032/landmarks_177.npy,210,177
s0017_f_w000032,s0017,Sister,37,test,front,landmarks/s0017/Sister/s0017_f_w000032/landmarks.npy,landmarks/s0017/Sister/s0017_f_w000032/landmarks_177.npy,180,177
s0019_f_w000032,s0019,Sister,37,test,front,landmarks/s0019/Sister/s0019_f_w000032/landmarks.npy,landmarks/s0019/Sister/s0019_f_w000032/landmarks_177.npy,210,177
s0020_f_w000032,s0020,Sister,37,test,front,landmarks/s0020/Sister/s0020_f_w000032/landmarks.npy,landmarks/s0020/Sister/s0020_f_w000032/landmarks_177.npy,210,177
s0004_f_w001465,s0004,Smart Phone,38,test,front,landmarks/s0004/Smart Phone/s0004_f_w001465/landmarks.npy,landmarks/s0004/Smart Phone/s0004_f_w001465/landmarks_177.npy,180,177
s0006_f_w001465,s0006,Smart Phone,38,test,front,landmarks/s0006/Smart Phone/s0006_f_w001465/landmarks.npy,landmarks/s0006/Smart Phone/s0006_f_w001465/landmarks_177.npy,180,177
s0010_f_w001465,s0010,Smart Phone,38,test,front,landmarks/s0010/Smart Phone/s0010_f_w001465/landmarks.npy,landmarks/s0010/Smart Phone/s0010_f_w001465/landmarks_177.npy,210,177
s0014_f_w001465,s0014,Smart Phone,38,test,front,landmarks/s0014/Smart Phone/s0014_f_w001465/landmarks.npy,landmarks/s0014/Smart Phone/s0014_f_w001465/landmarks_177.npy,180,177
s0016_f_w001465,s0016,Smart Phone,38,test,front,landmarks/s0016/Smart Phone/s0016_f_w001465/landmarks.npy,landmarks/s0016/Smart Phone/s0016_f_w001465/landmarks_177.npy,180,177
s0017_f_w001465,s0017,Smart Phone,38,test,front,landmarks/s0017/Smart Phone/s0017_f_w001465/landmarks.npy,landmarks/s0017/Smart Phone/s0017_f_w001465/landmarks_177.npy,150,177
s0019_f_w001465,s0019,Smart Phone,38,test,front,landmarks/s0019/Smart Phone/s0019_f_w001465/landmarks.npy,landmarks/s0019/Smart Phone/s0019_f_w001465/landmarks_177.npy,180,177
s0020_f_w001465,s0020,Smart Phone,38,test,front,landmarks/s0020/Smart Phone/s0020_f_w001465/landmarks.npy,landmarks/s0020/Smart Phone/s0020_f_w001465/landmarks_177.npy,150,177
s0004_f_w001429,s0004,Sorry,39,test,front,landmarks/s0004/Sorry/s0004_f_w001429/landmarks.npy,landmarks/s0004/Sorry/s0004_f_w001429/landmarks_177.npy,150,177
s0006_f_w001429,s0006,Sorry,39,test,front,landmarks/s0006/Sorry/s0006_f_w001429/landmarks.npy,landmarks/s0006/Sorry/s0006_f_w001429/landmarks_177.npy,150,177
s0010_f_w001429,s0010,Sorry,39,test,front,landmarks/s0010/Sorry/s0010_f_w001429/landmarks.npy,landmarks/s0010/Sorry/s0010_f_w001429/landmarks_177.npy,210,177
s0014_f_w001429,s0014,Sorry,39,test,front,landmarks/s0014/Sorry/s0014_f_w001429/landmarks.npy,landmarks/s0014/Sorry/s0014_f_w001429/landmarks_177.npy,150,177
s0016_f_w001429,s0016,Sorry,39,test,front,landmarks/s0016/Sorry/s0016_f_w001429/landmarks.npy,landmarks/s0016/Sorry/s0016_f_w001429/landmarks_177.npy,150,177
s0017_f_w001429,s0017,Sorry,39,test,front,landmarks/s0017/Sorry/s0017_f_w001429/landmarks.npy,landmarks/s0017/Sorry/s0017_f_w001429/landmarks_177.npy,120,177
s0019_f_w001429,s0019,Sorry,39,test,front,landmarks/s0019/Sorry/s0019_f_w001429/landmarks.npy,landmarks/s0019/Sorry/s0019_f_w001429/landmarks_177.npy,150,177
s0020_f_w001429,s0020,Sorry,39,test,front,landmarks/s0020/Sorry/s0020_f_w001429/landmarks.npy,landmarks/s0020/Sorry/s0020_f_w001429/landmarks_177.npy,180,177
s0004_f_w000075,s0004,Thank You,40,test,front,landmarks/s0004/Thank You/s0004_f_w000075/landmarks.npy,landmarks/s0004/Thank You/s0004_f_w000075/landmarks_177.npy,150,177
s0006_f_w000075,s0006,Thank You,40,test,front,landmarks/s0006/Thank You/s0006_f_w000075/landmarks.npy,landmarks/s0006/Thank You/s0006_f_w000075/landmarks_177.npy,180,177
s0010_f_w000075,s0010,Thank You,40,test,front,landmarks/s0010/Thank You/s0010_f_w000075/landmarks.npy,landmarks/s0010/Thank You/s0010_f_w000075/landmarks_177.npy,150,177
s0014_f_w000075,s0014,Thank You,40,test,front,landmarks/s0014/Thank You/s0014_f_w000075/landmarks.npy,landmarks/s0014/Thank You/s0014_f_w000075/landmarks_177.npy,180,177
s0016_f_w000075,s0016,Thank You,40,test,front,landmarks/s0016/Thank You/s0016_f_w000075/landmarks.npy,landmarks/s0016/Thank You/s0016_f_w000075/landmarks_177.npy,150,177
s0017_f_w000075,s0017,Thank You,40,test,front,landmarks/s0017/Thank You/s0017_f_w000075/landmarks.npy,landmarks/s0017/Thank You/s0017_f_w000075/landmarks_177.npy,150,177
s0019_f_w000075,s0019,Thank You,40,test,front,landmarks/s0019/Thank You/s0019_f_w000075/landmarks.npy,landmarks/s0019/Thank You/s0019_f_w000075/landmarks_177.npy,150,177
s0020_f_w000075,s0020,Thank You,40,test,front,landmarks/s0020/Thank You/s0020_f_w000075/landmarks.npy,landmarks/s0020/Thank You/s0020_f_w000075/landmarks_177.npy,180,177
s0004_f_w000370,s0004,Today,41,test,front,landmarks/s0004/Today/s0004_f_w000370/landmarks.npy,landmarks/s0004/Today/s0004_f_w000370/landmarks_177.npy,150,177
s0006_f_w000370,s0006,Today,41,test,front,landmarks/s0006/Today/s0006_f_w000370/landmarks.npy,landmarks/s0006/Today/s0006_f_w000370/landmarks_177.npy,150,177
s0010_f_w000370,s0010,Today,41,test,front,landmarks/s0010/Today/s0010_f_w000370/landmarks.npy,landmarks/s0010/Today/s0010_f_w000370/landmarks_177.npy,150,177
s0014_f_w000370,s0014,Today,41,test,front,landmarks/s0014/Today/s0014_f_w000370/landmarks.npy,landmarks/s0014/Today/s0014_f_w000370/landmarks_177.npy,150,177
s0016_f_w000370,s0016,Today,41,test,front,landmarks/s0016/Today/s0016_f_w000370/landmarks.npy,landmarks/s0016/Today/s0016_f_w000370/landmarks_177.npy,120,177
s0017_f_w000370,s0017,Today,41,test,front,landmarks/s0017/Today/s0017_f_w000370/landmarks.npy,landmarks/s0017/Today/s0017_f_w000370/landmarks_177.npy,120,177
s0019_f_w000370,s0019,Today,41,test,front,landmarks/s0019/Today/s0019_f_w000370/landmarks.npy,landmarks/s0019/Today/s0019_f_w000370/landmarks_177.npy,180,177
s0020_f_w000370,s0020,Today,41,test,front,landmarks/s0020/Today/s0020_f_w000370/landmarks.npy,landmarks/s0020/Today/s0020_f_w000370/landmarks_177.npy,150,177
s0004_f_w000371,s0004,Tomorrow,42,test,front,landmarks/s0004/Tomorrow/s0004_f_w000371/landmarks.npy,landmarks/s0004/Tomorrow/s0004_f_w000371/landmarks_177.npy,150,177
s0006_f_w000371,s0006,Tomorrow,42,test,front,landmarks/s0006/Tomorrow/s0006_f_w000371/landmarks.npy,landmarks/s0006/Tomorrow/s0006_f_w000371/landmarks_177.npy,150,177
s0010_f_w000371,s0010,Tomorrow,42,test,front,landmarks/s0010/Tomorrow/s0010_f_w000371/landmarks.npy,landmarks/s0010/Tomorrow/s0010_f_w000371/landmarks_177.npy,180,177
s0014_f_w000371,s0014,Tomorrow,42,test,front,landmarks/s0014/Tomorrow/s0014_f_w000371/landmarks.npy,landmarks/s0014/Tomorrow/s0014_f_w000371/landmarks_177.npy,180,177
s0016_f_w000371,s0016,Tomorrow,42,test,front,landmarks/s0016/Tomorrow/s0016_f_w000371/landmarks.npy,landmarks/s0016/Tomorrow/s0016_f_w000371/landmarks_177.npy,180,177
s0017_f_w000371,s0017,Tomorrow,42,test,front,landmarks/s0017/Tomorrow/s0017_f_w000371/landmarks.npy,landmarks/s0017/Tomorrow/s0017_f_w000371/landmarks_177.npy,120,177
s0019_f_w000371,s0019,Tomorrow,42,test,front,landmarks/s0019/Tomorrow/s0019_f_w000371/landmarks.npy,landmarks/s0019/Tomorrow/s0019_f_w000371/landmarks_177.npy,150,177
s0020_f_w000371,s0020,Tomorrow,42,test,front,landmarks/s0020/Tomorrow/s0020_f_w000371/landmarks.npy,landmarks/s0020/Tomorrow/s0020_f_w000371/landmarks_177.npy,150,177
s0004_f_w001035,s0004,Up,43,test,front,landmarks/s0004/Up/s0004_f_w001035/landmarks.npy,landmarks/s0004/Up/s0004_f_w001035/landmarks_177.npy,150,177
s0006_f_w001035,s0006,Up,43,test,front,landmarks/s0006/Up/s0006_f_w001035/landmarks.npy,landmarks/s0006/Up/s0006_f_w001035/landmarks_177.npy,150,177
s0010_f_w001035,s0010,Up,43,test,front,landmarks/s0010/Up/s0010_f_w001035/landmarks.npy,landmarks/s0010/Up/s0010_f_w001035/landmarks_177.npy,180,177
s0014_f_w001035,s0014,Up,43,test,front,landmarks/s0014/Up/s0014_f_w001035/landmarks.npy,landmarks/s0014/Up/s0014_f_w001035/landmarks_177.npy,150,177
s0016_f_w001035,s0016,Up,43,test,front,landmarks/s0016/Up/s0016_f_w001035/landmarks.npy,landmarks/s0016/Up/s0016_f_w001035/landmarks_177.npy,150,177
s0017_f_w001035,s0017,Up,43,test,front,landmarks/s0017/Up/s0017_f_w001035/landmarks.npy,landmarks/s0017/Up/s0017_f_w001035/landmarks_177.npy,120,177
s0019_f_w001035,s0019,Up,43,test,front,landmarks/s0019/Up/s0019_f_w001035/landmarks.npy,landmarks/s0019/Up/s0019_f_w001035/landmarks_177.npy,150,177
s0020_f_w001035,s0020,Up,43,test,front,landmarks/s0020/Up/s0020_f_w001035/landmarks.npy,landmarks/s0020/Up/s0020_f_w001035/landmarks_177.npy,150,177
s0004_f_w000228,s0004,Water,44,test,front,landmarks/s0004/Water/s0004_f_w000228/landmarks.npy,landmarks/s0004/Water/s0004_f_w000228/landmarks_177.npy,150,177
s0006_f_w000228,s0006,Water,44,test,front,landmarks/s0006/Water/s0006_f_w000228/landmarks.npy,landmarks/s0006/Water/s0006_f_w000228/landmarks_177.npy,180,177
s0010_f_w000228,s0010,Water,44,test,front,landmarks/s0010/Water/s0010_f_w000228/landmarks.npy,landmarks/s0010/Water/s0010_f_w000228/landmarks_177.npy,150,177
s0014_f_w000228,s0014,Water,44,test,front,landmarks/s0014/Water/s0014_f_w000228/landmarks.npy,landmarks/s0014/Water/s0014_f_w000228/landmarks_177.npy,150,177
s0016_f_w000228,s0016,Water,44,test,front,landmarks/s0016/Water/s0016_f_w000228/landmarks.npy,landmarks/s0016/Water/s0016_f_w000228/landmarks_177.npy,150,177
s0017_f_w000228,s0017,Water,44,test,front,landmarks/s0017/Water/s0017_f_w000228/landmarks.npy,landmarks/s0017/Water/s0017_f_w000228/landmarks_177.npy,120,177
s0019_f_w000228,s0019,Water,44,test,front,landmarks/s0019/Water/s0019_f_w000228/landmarks.npy,landmarks/s0019/Water/s0019_f_w000228/landmarks_177.npy,180,177
s0020_f_w000228,s0020,Water,44,test,front,landmarks/s0020/Water/s0020_f_w000228/landmarks.npy,landmarks/s0020/Water/s0020_f_w000228/landmarks_177.npy,150,177
s0004_f_w001309,s0004,Welcome,45,test,front,landmarks/s0004/Welcome/s0004_f_w001309/landmarks.npy,landmarks/s0004/Welcome/s0004_f_w001309/landmarks_177.npy,150,177
s0006_f_w001309,s0006,Welcome,45,test,front,landmarks/s0006/Welcome/s0006_f_w001309/landmarks.npy,landmarks/s0006/Welcome/s0006_f_w001309/landmarks_177.npy,180,177
s0010_f_w001309,s0010,Welcome,45,test,front,landmarks/s0010/Welcome/s0010_f_w001309/landmarks.npy,landmarks/s0010/Welcome/s0010_f_w001309/landmarks_177.npy,180,177
s0014_f_w001309,s0014,Welcome,45,test,front,landmarks/s0014/Welcome/s0014_f_w001309/landmarks.npy,landmarks/s0014/Welcome/s0014_f_w001309/landmarks_177.npy,150,177
s0016_f_w001309,s0016,Welcome,45,test,front,landmarks/s0016/Welcome/s0016_f_w001309/landmarks.npy,landmarks/s0016/Welcome/s0016_f_w001309/landmarks_177.npy,150,177
s0017_f_w001309,s0017,Welcome,45,test,front,landmarks/s0017/Welcome/s0017_f_w001309/landmarks.npy,landmarks/s0017/Welcome/s0017_f_w001309/landmarks_177.npy,120,177
s0019_f_w001309,s0019,Welcome,45,test,front,landmarks/s0019/Welcome/s0019_f_w001309/landmarks.npy,landmarks/s0019/Welcome/s0019_f_w001309/landmarks_177.npy,180,177
s0020_f_w001309,s0020,Welcome,45,test,front,landmarks/s0020/Welcome/s0020_f_w001309/landmarks.npy,landmarks/s0020/Welcome/s0020_f_w001309/landmarks_177.npy,180,177
s0004_f_w001038,s0004,What,46,test,front,landmarks/s0004/What/s0004_f_w001038/landmarks.npy,landmarks/s0004/What/s0004_f_w001038/landmarks_177.npy,150,177
s0006_f_w001038,s0006,What,46,test,front,landmarks/s0006/What/s0006_f_w001038/landmarks.npy,landmarks/s0006/What/s0006_f_w001038/landmarks_177.npy,150,177
s0010_f_w001038,s0010,What,46,test,front,landmarks/s0010/What/s0010_f_w001038/landmarks.npy,landmarks/s0010/What/s0010_f_w001038/landmarks_177.npy,150,177
s0014_f_w001038,s0014,What,46,test,front,landmarks/s0014/What/s0014_f_w001038/landmarks.npy,landmarks/s0014/What/s0014_f_w001038/landmarks_177.npy,150,177
s0016_f_w001038,s0016,What,46,test,front,landmarks/s0016/What/s0016_f_w001038/landmarks.npy,landmarks/s0016/What/s0016_f_w001038/landmarks_177.npy,180,177
s0017_f_w001038,s0017,What,46,test,front,landmarks/s0017/What/s0017_f_w001038/landmarks.npy,landmarks/s0017/What/s0017_f_w001038/landmarks_177.npy,120,177
s0019_f_w001038,s0019,What,46,test,front,landmarks/s0019/What/s0019_f_w001038/landmarks.npy,landmarks/s0019/What/s0019_f_w001038/landmarks_177.npy,150,177
s0020_f_w001038,s0020,What,46,test,front,landmarks/s0020/What/s0020_f_w001038/landmarks.npy,landmarks/s0020/What/s0020_f_w001038/landmarks_177.npy,150,177
s0004_f_w001040,s0004,When,47,test,front,landmarks/s0004/When/s0004_f_w001040/landmarks.npy,landmarks/s0004/When/s0004_f_w001040/landmarks_177.npy,150,177
s0006_f_w001040,s0006,When,47,test,front,landmarks/s0006/When/s0006_f_w001040/landmarks.npy,landmarks/s0006/When/s0006_f_w001040/landmarks_177.npy,180,177
s0010_f_w001040,s0010,When,47,test,front,landmarks/s0010/When/s0010_f_w001040/landmarks.npy,landmarks/s0010/When/s0010_f_w001040/landmarks_177.npy,180,177
s0014_f_w001040,s0014,When,47,test,front,landmarks/s0014/When/s0014_f_w001040/landmarks.npy,landmarks/s0014/When/s0014_f_w001040/landmarks_177.npy,180,177
s0016_f_w001040,s0016,When,47,test,front,landmarks/s0016/When/s0016_f_w001040/landmarks.npy,landmarks/s0016/When/s0016_f_w001040/landmarks_177.npy,120,177
s0017_f_w001040,s0017,When,47,test,front,landmarks/s0017/When/s0017_f_w001040/landmarks.npy,landmarks/s0017/When/s0017_f_w001040/landmarks_177.npy,150,177
s0019_f_w001040,s0019,When,47,test,front,landmarks/s0019/When/s0019_f_w001040/landmarks.npy,landmarks/s0019/When/s0019_f_w001040/landmarks_177.npy,150,177
s0020_f_w001040,s0020,When,47,test,front,landmarks/s0020/When/s0020_f_w001040/landmarks.npy,landmarks/s0020/When/s0020_f_w001040/landmarks_177.npy,150,177
s0004_f_w001041,s0004,Where,48,test,front,landmarks/s0004/Where/s0004_f_w001041/landmarks.npy,landmarks/s0004/Where/s0004_f_w001041/landmarks_177.npy,180,177
s0006_f_w001041,s0006,Where,48,test,front,landmarks/s0006/Where/s0006_f_w001041/landmarks.npy,landmarks/s0006/Where/s0006_f_w001041/landmarks_177.npy,180,177
s0010_f_w001041,s0010,Where,48,test,front,landmarks/s0010/Where/s0010_f_w001041/landmarks.npy,landmarks/s0010/Where/s0010_f_w001041/landmarks_177.npy,180,177
s0014_f_w001041,s0014,Where,48,test,front,landmarks/s0014/Where/s0014_f_w001041/landmarks.npy,landmarks/s0014/Where/s0014_f_w001041/landmarks_177.npy,180,177
s0016_f_w001041,s0016,Where,48,test,front,landmarks/s0016/Where/s0016_f_w001041/landmarks.npy,landmarks/s0016/Where/s0016_f_w001041/landmarks_177.npy,180,177
s0017_f_w001041,s0017,Where,48,test,front,landmarks/s0017/Where/s0017_f_w001041/landmarks.npy,landmarks/s0017/Where/s0017_f_w001041/landmarks_177.npy,150,177
s0019_f_w001041,s0019,Where,48,test,front,landmarks/s0019/Where/s0019_f_w001041/landmarks.npy,landmarks/s0019/Where/s0019_f_w001041/landmarks_177.npy,150,177
s0020_f_w001041,s0020,Where,48,test,front,landmarks/s0020/Where/s0020_f_w001041/landmarks.npy,landmarks/s0020/Where/s0020_f_w001041/landmarks_177.npy,210,177
s0004_f_w001043,s0004,Who,49,test,front,landmarks/s0004/Who/s0004_f_w001043/landmarks.npy,landmarks/s0004/Who/s0004_f_w001043/landmarks_177.npy,150,177
s0006_f_w001043,s0006,Who,49,test,front,landmarks/s0006/Who/s0006_f_w001043/landmarks.npy,landmarks/s0006/Who/s0006_f_w001043/landmarks_177.npy,180,177
s0010_f_w001043,s0010,Who,49,test,front,landmarks/s0010/Who/s0010_f_w001043/landmarks.npy,landmarks/s0010/Who/s0010_f_w001043/landmarks_177.npy,150,177
s0014_f_w001043,s0014,Who,49,test,front,landmarks/s0014/Who/s0014_f_w001043/landmarks.npy,landmarks/s0014/Who/s0014_f_w001043/landmarks_177.npy,150,177
s0016_f_w001043,s0016,Who,49,test,front,landmarks/s0016/Who/s0016_f_w001043/landmarks.npy,landmarks/s0016/Who/s0016_f_w001043/landmarks_177.npy,150,177
s0017_f_w001043,s0017,Who,49,test,front,landmarks/s0017/Who/s0017_f_w001043/landmarks.npy,landmarks/s0017/Who/s0017_f_w001043/landmarks_177.npy,150,177
s0019_f_w001043,s0019,Who,49,test,front,landmarks/s0019/Who/s0019_f_w001043/landmarks.npy,landmarks/s0019/Who/s0019_f_w001043/landmarks_177.npy,180,177
s0020_f_w001043,s0020,Who,49,test,front,landmarks/s0020/Who/s0020_f_w001043/landmarks.npy,landmarks/s0020/Who/s0020_f_w001043/landmarks_177.npy,150,177
s0004_f_w001886,s0004,Why,50,test,front,landmarks/s0004/Why/s0004_f_w001886/landmarks.npy,landmarks/s0004/Why/s0004_f_w001886/landmarks_177.npy,150,177
s0006_f_w001886,s0006,Why,50,test,front,landmarks/s0006/Why/s0006_f_w001886/landmarks.npy,landmarks/s0006/Why/s0006_f_w001886/landmarks_177.npy,150,177
s0010_f_w001886,s0010,Why,50,test,front,landmarks/s0010/Why/s0010_f_w001886/landmarks.npy,landmarks/s0010/Why/s0010_f_w001886/landmarks_177.npy,150,177
s0014_f_w001886,s0014,Why,50,test,front,landmarks/s0014/Why/s0014_f_w001886/landmarks.npy,landmarks/s0014/Why/s0014_f_w001886/landmarks_177.npy,150,177
s0016_f_w001886,s0016,Why,50,test,front,landmarks/s0016/Why/s0016_f_w001886/landmarks.npy,landmarks/s0016/Why/s0016_f_w001886/landmarks_177.npy,120,177
s0017_f_w001886,s0017,Why,50,test,front,landmarks/s0017/Why/s0017_f_w001886/landmarks.npy,landmarks/s0017/Why/s0017_f_w001886/landmarks_177.npy,120,177
s0019_f_w001886,s0019,Why,50,test,front,landmarks/s0019/Why/s0019_f_w001886/landmarks.npy,landmarks/s0019/Why/s0019_f_w001886/landmarks_177.npy,120,177
s0020_f_w001886,s0020,Why,50,test,front,landmarks/s0020/Why/s0020_f_w001886/landmarks.npy,landmarks/s0020/Why/s0020_f_w001886/landmarks_177.npy,150,177
s0004_f_w001578,s0004,Yes,51,test,front,landmarks/s0004/Yes/s0004_f_w001578/landmarks.npy,landmarks/s0004/Yes/s0004_f_w001578/landmarks_177.npy,180,177
s0006_f_w001578,s0006,Yes,51,test,front,landmarks/s0006/Yes/s0006_f_w001578/landmarks.npy,landmarks/s0006/Yes/s0006_f_w001578/landmarks_177.npy,150,177
s0010_f_w001578,s0010,Yes,51,test,front,landmarks/s0010/Yes/s0010_f_w001578/landmarks.npy,landmarks/s0010/Yes/s0010_f_w001578/landmarks_177.npy,150,177
s0014_f_w001578,s0014,Yes,51,test,front,landmarks/s0014/Yes/s0014_f_w001578/landmarks.npy,landmarks/s0014/Yes/s0014_f_w001578/landmarks_177.npy,120,177
s0016_f_w001578,s0016,Yes,51,test,front,landmarks/s0016/Yes/s0016_f_w001578/landmarks.npy,landmarks/s0016/Yes/s0016_f_w001578/landmarks_177.npy,150,177
s0017_f_w001578,s0017,Yes,51,test,front,landmarks/s0017/Yes/s0017_f_w001578/landmarks.npy,landmarks/s0017/Yes/s0017_f_w001578/landmarks_177.npy,150,177
s0019_f_w001578,s0019,Yes,51,test,front,landmarks/s0019/Yes/s0019_f_w001578/landmarks.npy,landmarks/s0019/Yes/s0019_f_w001578/landmarks_177.npy,150,177
s0020_f_w001578,s0020,Yes,51,test,front,landmarks/s0020/Yes/s0020_f_w001578/landmarks.npy,landmarks/s0020/Yes/s0020_f_w001578/landmarks_177.npy,150,177
s0004_f_w000373,s0004,Yesterday,52,test,front,landmarks/s0004/Yesterday/s0004_f_w000373/landmarks.npy,landmarks/s0004/Yesterday/s0004_f_w000373/landmarks_177.npy,180,177
s0006_f_w000373,s0006,Yesterday,52,test,front,landmarks/s0006/Yesterday/s0006_f_w000373/landmarks.npy,landmarks/s0006/Yesterday/s0006_f_w000373/landmarks_177.npy,180,177
s0010_f_w000373,s0010,Yesterday,52,test,front,landmarks/s0010/Yesterday/s0010_f_w000373/landmarks.npy,landmarks/s0010/Yesterday/s0010_f_w000373/landmarks_177.npy,180,177
s0014_f_w000373,s0014,Yesterday,52,test,front,landmarks/s0014/Yesterday/s0014_f_w000373/landmarks.npy,landmarks/s0014/Yesterday/s0014_f_w000373/landmarks_177.npy,150,177
s0016_f_w000373,s0016,Yesterday,52,test,front,landmarks/s0016/Yesterday/s0016_f_w000373/landmarks.npy,landmarks/s0016/Yesterday/s0016_f_w000373/landmarks_177.npy,150,177
s0017_f_w000373,s0017,Yesterday,52,test,front,landmarks/s0017/Yesterday/s0017_f_w000373/landmarks.npy,landmarks/s0017/Yesterday/s0017_f_w000373/landmarks_177.npy,150,177
s0019_f_w000373,s0019,Yesterday,52,test,front,landmarks/s0019/Yesterday/s0019_f_w000373/landmarks.npy,landmarks/s0019/Yesterday/s0019_f_w000373/landmarks_177.npy,150,177
s0020_f_w000373,s0020,Yesterday,52,test,front,landmarks/s0020/Yesterday/s0020_f_w000373/landmarks.npy,landmarks/s0020/Yesterday/s0020_f_w000373/landmarks_177.npy,150,177
s0001_f_w000043,s0001,Angry,0,train,front,landmarks/s0001/Angry/s0001_f_w000043/landmarks.npy,landmarks/s0001/Angry/s0001_f_w000043/landmarks_177.npy,210,177
s0002_f_w000043,s0002,Angry,0,train,front,landmarks/s0002/Angry/s0002_f_w000043/landmarks.npy,landmarks/s0002/Angry/s0002_f_w000043/landmarks_177.npy,180,177
s0005_f_w000043,s0005,Angry,0,train,front,landmarks/s0005/Angry/s0005_f_w000043/landmarks.npy,landmarks/s0005/Angry/s0005_f_w000043/landmarks_177.npy,240,177
s0007_f_w000043,s0007,Angry,0,train,front,landmarks/s0007/Angry/s0007_f_w000043/landmarks.npy,landmarks/s0007/Angry/s0007_f_w000043/landmarks_177.npy,210,177
s0008_f_w000043,s0008,Angry,0,train,front,landmarks/s0008/Angry/s0008_f_w000043/landmarks.npy,landmarks/s0008/Angry/s0008_f_w000043/landmarks_177.npy,180,177
s0009_f_w000043,s0009,Angry,0,train,front,landmarks/s0009/Angry/s0009_f_w000043/landmarks.npy,landmarks/s0009/Angry/s0009_f_w000043/landmarks_177.npy,180,177
s0011_f_w000043,s0011,Angry,0,train,front,landmarks/s0011/Angry/s0011_f_w000043/landmarks.npy,landmarks/s0011/Angry/s0011_f_w000043/landmarks_177.npy,180,177
s0012_f_w000043,s0012,Angry,0,train,front,landmarks/s0012/Angry/s0012_f_w000043/landmarks.npy,landmarks/s0012/Angry/s0012_f_w000043/landmarks_177.npy,180,177
s0013_f_w000043,s0013,Angry,0,train,front,landmarks/s0013/Angry/s0013_f_w000043/landmarks.npy,landmarks/s0013/Angry/s0013_f_w000043/landmarks_177.npy,180,177
s0018_f_w000043,s0018,Angry,0,train,front,landmarks/s0018/Angry/s0018_f_w000043/landmarks.npy,landmarks/s0018/Angry/s0018_f_w000043/landmarks_177.npy,210,177
s0001_f_w001572,s0001,Bag,1,train,front,landmarks/s0001/Bag/s0001_f_w001572/landmarks.npy,landmarks/s0001/Bag/s0001_f_w001572/landmarks_177.npy,180,177
s0002_f_w001572,s0002,Bag,1,train,front,landmarks/s0002/Bag/s0002_f_w001572/landmarks.npy,landmarks/s0002/Bag/s0002_f_w001572/landmarks_177.npy,210,177
s0005_f_w001572,s0005,Bag,1,train,front,landmarks/s0005/Bag/s0005_f_w001572/landmarks.npy,landmarks/s0005/Bag/s0005_f_w001572/landmarks_177.npy,180,177
s0007_f_w001572,s0007,Bag,1,train,front,landmarks/s0007/Bag/s0007_f_w001572/landmarks.npy,landmarks/s0007/Bag/s0007_f_w001572/landmarks_177.npy,180,177
s0008_f_w001572,s0008,Bag,1,train,front,landmarks/s0008/Bag/s0008_f_w001572/landmarks.npy,landmarks/s0008/Bag/s0008_f_w001572/landmarks_177.npy,180,177
s0009_f_w001572,s0009,Bag,1,train,front,landmarks/s0009/Bag/s0009_f_w001572/landmarks.npy,landmarks/s0009/Bag/s0009_f_w001572/landmarks_177.npy,180,177
s0011_f_w001572,s0011,Bag,1,train,front,landmarks/s0011/Bag/s0011_f_w001572/landmarks.npy,landmarks/s0011/Bag/s0011_f_w001572/landmarks_177.npy,150,177
s0012_f_w001572,s0012,Bag,1,train,front,landmarks/s0012/Bag/s0012_f_w001572/landmarks.npy,landmarks/s0012/Bag/s0012_f_w001572/landmarks_177.npy,150,177
s0013_f_w001572,s0013,Bag,1,train,front,landmarks/s0013/Bag/s0013_f_w001572/landmarks.npy,landmarks/s0013/Bag/s0013_f_w001572/landmarks_177.npy,150,177
s0018_f_w001572,s0018,Bag,1,train,front,landmarks/s0018/Bag/s0018_f_w001572/landmarks.npy,landmarks/s0018/Bag/s0018_f_w001572/landmarks_177.npy,150,177
s0001_f_w000125,s0001,Bathroom,2,train,front,landmarks/s0001/Bathroom/s0001_f_w000125/landmarks.npy,landmarks/s0001/Bathroom/s0001_f_w000125/landmarks_177.npy,270,177
s0002_f_w000125,s0002,Bathroom,2,train,front,landmarks/s0002/Bathroom/s0002_f_w000125/landmarks.npy,landmarks/s0002/Bathroom/s0002_f_w000125/landmarks_177.npy,270,177
s0005_f_w000125,s0005,Bathroom,2,train,front,landmarks/s0005/Bathroom/s0005_f_w000125/landmarks.npy,landmarks/s0005/Bathroom/s0005_f_w000125/landmarks_177.npy,240,177
s0007_f_w000125,s0007,Bathroom,2,train,front,landmarks/s0007/Bathroom/s0007_f_w000125/landmarks.npy,landmarks/s0007/Bathroom/s0007_f_w000125/landmarks_177.npy,270,177
s0008_f_w000125,s0008,Bathroom,2,train,front,landmarks/s0008/Bathroom/s0008_f_w000125/landmarks.npy,landmarks/s0008/Bathroom/s0008_f_w000125/landmarks_177.npy,240,177
s0009_f_w000125,s0009,Bathroom,2,train,front,landmarks/s0009/Bathroom/s0009_f_w000125/landmarks.npy,landmarks/s0009/Bathroom/s0009_f_w000125/landmarks_177.npy,240,177
s0011_f_w000125,s0011,Bathroom,2,train,front,landmarks/s0011/Bathroom/s0011_f_w000125/landmarks.npy,landmarks/s0011/Bathroom/s0011_f_w000125/landmarks_177.npy,240,177
s0012_f_w000125,s0012,Bathroom,2,train,front,landmarks/s0012/Bathroom/s0012_f_w000125/landmarks.npy,landmarks/s0012/Bathroom/s0012_f_w000125/landmarks_177.npy,210,177
s0013_f_w000125,s0013,Bathroom,2,train,front,landmarks/s0013/Bathroom/s0013_f_w000125/landmarks.npy,landmarks/s0013/Bathroom/s0013_f_w000125/landmarks_177.npy,240,177
s0018_f_w000125,s0018,Bathroom,2,train,front,landmarks/s0018/Bathroom/s0018_f_w000125/landmarks.npy,landmarks/s0018/Bathroom/s0018_f_w000125/landmarks_177.npy,240,177
s0001_f_w000430,s0001,Book,3,train,front,landmarks/s0001/Book/s0001_f_w000430/landmarks.npy,landmarks/s0001/Book/s0001_f_w000430/landmarks_177.npy,150,177
s0002_f_w000430,s0002,Book,3,train,front,landmarks/s0002/Book/s0002_f_w000430/landmarks.npy,landmarks/s0002/Book/s0002_f_w000430/landmarks_177.npy,180,177
s0005_f_w000430,s0005,Book,3,train,front,landmarks/s0005/Book/s0005_f_w000430/landmarks.npy,landmarks/s0005/Book/s0005_f_w000430/landmarks_177.npy,210,177
s0007_f_w000430,s0007,Book,3,train,front,landmarks/s0007/Book/s0007_f_w000430/landmarks.npy,landmarks/s0007/Book/s0007_f_w000430/landmarks_177.npy,210,177
s0008_f_w000430,s0008,Book,3,train,front,landmarks/s0008/Book/s0008_f_w000430/landmarks.npy,landmarks/s0008/Book/s0008_f_w000430/landmarks_177.npy,210,177
s0009_f_w000430,s0009,Book,3,train,front,landmarks/s0009/Book/s0009_f_w000430/landmarks.npy,landmarks/s0009/Book/s0009_f_w000430/landmarks_177.npy,150,177
s0011_f_w000430,s0011,Book,3,train,front,landmarks/s0011/Book/s0011_f_w000430/landmarks.npy,landmarks/s0011/Book/s0011_f_w000430/landmarks_177.npy,150,177
s0012_f_w000430,s0012,Book,3,train,front,landmarks/s0012/Book/s0012_f_w000430/landmarks.npy,landmarks/s0012/Book/s0012_f_w000430/landmarks_177.npy,180,177
s0013_f_w000430,s0013,Book,3,train,front,landmarks/s0013/Book/s0013_f_w000430/landmarks.npy,landmarks/s0013/Book/s0013_f_w000430/landmarks_177.npy,180,177
s0018_f_w000430,s0018,Book,3,train,front,landmarks/s0018/Book/s0018_f_w000430/landmarks.npy,landmarks/s0018/Book/s0018_f_w000430/landmarks_177.npy,180,177
s0001_f_w000005,s0001,Brother,4,train,front,landmarks/s0001/Brother/s0001_f_w000005/landmarks.npy,landmarks/s0001/Brother/s0001_f_w000005/landmarks_177.npy,210,177
s0002_f_w000005,s0002,Brother,4,train,front,landmarks/s0002/Brother/s0002_f_w000005/landmarks.npy,landmarks/s0002/Brother/s0002_f_w000005/landmarks_177.npy,210,177
s0005_f_w000005,s0005,Brother,4,train,front,landmarks/s0005/Brother/s0005_f_w000005/landmarks.npy,landmarks/s0005/Brother/s0005_f_w000005/landmarks_177.npy,180,177
s0007_f_w000005,s0007,Brother,4,train,front,landmarks/s0007/Brother/s0007_f_w000005/landmarks.npy,landmarks/s0007/Brother/s0007_f_w000005/landmarks_177.npy,180,177
s0008_f_w000005,s0008,Brother,4,train,front,landmarks/s0008/Brother/s0008_f_w000005/landmarks.npy,landmarks/s0008/Brother/s0008_f_w000005/landmarks_177.npy,210,177
s0009_f_w000005,s0009,Brother,4,train,front,landmarks/s0009/Brother/s0009_f_w000005/landmarks.npy,landmarks/s0009/Brother/s0009_f_w000005/landmarks_177.npy,180,177
s0011_f_w000005,s0011,Brother,4,train,front,landmarks/s0011/Brother/s0011_f_w000005/landmarks.npy,landmarks/s0011/Brother/s0011_f_w000005/landmarks_177.npy,210,177
s0012_f_w000005,s0012,Brother,4,train,front,landmarks/s0012/Brother/s0012_f_w000005/landmarks.npy,landmarks/s0012/Brother/s0012_f_w000005/landmarks_177.npy,210,177
s0013_f_w000005,s0013,Brother,4,train,front,landmarks/s0013/Brother/s0013_f_w000005/landmarks.npy,landmarks/s0013/Brother/s0013_f_w000005/landmarks_177.npy,210,177
s0018_f_w000005,s0018,Brother,4,train,front,landmarks/s0018/Brother/s0018_f_w000005/landmarks.npy,landmarks/s0018/Brother/s0018_f_w000005/landmarks_177.npy,210,177
s0001_f_w001133,s0001,Come,5,train,front,landmarks/s0001/Come/s0001_f_w001133/landmarks.npy,landmarks/s0001/Come/s0001_f_w001133/landmarks_177.npy,180,177
s0002_f_w001133,s0002,Come,5,train,front,landmarks/s0002/Come/s0002_f_w001133/landmarks.npy,landmarks/s0002/Come/s0002_f_w001133/landmarks_177.npy,180,177
s0005_f_w001133,s0005,Come,5,train,front,landmarks/s0005/Come/s0005_f_w001133/landmarks.npy,landmarks/s0005/Come/s0005_f_w001133/landmarks_177.npy,150,177
s0007_f_w001133,s0007,Come,5,train,front,landmarks/s0007/Come/s0007_f_w001133/landmarks.npy,landmarks/s0007/Come/s0007_f_w001133/landmarks_177.npy,150,177
s0008_f_w001133,s0008,Come,5,train,front,landmarks/s0008/Come/s0008_f_w001133/landmarks.npy,landmarks/s0008/Come/s0008_f_w001133/landmarks_177.npy,210,177
s0009_f_w001133,s0009,Come,5,train,front,landmarks/s0009/Come/s0009_f_w001133/landmarks.npy,landmarks/s0009/Come/s0009_f_w001133/landmarks_177.npy,180,177
s0011_f_w001133,s0011,Come,5,train,front,landmarks/s0011/Come/s0011_f_w001133/landmarks.npy,landmarks/s0011/Come/s0011_f_w001133/landmarks_177.npy,120,177
s0012_f_w001133,s0012,Come,5,train,front,landmarks/s0012/Come/s0012_f_w001133/landmarks.npy,landmarks/s0012/Come/s0012_f_w001133/landmarks_177.npy,150,177
s0013_f_w001133,s0013,Come,5,train,front,landmarks/s0013/Come/s0013_f_w001133/landmarks.npy,landmarks/s0013/Come/s0013_f_w001133/landmarks_177.npy,120,177
s0018_f_w001133,s0018,Come,5,train,front,landmarks/s0018/Come/s0018_f_w001133/landmarks.npy,landmarks/s0018/Come/s0018_f_w001133/landmarks_177.npy,150,177
s0001_f_w001018,s0001,Down,6,train,front,landmarks/s0001/Down/s0001_f_w001018/landmarks.npy,landmarks/s0001/Down/s0001_f_w001018/landmarks_177.npy,150,177
s0002_f_w001018,s0002,Down,6,train,front,landmarks/s0002/Down/s0002_f_w001018/landmarks.npy,landmarks/s0002/Down/s0002_f_w001018/landmarks_177.npy,210,177
s0005_f_w001018,s0005,Down,6,train,front,landmarks/s0005/Down/s0005_f_w001018/landmarks.npy,landmarks/s0005/Down/s0005_f_w001018/landmarks_177.npy,210,177
s0007_f_w001018,s0007,Down,6,train,front,landmarks/s0007/Down/s0007_f_w001018/landmarks.npy,landmarks/s0007/Down/s0007_f_w001018/landmarks_177.npy,180,177
s0008_f_w001018,s0008,Down,6,train,front,landmarks/s0008/Down/s0008_f_w001018/landmarks.npy,landmarks/s0008/Down/s0008_f_w001018/landmarks_177.npy,180,177
s0009_f_w001018,s0009,Down,6,train,front,landmarks/s0009/Down/s0009_f_w001018/landmarks.npy,landmarks/s0009/Down/s0009_f_w001018/landmarks_177.npy,180,177
s0011_f_w001018,s0011,Down,6,train,front,landmarks/s0011/Down/s0011_f_w001018/landmarks.npy,landmarks/s0011/Down/s0011_f_w001018/landmarks_177.npy,120,177
s0012_f_w001018,s0012,Down,6,train,front,landmarks/s0012/Down/s0012_f_w001018/landmarks.npy,landmarks/s0012/Down/s0012_f_w001018/landmarks_177.npy,150,177
s0013_f_w001018,s0013,Down,6,train,front,landmarks/s0013/Down/s0013_f_w001018/landmarks.npy,landmarks/s0013/Down/s0013_f_w001018/landmarks_177.npy,150,177
s0018_f_w001018,s0018,Down,6,train,front,landmarks/s0018/Down/s0018_f_w001018/landmarks.npy,landmarks/s0018/Down/s0018_f_w001018/landmarks_177.npy,180,177
s0001_f_w001161,s0001,Drink,7,train,front,landmarks/s0001/Drink/s0001_f_w001161/landmarks.npy,landmarks/s0001/Drink/s0001_f_w001161/landmarks_177.npy,180,177
s0002_f_w001161,s0002,Drink,7,train,front,landmarks/s0002/Drink/s0002_f_w001161/landmarks.npy,landmarks/s0002/Drink/s0002_f_w001161/landmarks_177.npy,210,177
s0005_f_w001161,s0005,Drink,7,train,front,landmarks/s0005/Drink/s0005_f_w001161/landmarks.npy,landmarks/s0005/Drink/s0005_f_w001161/landmarks_177.npy,210,177
s0007_f_w001161,s0007,Drink,7,train,front,landmarks/s0007/Drink/s0007_f_w001161/landmarks.npy,landmarks/s0007/Drink/s0007_f_w001161/landmarks_177.npy,240,177
s0008_f_w001161,s0008,Drink,7,train,front,landmarks/s0008/Drink/s0008_f_w001161/landmarks.npy,landmarks/s0008/Drink/s0008_f_w001161/landmarks_177.npy,180,177
s0009_f_w001161,s0009,Drink,7,train,front,landmarks/s0009/Drink/s0009_f_w001161/landmarks.npy,landmarks/s0009/Drink/s0009_f_w001161/landmarks_177.npy,180,177
s0011_f_w001161,s0011,Drink,7,train,front,landmarks/s0011/Drink/s0011_f_w001161/landmarks.npy,landmarks/s0011/Drink/s0011_f_w001161/landmarks_177.npy,180,177
s0012_f_w001161,s0012,Drink,7,train,front,landmarks/s0012/Drink/s0012_f_w001161/landmarks.npy,landmarks/s0012/Drink/s0012_f_w001161/landmarks_177.npy,180,177
s0013_f_w001161,s0013,Drink,7,train,front,landmarks/s0013/Drink/s0013_f_w001161/landmarks.npy,landmarks/s0013/Drink/s0013_f_w001161/landmarks_177.npy,180,177
s0018_f_w001161,s0018,Drink,7,train,front,landmarks/s0018/Drink/s0018_f_w001161/landmarks.npy,landmarks/s0018/Drink/s0018_f_w001161/landmarks_177.npy,180,177
s0001_f_w001635,s0001,Eat [VEB]/Food,8,train,front,landmarks/s0001/Eat [VEB]_Food/s0001_f_w001635/landmarks.npy,landmarks/s0001/Eat [VEB]_Food/s0001_f_w001635/landmarks_177.npy,150,177
s0002_f_w001635,s0002,Eat [VEB]/Food,8,train,front,landmarks/s0002/Eat [VEB]_Food/s0002_f_w001635/landmarks.npy,landmarks/s0002/Eat [VEB]_Food/s0002_f_w001635/landmarks_177.npy,180,177
s0005_f_w001635,s0005,Eat [VEB]/Food,8,train,front,landmarks/s0005/Eat [VEB]_Food/s0005_f_w001635/landmarks.npy,landmarks/s0005/Eat [VEB]_Food/s0005_f_w001635/landmarks_177.npy,180,177
s0007_f_w001635,s0007,Eat [VEB]/Food,8,train,front,landmarks/s0007/Eat [VEB]_Food/s0007_f_w001635/landmarks.npy,landmarks/s0007/Eat [VEB]_Food/s0007_f_w001635/landmarks_177.npy,180,177
s0008_f_w001635,s0008,Eat [VEB]/Food,8,train,front,landmarks/s0008/Eat [VEB]_Food/s0008_f_w001635/landmarks.npy,landmarks/s0008/Eat [VEB]_Food/s0008_f_w001635/landmarks_177.npy,150,177
s0009_f_w001635,s0009,Eat [VEB]/Food,8,train,front,landmarks/s0009/Eat [VEB]_Food/s0009_f_w001635/landmarks.npy,landmarks/s0009/Eat [VEB]_Food/s0009_f_w001635/landmarks_177.npy,150,177
s0011_f_w001635,s0011,Eat [VEB]/Food,8,train,front,landmarks/s0011/Eat [VEB]_Food/s0011_f_w001635/landmarks.npy,landmarks/s0011/Eat [VEB]_Food/s0011_f_w001635/landmarks_177.npy,120,177
s0012_f_w001635,s0012,Eat [VEB]/Food,8,train,front,landmarks/s0012/Eat [VEB]_Food/s0012_f_w001635/landmarks.npy,landmarks/s0012/Eat [VEB]_Food/s0012_f_w001635/landmarks_177.npy,150,177
s0013_f_w001635,s0013,Eat [VEB]/Food,8,train,front,landmarks/s0013/Eat [VEB]_Food/s0013_f_w001635/landmarks.npy,landmarks/s0013/Eat [VEB]_Food/s0013_f_w001635/landmarks_177.npy,120,177
s0018_f_w001635,s0018,Eat [VEB]/Food,8,train,front,landmarks/s0018/Eat [VEB]_Food/s0018_f_w001635/landmarks.npy,landmarks/s0018/Eat [VEB]_Food/s0018_f_w001635/landmarks_177.npy,210,177
s0001_f_w000356,s0001,Evening,9,train,front,landmarks/s0001/Evening/s0001_f_w000356/landmarks.npy,landmarks/s0001/Evening/s0001_f_w000356/landmarks_177.npy,180,177
s0002_f_w000356,s0002,Evening,9,train,front,landmarks/s0002/Evening/s0002_f_w000356/landmarks.npy,landmarks/s0002/Evening/s0002_f_w000356/landmarks_177.npy,210,177
s0005_f_w000356,s0005,Evening,9,train,front,landmarks/s0005/Evening/s0005_f_w000356/landmarks.npy,landmarks/s0005/Evening/s0005_f_w000356/landmarks_177.npy,210,177
s0007_f_w000356,s0007,Evening,9,train,front,landmarks/s0007/Evening/s0007_f_w000356/landmarks.npy,landmarks/s0007/Evening/s0007_f_w000356/landmarks_177.npy,210,177
s0008_f_w000356,s0008,Evening,9,train,front,landmarks/s0008/Evening/s0008_f_w000356/landmarks.npy,landmarks/s0008/Evening/s0008_f_w000356/landmarks_177.npy,180,177
s0009_f_w000356,s0009,Evening,9,train,front,landmarks/s0009/Evening/s0009_f_w000356/landmarks.npy,landmarks/s0009/Evening/s0009_f_w000356/landmarks_177.npy,180,177
s0011_f_w000356,s0011,Evening,9,train,front,landmarks/s0011/Evening/s0011_f_w000356/landmarks.npy,landmarks/s0011/Evening/s0011_f_w000356/landmarks_177.npy,180,177
s0012_f_w000356,s0012,Evening,9,train,front,landmarks/s0012/Evening/s0012_f_w000356/landmarks.npy,landmarks/s0012/Evening/s0012_f_w000356/landmarks_177.npy,180,177
s0013_f_w000356,s0013,Evening,9,train,front,landmarks/s0013/Evening/s0013_f_w000356/landmarks.npy,landmarks/s0013/Evening/s0013_f_w000356/landmarks_177.npy,210,177
s0018_f_w000356,s0018,Evening,9,train,front,landmarks/s0018/Evening/s0018_f_w000356/landmarks.npy,landmarks/s0018/Evening/s0018_f_w000356/landmarks_177.npy,210,177
s0001_f_w000011,s0001,Family,10,train,front,landmarks/s0001/Family/s0001_f_w000011/landmarks.npy,landmarks/s0001/Family/s0001_f_w000011/landmarks_177.npy,210,177
s0002_f_w000011,s0002,Family,10,train,front,landmarks/s0002/Family/s0002_f_w000011/landmarks.npy,landmarks/s0002/Family/s0002_f_w000011/landmarks_177.npy,240,177
s0005_f_w000011,s0005,Family,10,train,front,landmarks/s0005/Family/s0005_f_w000011/landmarks.npy,landmarks/s0005/Family/s0005_f_w000011/landmarks_177.npy,210,177
s0007_f_w000011,s0007,Family,10,train,front,landmarks/s0007/Family/s0007_f_w000011/landmarks.npy,landmarks/s0007/Family/s0007_f_w000011/landmarks_177.npy,240,177
s0008_f_w000011,s0008,Family,10,train,front,landmarks/s0008/Family/s0008_f_w000011/landmarks.npy,landmarks/s0008/Family/s0008_f_w000011/landmarks_177.npy,240,177
s0009_f_w000011,s0009,Family,10,train,front,landmarks/s0009/Family/s0009_f_w000011/landmarks.npy,landmarks/s0009/Family/s0009_f_w000011/landmarks_177.npy,210,177
s0011_f_w000011,s0011,Family,10,train,front,landmarks/s0011/Family/s0011_f_w000011/landmarks.npy,landmarks/s0011/Family/s0011_f_w000011/landmarks_177.npy,210,177
s0012_f_w000011,s0012,Family,10,train,front,landmarks/s0012/Family/s0012_f_w000011/landmarks.npy,landmarks/s0012/Family/s0012_f_w000011/landmarks_177.npy,240,177
s0013_f_w000011,s0013,Family,10,train,front,landmarks/s0013/Family/s0013_f_w000011/landmarks.npy,landmarks/s0013/Family/s0013_f_w000011/landmarks_177.npy,270,177
s0018_f_w000011,s0018,Family,10,train,front,landmarks/s0018/Family/s0018_f_w000011/landmarks.npy,landmarks/s0018/Family/s0018_f_w000011/landmarks_177.npy,210,177
s0001_f_w001019,s0001,Far,11,train,front,landmarks/s0001/Far/s0001_f_w001019/landmarks.npy,landmarks/s0001/Far/s0001_f_w001019/landmarks_177.npy,180,177
s0002_f_w001019,s0002,Far,11,train,front,landmarks/s0002/Far/s0002_f_w001019/landmarks.npy,landmarks/s0002/Far/s0002_f_w001019/landmarks_177.npy,180,177
s0005_f_w001019,s0005,Far,11,train,front,landmarks/s0005/Far/s0005_f_w001019/landmarks.npy,landmarks/s0005/Far/s0005_f_w001019/landmarks_177.npy,240,177
s0007_f_w001019,s0007,Far,11,train,front,landmarks/s0007/Far/s0007_f_w001019/landmarks.npy,landmarks/s0007/Far/s0007_f_w001019/landmarks_177.npy,210,177
s0008_f_w001019,s0008,Far,11,train,front,landmarks/s0008/Far/s0008_f_w001019/landmarks.npy,landmarks/s0008/Far/s0008_f_w001019/landmarks_177.npy,180,177
s0009_f_w001019,s0009,Far,11,train,front,landmarks/s0009/Far/s0009_f_w001019/landmarks.npy,landmarks/s0009/Far/s0009_f_w001019/landmarks_177.npy,210,177
s0011_f_w001019,s0011,Far,11,train,front,landmarks/s0011/Far/s0011_f_w001019/landmarks.npy,landmarks/s0011/Far/s0011_f_w001019/landmarks_177.npy,120,177
s0012_f_w001019,s0012,Far,11,train,front,landmarks/s0012/Far/s0012_f_w001019/landmarks.npy,landmarks/s0012/Far/s0012_f_w001019/landmarks_177.npy,150,177
s0013_f_w001019,s0013,Far,11,train,front,landmarks/s0013/Far/s0013_f_w001019/landmarks.npy,landmarks/s0013/Far/s0013_f_w001019/landmarks_177.npy,150,177
s0018_f_w001019,s0018,Far,11,train,front,landmarks/s0018/Far/s0018_f_w001019/landmarks.npy,landmarks/s0018/Far/s0018_f_w001019/landmarks_177.npy,180,177
s0001_f_w000012,s0001,Father,12,train,front,landmarks/s0001/Father/s0001_f_w000012/landmarks.npy,landmarks/s0001/Father/s0001_f_w000012/landmarks_177.npy,180,177
s0002_f_w000012,s0002,Father,12,train,front,landmarks/s0002/Father/s0002_f_w000012/landmarks.npy,landmarks/s0002/Father/s0002_f_w000012/landmarks_177.npy,180,177
s0005_f_w000012,s0005,Father,12,train,front,landmarks/s0005/Father/s0005_f_w000012/landmarks.npy,landmarks/s0005/Father/s0005_f_w000012/landmarks_177.npy,210,177
s0007_f_w000012,s0007,Father,12,train,front,landmarks/s0007/Father/s0007_f_w000012/landmarks.npy,landmarks/s0007/Father/s0007_f_w000012/landmarks_177.npy,180,177
s0008_f_w000012,s0008,Father,12,train,front,landmarks/s0008/Father/s0008_f_w000012/landmarks.npy,landmarks/s0008/Father/s0008_f_w000012/landmarks_177.npy,210,177
s0009_f_w000012,s0009,Father,12,train,front,landmarks/s0009/Father/s0009_f_w000012/landmarks.npy,landmarks/s0009/Father/s0009_f_w000012/landmarks_177.npy,180,177
s0011_f_w000012,s0011,Father,12,train,front,landmarks/s0011/Father/s0011_f_w000012/landmarks.npy,landmarks/s0011/Father/s0011_f_w000012/landmarks_177.npy,180,177
s0012_f_w000012,s0012,Father,12,train,front,landmarks/s0012/Father/s0012_f_w000012/landmarks.npy,landmarks/s0012/Father/s0012_f_w000012/landmarks_177.npy,180,177
s0013_f_w000012,s0013,Father,12,train,front,landmarks/s0013/Father/s0013_f_w000012/landmarks.npy,landmarks/s0013/Father/s0013_f_w000012/landmarks_177.npy,180,177
s0018_f_w000012,s0018,Father,12,train,front,landmarks/s0018/Father/s0018_f_w000012/landmarks.npy,landmarks/s0018/Father/s0018_f_w000012/landmarks_177.npy,210,177
s0001_f_w000014,s0001,Friend,13,train,front,landmarks/s0001/Friend/s0001_f_w000014/landmarks.npy,landmarks/s0001/Friend/s0001_f_w000014/landmarks_177.npy,180,177
s0002_f_w000014,s0002,Friend,13,train,front,landmarks/s0002/Friend/s0002_f_w000014/landmarks.npy,landmarks/s0002/Friend/s0002_f_w000014/landmarks_177.npy,210,177
s0005_f_w000014,s0005,Friend,13,train,front,landmarks/s0005/Friend/s0005_f_w000014/landmarks.npy,landmarks/s0005/Friend/s0005_f_w000014/landmarks_177.npy,210,177
s0007_f_w000014,s0007,Friend,13,train,front,landmarks/s0007/Friend/s0007_f_w000014/landmarks.npy,landmarks/s0007/Friend/s0007_f_w000014/landmarks_177.npy,180,177
s0008_f_w000014,s0008,Friend,13,train,front,landmarks/s0008/Friend/s0008_f_w000014/landmarks.npy,landmarks/s0008/Friend/s0008_f_w000014/landmarks_177.npy,150,177
s0009_f_w000014,s0009,Friend,13,train,front,landmarks/s0009/Friend/s0009_f_w000014/landmarks.npy,landmarks/s0009/Friend/s0009_f_w000014/landmarks_177.npy,180,177
s0011_f_w000014,s0011,Friend,13,train,front,landmarks/s0011/Friend/s0011_f_w000014/landmarks.npy,landmarks/s0011/Friend/s0011_f_w000014/landmarks_177.npy,150,177
s0012_f_w000014,s0012,Friend,13,train,front,landmarks/s0012/Friend/s0012_f_w000014/landmarks.npy,landmarks/s0012/Friend/s0012_f_w000014/landmarks_177.npy,150,177
s0013_f_w000014,s0013,Friend,13,train,front,landmarks/s0013/Friend/s0013_f_w000014/landmarks.npy,landmarks/s0013/Friend/s0013_f_w000014/landmarks_177.npy,210,177
s0018_f_w000014,s0018,Friend,13,train,front,landmarks/s0018/Friend/s0018_f_w000014/landmarks.npy,landmarks/s0018/Friend/s0018_f_w000014/landmarks_177.npy,210,177
s0001_f_w001185,s0001,Go,14,train,front,landmarks/s0001/Go/s0001_f_w001185/landmarks.npy,landmarks/s0001/Go/s0001_f_w001185/landmarks_177.npy,180,177
s0002_f_w001185,s0002,Go,14,train,front,landmarks/s0002/Go/s0002_f_w001185/landmarks.npy,landmarks/s0002/Go/s0002_f_w001185/landmarks_177.npy,210,177
s0005_f_w001185,s0005,Go,14,train,front,landmarks/s0005/Go/s0005_f_w001185/landmarks.npy,landmarks/s0005/Go/s0005_f_w001185/landmarks_177.npy,180,177
s0007_f_w001185,s0007,Go,14,train,front,landmarks/s0007/Go/s0007_f_w001185/landmarks.npy,landmarks/s0007/Go/s0007_f_w001185/landmarks_177.npy,180,177
s0008_f_w001185,s0008,Go,14,train,front,landmarks/s0008/Go/s0008_f_w001185/landmarks.npy,landmarks/s0008/Go/s0008_f_w001185/landmarks_177.npy,180,177
s0009_f_w001185,s0009,Go,14,train,front,landmarks/s0009/Go/s0009_f_w001185/landmarks.npy,landmarks/s0009/Go/s0009_f_w001185/landmarks_177.npy,180,177
s0011_f_w001185,s0011,Go,14,train,front,landmarks/s0011/Go/s0011_f_w001185/landmarks.npy,landmarks/s0011/Go/s0011_f_w001185/landmarks_177.npy,150,177
s0012_f_w001185,s0012,Go,14,train,front,landmarks/s0012/Go/s0012_f_w001185/landmarks.npy,landmarks/s0012/Go/s0012_f_w001185/landmarks_177.npy,180,177
s0013_f_w001185,s0013,Go,14,train,front,landmarks/s0013/Go/s0013_f_w001185/landmarks.npy,landmarks/s0013/Go/s0013_f_w001185/landmarks_177.npy,150,177
s0018_f_w001185,s0018,Go,14,train,front,landmarks/s0018/Go/s0018_f_w001185/landmarks.npy,landmarks/s0018/Go/s0018_f_w001185/landmarks_177.npy,150,177
s0001_f_w000054,s0001,Good,15,train,front,landmarks/s0001/Good/s0001_f_w000054/landmarks.npy,landmarks/s0001/Good/s0001_f_w000054/landmarks_177.npy,180,177
s0002_f_w000054,s0002,Good,15,train,front,landmarks/s0002/Good/s0002_f_w000054/landmarks.npy,landmarks/s0002/Good/s0002_f_w000054/landmarks_177.npy,210,177
s0005_f_w000054,s0005,Good,15,train,front,landmarks/s0005/Good/s0005_f_w000054/landmarks.npy,landmarks/s0005/Good/s0005_f_w000054/landmarks_177.npy,180,177
s0007_f_w000054,s0007,Good,15,train,front,landmarks/s0007/Good/s0007_f_w000054/landmarks.npy,landmarks/s0007/Good/s0007_f_w000054/landmarks_177.npy,210,177
s0008_f_w000054,s0008,Good,15,train,front,landmarks/s0008/Good/s0008_f_w000054/landmarks.npy,landmarks/s0008/Good/s0008_f_w000054/landmarks_177.npy,180,177
s0009_f_w000054,s0009,Good,15,train,front,landmarks/s0009/Good/s0009_f_w000054/landmarks.npy,landmarks/s0009/Good/s0009_f_w000054/landmarks_177.npy,180,177
s0011_f_w000054,s0011,Good,15,train,front,landmarks/s0011/Good/s0011_f_w000054/landmarks.npy,landmarks/s0011/Good/s0011_f_w000054/landmarks_177.npy,180,177
s0012_f_w000054,s0012,Good,15,train,front,landmarks/s0012/Good/s0012_f_w000054/landmarks.npy,landmarks/s0012/Good/s0012_f_w000054/landmarks_177.npy,150,177
s0013_f_w000054,s0013,Good,15,train,front,landmarks/s0013/Good/s0013_f_w000054/landmarks.npy,landmarks/s0013/Good/s0013_f_w000054/landmarks_177.npy,180,177
s0018_f_w000054,s0018,Good,15,train,front,landmarks/s0018/Good/s0018_f_w000054/landmarks.npy,landmarks/s0018/Good/s0018_f_w000054/landmarks_177.npy,210,177
s0001_f_w000045,s0001,Bad,16,train,front,landmarks/s0001/Bad/s0001_f_w000045/landmarks.npy,landmarks/s0001/Bad/s0001_f_w000045/landmarks_177.npy,180,177
s0002_f_w000045,s0002,Bad,16,train,front,landmarks/s0002/Bad/s0002_f_w000045/landmarks.npy,landmarks/s0002/Bad/s0002_f_w000045/landmarks_177.npy,180,177
s0005_f_w000045,s0005,Bad,16,train,front,landmarks/s0005/Bad/s0005_f_w000045/landmarks.npy,landmarks/s0005/Bad/s0005_f_w000045/landmarks_177.npy,240,177
s0007_f_w000045,s0007,Bad,16,train,front,landmarks/s0007/Bad/s0007_f_w000045/landmarks.npy,landmarks/s0007/Bad/s0007_f_w000045/landmarks_177.npy,180,177
s0008_f_w000045,s0008,Bad,16,train,front,landmarks/s0008/Bad/s0008_f_w000045/landmarks.npy,landmarks/s0008/Bad/s0008_f_w000045/landmarks_177.npy,120,177
s0009_f_w000045,s0009,Bad,16,train,front,landmarks/s0009/Bad/s0009_f_w000045/landmarks.npy,landmarks/s0009/Bad/s0009_f_w000045/landmarks_177.npy,180,177
s0011_f_w000045,s0011,Bad,16,train,front,landmarks/s0011/Bad/s0011_f_w000045/landmarks.npy,landmarks/s0011/Bad/s0011_f_w000045/landmarks_177.npy,150,177
s0012_f_w000045,s0012,Bad,16,train,front,landmarks/s0012/Bad/s0012_f_w000045/landmarks.npy,landmarks/s0012/Bad/s0012_f_w000045/landmarks_177.npy,150,177
s0013_f_w000045,s0013,Bad,16,train,front,landmarks/s0013/Bad/s0013_f_w000045/landmarks.npy,landmarks/s0013/Bad/s0013_f_w000045/landmarks_177.npy,180,177
s0018_f_w000045,s0018,Bad,16,train,front,landmarks/s0018/Bad/s0018_f_w000045/landmarks.npy,landmarks/s0018/Bad/s0018_f_w000045/landmarks_177.npy,180,177
s0001_f_w001370,s0001,Happy,17,train,front,landmarks/s0001/Happy/s0001_f_w001370/landmarks.npy,landmarks/s0001/Happy/s0001_f_w001370/landmarks_177.npy,180,177
s0002_f_w001370,s0002,Happy,17,train,front,landmarks/s0002/Happy/s0002_f_w001370/landmarks.npy,landmarks/s0002/Happy/s0002_f_w001370/landmarks_177.npy,210,177
s0005_f_w001370,s0005,Happy,17,train,front,landmarks/s0005/Happy/s0005_f_w001370/landmarks.npy,landmarks/s0005/Happy/s0005_f_w001370/landmarks_177.npy,180,177
s0007_f_w001370,s0007,Happy,17,train,front,landmarks/s0007/Happy/s0007_f_w001370/landmarks.npy,landmarks/s0007/Happy/s0007_f_w001370/landmarks_177.npy,210,177
s0008_f_w001370,s0008,Happy,17,train,front,landmarks/s0008/Happy/s0008_f_w001370/landmarks.npy,landmarks/s0008/Happy/s0008_f_w001370/landmarks_177.npy,150,177
s0009_f_w001370,s0009,Happy,17,train,front,landmarks/s0009/Happy/s0009_f_w001370/landmarks.npy,landmarks/s0009/Happy/s0009_f_w001370/landmarks_177.npy,150,177
s0011_f_w001370,s0011,Happy,17,train,front,landmarks/s0011/Happy/s0011_f_w001370/landmarks.npy,landmarks/s0011/Happy/s0011_f_w001370/landmarks_177.npy,120,177
s0012_f_w001370,s0012,Happy,17,train,front,landmarks/s0012/Happy/s0012_f_w001370/landmarks.npy,landmarks/s0012/Happy/s0012_f_w001370/landmarks_177.npy,150,177
s0013_f_w001370,s0013,Happy,17,train,front,landmarks/s0013/Happy/s0013_f_w001370/landmarks.npy,landmarks/s0013/Happy/s0013_f_w001370/landmarks_177.npy,150,177
s0018_f_w001370,s0018,Happy,17,train,front,landmarks/s0018/Happy/s0018_f_w001370/landmarks.npy,landmarks/s0018/Happy/s0018_f_w001370/landmarks_177.npy,180,177
s0001_f_w001590,s0001,Hello,18,train,front,landmarks/s0001/Hello/s0001_f_w001590/landmarks.npy,landmarks/s0001/Hello/s0001_f_w001590/landmarks_177.npy,180,177
s0002_f_w001590,s0002,Hello,18,train,front,landmarks/s0002/Hello/s0002_f_w001590/landmarks.npy,landmarks/s0002/Hello/s0002_f_w001590/landmarks_177.npy,180,177
s0005_f_w001590,s0005,Hello,18,train,front,landmarks/s0005/Hello/s0005_f_w001590/landmarks.npy,landmarks/s0005/Hello/s0005_f_w001590/landmarks_177.npy,180,177
s0007_f_w001590,s0007,Hello,18,train,front,landmarks/s0007/Hello/s0007_f_w001590/landmarks.npy,landmarks/s0007/Hello/s0007_f_w001590/landmarks_177.npy,210,177
s0008_f_w001590,s0008,Hello,18,train,front,landmarks/s0008/Hello/s0008_f_w001590/landmarks.npy,landmarks/s0008/Hello/s0008_f_w001590/landmarks_177.npy,180,177
s0009_f_w001590,s0009,Hello,18,train,front,landmarks/s0009/Hello/s0009_f_w001590/landmarks.npy,landmarks/s0009/Hello/s0009_f_w001590/landmarks_177.npy,180,177
s0011_f_w001590,s0011,Hello,18,train,front,landmarks/s0011/Hello/s0011_f_w001590/landmarks.npy,landmarks/s0011/Hello/s0011_f_w001590/landmarks_177.npy,120,177
s0012_f_w001590,s0012,Hello,18,train,front,landmarks/s0012/Hello/s0012_f_w001590/landmarks.npy,landmarks/s0012/Hello/s0012_f_w001590/landmarks_177.npy,150,177
s0013_f_w001590,s0013,Hello,18,train,front,landmarks/s0013/Hello/s0013_f_w001590/landmarks.npy,landmarks/s0013/Hello/s0013_f_w001590/landmarks_177.npy,120,177
s0018_f_w001590,s0018,Hello,18,train,front,landmarks/s0018/Hello/s0018_f_w001590/landmarks.npy,landmarks/s0018/Hello/s0018_f_w001590/landmarks_177.npy,180,177
s0001_f_w000056,s0001,Help [VEB],19,train,front,landmarks/s0001/Help [VEB]/s0001_f_w000056/landmarks.npy,landmarks/s0001/Help [VEB]/s0001_f_w000056/landmarks_177.npy,210,177
s0002_f_w000056,s0002,Help [VEB],19,train,front,landmarks/s0002/Help [VEB]/s0002_f_w000056/landmarks.npy,landmarks/s0002/Help [VEB]/s0002_f_w000056/landmarks_177.npy,240,177
s0005_f_w000056,s0005,Help [VEB],19,train,front,landmarks/s0005/Help [VEB]/s0005_f_w000056/landmarks.npy,landmarks/s0005/Help [VEB]/s0005_f_w000056/landmarks_177.npy,210,177
s0007_f_w000056,s0007,Help [VEB],19,train,front,landmarks/s0007/Help [VEB]/s0007_f_w000056/landmarks.npy,landmarks/s0007/Help [VEB]/s0007_f_w000056/landmarks_177.npy,210,177
s0008_f_w000056,s0008,Help [VEB],19,train,front,landmarks/s0008/Help [VEB]/s0008_f_w000056/landmarks.npy,landmarks/s0008/Help [VEB]/s0008_f_w000056/landmarks_177.npy,150,177
s0009_f_w000056,s0009,Help [VEB],19,train,front,landmarks/s0009/Help [VEB]/s0009_f_w000056/landmarks.npy,landmarks/s0009/Help [VEB]/s0009_f_w000056/landmarks_177.npy,180,177
s0011_f_w000056,s0011,Help [VEB],19,train,front,landmarks/s0011/Help [VEB]/s0011_f_w000056/landmarks.npy,landmarks/s0011/Help [VEB]/s0011_f_w000056/landmarks_177.npy,150,177
s0012_f_w000056,s0012,Help [VEB],19,train,front,landmarks/s0012/Help [VEB]/s0012_f_w000056/landmarks.npy,landmarks/s0012/Help [VEB]/s0012_f_w000056/landmarks_177.npy,180,177
s0013_f_w000056,s0013,Help [VEB],19,train,front,landmarks/s0013/Help [VEB]/s0013_f_w000056/landmarks.npy,landmarks/s0013/Help [VEB]/s0013_f_w000056/landmarks_177.npy,180,177
s0018_f_w000056,s0018,Help [VEB],19,train,front,landmarks/s0018/Help [VEB]/s0018_f_w000056/landmarks.npy,landmarks/s0018/Help [VEB]/s0018_f_w000056/landmarks_177.npy,240,177
s0001_f_w001638,s0001,Home/House,20,train,front,landmarks/s0001/Home_House/s0001_f_w001638/landmarks.npy,landmarks/s0001/Home_House/s0001_f_w001638/landmarks_177.npy,180,177
s0002_f_w001638,s0002,Home/House,20,train,front,landmarks/s0002/Home_House/s0002_f_w001638/landmarks.npy,landmarks/s0002/Home_House/s0002_f_w001638/landmarks_177.npy,180,177
s0005_f_w001638,s0005,Home/House,20,train,front,landmarks/s0005/Home_House/s0005_f_w001638/landmarks.npy,landmarks/s0005/Home_House/s0005_f_w001638/landmarks_177.npy,180,177
s0007_f_w001638,s0007,Home/House,20,train,front,landmarks/s0007/Home_House/s0007_f_w001638/landmarks.npy,landmarks/s0007/Home_House/s0007_f_w001638/landmarks_177.npy,210,177
s0008_f_w001638,s0008,Home/House,20,train,front,landmarks/s0008/Home_House/s0008_f_w001638/landmarks.npy,landmarks/s0008/Home_House/s0008_f_w001638/landmarks_177.npy,180,177
s0009_f_w001638,s0009,Home/House,20,train,front,landmarks/s0009/Home_House/s0009_f_w001638/landmarks.npy,landmarks/s0009/Home_House/s0009_f_w001638/landmarks_177.npy,180,177
s0011_f_w001638,s0011,Home/House,20,train,front,landmarks/s0011/Home_House/s0011_f_w001638/landmarks.npy,landmarks/s0011/Home_House/s0011_f_w001638/landmarks_177.npy,150,177
s0012_f_w001638,s0012,Home/House,20,train,front,landmarks/s0012/Home_House/s0012_f_w001638/landmarks.npy,landmarks/s0012/Home_House/s0012_f_w001638/landmarks_177.npy,150,177
s0013_f_w001638,s0013,Home/House,20,train,front,landmarks/s0013/Home_House/s0013_f_w001638/landmarks.npy,landmarks/s0013/Home_House/s0013_f_w001638/landmarks_177.npy,150,177
s0018_f_w001638,s0018,Home/House,20,train,front,landmarks/s0018/Home_House/s0018_f_w001638/landmarks.npy,landmarks/s0018/Home_House/s0018_f_w001638/landmarks_177.npy,180,177
s0001_f_w000668,s0001,Hospital,21,train,front,landmarks/s0001/Hospital/s0001_f_w000668/landmarks.npy,landmarks/s0001/Hospital/s0001_f_w000668/landmarks_177.npy,210,177
s0002_f_w000668,s0002,Hospital,21,train,front,landmarks/s0002/Hospital/s0002_f_w000668/landmarks.npy,landmarks/s0002/Hospital/s0002_f_w000668/landmarks_177.npy,210,177
s0005_f_w000668,s0005,Hospital,21,train,front,landmarks/s0005/Hospital/s0005_f_w000668/landmarks.npy,landmarks/s0005/Hospital/s0005_f_w000668/landmarks_177.npy,270,177
s0007_f_w000668,s0007,Hospital,21,train,front,landmarks/s0007/Hospital/s0007_f_w000668/landmarks.npy,landmarks/s0007/Hospital/s0007_f_w000668/landmarks_177.npy,240,177
s0008_f_w000668,s0008,Hospital,21,train,front,landmarks/s0008/Hospital/s0008_f_w000668/landmarks.npy,landmarks/s0008/Hospital/s0008_f_w000668/landmarks_177.npy,240,177
s0009_f_w000668,s0009,Hospital,21,train,front,landmarks/s0009/Hospital/s0009_f_w000668/landmarks.npy,landmarks/s0009/Hospital/s0009_f_w000668/landmarks_177.npy,240,177
s0011_f_w000668,s0011,Hospital,21,train,front,landmarks/s0011/Hospital/s0011_f_w000668/landmarks.npy,landmarks/s0011/Hospital/s0011_f_w000668/landmarks_177.npy,210,177
s0012_f_w000668,s0012,Hospital,21,train,front,landmarks/s0012/Hospital/s0012_f_w000668/landmarks.npy,landmarks/s0012/Hospital/s0012_f_w000668/landmarks_177.npy,240,177
s0013_f_w000668,s0013,Hospital,21,train,front,landmarks/s0013/Hospital/s0013_f_w000668/landmarks.npy,landmarks/s0013/Hospital/s0013_f_w000668/landmarks_177.npy,270,177
s0018_f_w000668,s0018,Hospital,21,train,front,landmarks/s0018/Hospital/s0018_f_w000668/landmarks.npy,landmarks/s0018/Hospital/s0018_f_w000668/landmarks_177.npy,240,177
s0001_f_w001036,s0001,How,22,train,front,landmarks/s0001/How/s0001_f_w001036/landmarks.npy,landmarks/s0001/How/s0001_f_w001036/landmarks_177.npy,150,177
s0002_f_w001036,s0002,How,22,train,front,landmarks/s0002/How/s0002_f_w001036/landmarks.npy,landmarks/s0002/How/s0002_f_w001036/landmarks_177.npy,180,177
s0005_f_w001036,s0005,How,22,train,front,landmarks/s0005/How/s0005_f_w001036/landmarks.npy,landmarks/s0005/How/s0005_f_w001036/landmarks_177.npy,150,177
s0007_f_w001036,s0007,How,22,train,front,landmarks/s0007/How/s0007_f_w001036/landmarks.npy,landmarks/s0007/How/s0007_f_w001036/landmarks_177.npy,210,177
s0008_f_w001036,s0008,How,22,train,front,landmarks/s0008/How/s0008_f_w001036/landmarks.npy,landmarks/s0008/How/s0008_f_w001036/landmarks_177.npy,180,177
s0009_f_w001036,s0009,How,22,train,front,landmarks/s0009/How/s0009_f_w001036/landmarks.npy,landmarks/s0009/How/s0009_f_w001036/landmarks_177.npy,180,177
s0011_f_w001036,s0011,How,22,train,front,landmarks/s0011/How/s0011_f_w001036/landmarks.npy,landmarks/s0011/How/s0011_f_w001036/landmarks_177.npy,120,177
s0012_f_w001036,s0012,How,22,train,front,landmarks/s0012/How/s0012_f_w001036/landmarks.npy,landmarks/s0012/How/s0012_f_w001036/landmarks_177.npy,150,177
s0013_f_w001036,s0013,How,22,train,front,landmarks/s0013/How/s0013_f_w001036/landmarks.npy,landmarks/s0013/How/s0013_f_w001036/landmarks_177.npy,150,177
s0018_f_w001036,s0018,How,22,train,front,landmarks/s0018/How/s0018_f_w001036/landmarks.npy,landmarks/s0018/How/s0018_f_w001036/landmarks_177.npy,150,177
s0001_f_w001643,s0001,Left (Side)/Left (Hand),23,train,front,landmarks/s0001/Left (Side)_Left (Hand)/s0001_f_w001643/landmarks.npy,landmarks/s0001/Left (Side)_Left (Hand)/s0001_f_w001643/landmarks_177.npy,180,177
s0002_f_w001643,s0002,Left (Side)/Left (Hand),23,train,front,landmarks/s0002/Left (Side)_Left (Hand)/s0002_f_w001643/landmarks.npy,landmarks/s0002/Left (Side)_Left (Hand)/s0002_f_w001643/landmarks_177.npy,180,177
s0005_f_w001643,s0005,Left (Side)/Left (Hand),23,train,front,landmarks/s0005/Left (Side)_Left (Hand)/s0005_f_w001643/landmarks.npy,landmarks/s0005/Left (Side)_Left (Hand)/s0005_f_w001643/landmarks_177.npy,210,177
s0007_f_w001643,s0007,Left (Side)/Left (Hand),23,train,front,landmarks/s0007/Left (Side)_Left (Hand)/s0007_f_w001643/landmarks.npy,landmarks/s0007/Left (Side)_Left (Hand)/s0007_f_w001643/landmarks_177.npy,210,177
s0008_f_w001643,s0008,Left (Side)/Left (Hand),23,train,front,landmarks/s0008/Left (Side)_Left (Hand)/s0008_f_w001643/landmarks.npy,landmarks/s0008/Left (Side)_Left (Hand)/s0008_f_w001643/landmarks_177.npy,210,177
s0009_f_w001643,s0009,Left (Side)/Left (Hand),23,train,front,landmarks/s0009/Left (Side)_Left (Hand)/s0009_f_w001643/landmarks.npy,landmarks/s0009/Left (Side)_Left (Hand)/s0009_f_w001643/landmarks_177.npy,180,177
s0011_f_w001643,s0011,Left (Side)/Left (Hand),23,train,front,landmarks/s0011/Left (Side)_Left (Hand)/s0011_f_w001643/landmarks.npy,landmarks/s0011/Left (Side)_Left (Hand)/s0011_f_w001643/landmarks_177.npy,180,177
s0012_f_w001643,s0012,Left (Side)/Left (Hand),23,train,front,landmarks/s0012/Left (Side)_Left (Hand)/s0012_f_w001643/landmarks.npy,landmarks/s0012/Left (Side)_Left (Hand)/s0012_f_w001643/landmarks_177.npy,150,177
s0013_f_w001643,s0013,Left (Side)/Left (Hand),23,train,front,landmarks/s0013/Left (Side)_Left (Hand)/s0013_f_w001643/landmarks.npy,landmarks/s0013/Left (Side)_Left (Hand)/s0013_f_w001643/landmarks_177.npy,150,177
s0018_f_w001643,s0018,Left (Side)/Left (Hand),23,train,front,landmarks/s0018/Left (Side)_Left (Hand)/s0018_f_w001643/landmarks.npy,landmarks/s0018/Left (Side)_Left (Hand)/s0018_f_w001643/landmarks_177.npy,180,177
s0001_f_w000392,s0001,Money,24,train,front,landmarks/s0001/Money/s0001_f_w000392/landmarks.npy,landmarks/s0001/Money/s0001_f_w000392/landmarks_177.npy,180,177
s0002_f_w000392,s0002,Money,24,train,front,landmarks/s0002/Money/s0002_f_w000392/landmarks.npy,landmarks/s0002/Money/s0002_f_w000392/landmarks_177.npy,240,177
s0005_f_w000392,s0005,Money,24,train,front,landmarks/s0005/Money/s0005_f_w000392/landmarks.npy,landmarks/s0005/Money/s0005_f_w000392/landmarks_177.npy,180,177
s0007_f_w000392,s0007,Money,24,train,front,landmarks/s0007/Money/s0007_f_w000392/landmarks.npy,landmarks/s0007/Money/s0007_f_w000392/landmarks_177.npy,210,177
s0008_f_w000392,s0008,Money,24,train,front,landmarks/s0008/Money/s0008_f_w000392/landmarks.npy,landmarks/s0008/Money/s0008_f_w000392/landmarks_177.npy,180,177
s0009_f_w000392,s0009,Money,24,train,front,landmarks/s0009/Money/s0009_f_w000392/landmarks.npy,landmarks/s0009/Money/s0009_f_w000392/landmarks_177.npy,180,177
s0011_f_w000392,s0011,Money,24,train,front,landmarks/s0011/Money/s0011_f_w000392/landmarks.npy,landmarks/s0011/Money/s0011_f_w000392/landmarks_177.npy,120,177
s0012_f_w000392,s0012,Money,24,train,front,landmarks/s0012/Money/s0012_f_w000392/landmarks.npy,landmarks/s0012/Money/s0012_f_w000392/landmarks_177.npy,150,177
s0013_f_w000392,s0013,Money,24,train,front,landmarks/s0013/Money/s0013_f_w000392/landmarks.npy,landmarks/s0013/Money/s0013_f_w000392/landmarks_177.npy,150,177
s0018_f_w000392,s0018,Money,24,train,front,landmarks/s0018/Money/s0018_f_w000392/landmarks.npy,landmarks/s0018/Money/s0018_f_w000392/landmarks_177.npy,150,177
s0001_f_w000362,s0001,Morning,25,train,front,landmarks/s0001/Morning/s0001_f_w000362/landmarks.npy,landmarks/s0001/Morning/s0001_f_w000362/landmarks_177.npy,180,177
s0002_f_w000362,s0002,Morning,25,train,front,landmarks/s0002/Morning/s0002_f_w000362/landmarks.npy,landmarks/s0002/Morning/s0002_f_w000362/landmarks_177.npy,210,177
s0005_f_w000362,s0005,Morning,25,train,front,landmarks/s0005/Morning/s0005_f_w000362/landmarks.npy,landmarks/s0005/Morning/s0005_f_w000362/landmarks_177.npy,210,177
s0007_f_w000362,s0007,Morning,25,train,front,landmarks/s0007/Morning/s0007_f_w000362/landmarks.npy,landmarks/s0007/Morning/s0007_f_w000362/landmarks_177.npy,210,177
s0008_f_w000362,s0008,Morning,25,train,front,landmarks/s0008/Morning/s0008_f_w000362/landmarks.npy,landmarks/s0008/Morning/s0008_f_w000362/landmarks_177.npy,180,177
s0009_f_w000362,s0009,Morning,25,train,front,landmarks/s0009/Morning/s0009_f_w000362/landmarks.npy,landmarks/s0009/Morning/s0009_f_w000362/landmarks_177.npy,150,177
s0011_f_w000362,s0011,Morning,25,train,front,landmarks/s0011/Morning/s0011_f_w000362/landmarks.npy,landmarks/s0011/Morning/s0011_f_w000362/landmarks_177.npy,150,177
s0012_f_w000362,s0012,Morning,25,train,front,landmarks/s0012/Morning/s0012_f_w000362/landmarks.npy,landmarks/s0012/Morning/s0012_f_w000362/landmarks_177.npy,150,177
s0013_f_w000362,s0013,Morning,25,train,front,landmarks/s0013/Morning/s0013_f_w000362/landmarks.npy,landmarks/s0013/Morning/s0013_f_w000362/landmarks_177.npy,180,177
s0018_f_w000362,s0018,Morning,25,train,front,landmarks/s0018/Morning/s0018_f_w000362/landmarks.npy,landmarks/s0018/Morning/s0018_f_w000362/landmarks_177.npy,180,177
s0001_f_w000023,s0001,Mother,26,train,front,landmarks/s0001/Mother/s0001_f_w000023/landmarks.npy,landmarks/s0001/Mother/s0001_f_w000023/landmarks_177.npy,180,177
s0002_f_w000023,s0002,Mother,26,train,front,landmarks/s0002/Mother/s0002_f_w000023/landmarks.npy,landmarks/s0002/Mother/s0002_f_w000023/landmarks_177.npy,210,177
s0005_f_w000023,s0005,Mother,26,train,front,landmarks/s0005/Mother/s0005_f_w000023/landmarks.npy,landmarks/s0005/Mother/s0005_f_w000023/landmarks_177.npy,180,177
s0007_f_w000023,s0007,Mother,26,train,front,landmarks/s0007/Mother/s0007_f_w000023/landmarks.npy,landmarks/s0007/Mother/s0007_f_w000023/landmarks_177.npy,210,177
s0008_f_w000023,s0008,Mother,26,train,front,landmarks/s0008/Mother/s0008_f_w000023/landmarks.npy,landmarks/s0008/Mother/s0008_f_w000023/landmarks_177.npy,210,177
s0009_f_w000023,s0009,Mother,26,train,front,landmarks/s0009/Mother/s0009_f_w000023/landmarks.npy,landmarks/s0009/Mother/s0009_f_w000023/landmarks_177.npy,180,177
s0011_f_w000023,s0011,Mother,26,train,front,landmarks/s0011/Mother/s0011_f_w000023/landmarks.npy,landmarks/s0011/Mother/s0011_f_w000023/landmarks_177.npy,150,177
s0012_f_w000023,s0012,Mother,26,train,front,landmarks/s0012/Mother/s0012_f_w000023/landmarks.npy,landmarks/s0012/Mother/s0012_f_w000023/landmarks_177.npy,180,177
s0013_f_w000023,s0013,Mother,26,train,front,landmarks/s0013/Mother/s0013_f_w000023/landmarks.npy,landmarks/s0013/Mother/s0013_f_w000023/landmarks_177.npy,180,177
s0018_f_w000023,s0018,Mother,26,train,front,landmarks/s0018/Mother/s0018_f_w000023/landmarks.npy,landmarks/s0018/Mother/s0018_f_w000023/landmarks_177.npy,210,177
s0001_f_w001025,s0001,Near,27,train,front,landmarks/s0001/Near/s0001_f_w001025/landmarks.npy,landmarks/s0001/Near/s0001_f_w001025/landmarks_177.npy,180,177
s0002_f_w001025,s0002,Near,27,train,front,landmarks/s0002/Near/s0002_f_w001025/landmarks.npy,landmarks/s0002/Near/s0002_f_w001025/landmarks_177.npy,180,177
s0005_f_w001025,s0005,Near,27,train,front,landmarks/s0005/Near/s0005_f_w001025/landmarks.npy,landmarks/s0005/Near/s0005_f_w001025/landmarks_177.npy,180,177
s0007_f_w001025,s0007,Near,27,train,front,landmarks/s0007/Near/s0007_f_w001025/landmarks.npy,landmarks/s0007/Near/s0007_f_w001025/landmarks_177.npy,210,177
s0008_f_w001025,s0008,Near,27,train,front,landmarks/s0008/Near/s0008_f_w001025/landmarks.npy,landmarks/s0008/Near/s0008_f_w001025/landmarks_177.npy,150,177
s0009_f_w001025,s0009,Near,27,train,front,landmarks/s0009/Near/s0009_f_w001025/landmarks.npy,landmarks/s0009/Near/s0009_f_w001025/landmarks_177.npy,150,177
s0011_f_w001025,s0011,Near,27,train,front,landmarks/s0011/Near/s0011_f_w001025/landmarks.npy,landmarks/s0011/Near/s0011_f_w001025/landmarks_177.npy,150,177
s0012_f_w001025,s0012,Near,27,train,front,landmarks/s0012/Near/s0012_f_w001025/landmarks.npy,landmarks/s0012/Near/s0012_f_w001025/landmarks_177.npy,150,177
s0013_f_w001025,s0013,Near,27,train,front,landmarks/s0013/Near/s0013_f_w001025/landmarks.npy,landmarks/s0013/Near/s0013_f_w001025/landmarks_177.npy,150,177
s0018_f_w001025,s0018,Near,27,train,front,landmarks/s0018/Near/s0018_f_w001025/landmarks.npy,landmarks/s0018/Near/s0018_f_w001025/landmarks_177.npy,210,177
s0001_f_w000365,s0001,Night,28,train,front,landmarks/s0001/Night/s0001_f_w000365/landmarks.npy,landmarks/s0001/Night/s0001_f_w000365/landmarks_177.npy,150,177
s0002_f_w000365,s0002,Night,28,train,front,landmarks/s0002/Night/s0002_f_w000365/landmarks.npy,landmarks/s0002/Night/s0002_f_w000365/landmarks_177.npy,210,177
s0005_f_w000365,s0005,Night,28,train,front,landmarks/s0005/Night/s0005_f_w000365/landmarks.npy,landmarks/s0005/Night/s0005_f_w000365/landmarks_177.npy,180,177
s0007_f_w000365,s0007,Night,28,train,front,landmarks/s0007/Night/s0007_f_w000365/landmarks.npy,landmarks/s0007/Night/s0007_f_w000365/landmarks_177.npy,210,177
s0008_f_w000365,s0008,Night,28,train,front,landmarks/s0008/Night/s0008_f_w000365/landmarks.npy,landmarks/s0008/Night/s0008_f_w000365/landmarks_177.npy,180,177
s0009_f_w000365,s0009,Night,28,train,front,landmarks/s0009/Night/s0009_f_w000365/landmarks.npy,landmarks/s0009/Night/s0009_f_w000365/landmarks_177.npy,150,177
s0011_f_w000365,s0011,Night,28,train,front,landmarks/s0011/Night/s0011_f_w000365/landmarks.npy,landmarks/s0011/Night/s0011_f_w000365/landmarks_177.npy,150,177
s0012_f_w000365,s0012,Night,28,train,front,landmarks/s0012/Night/s0012_f_w000365/landmarks.npy,landmarks/s0012/Night/s0012_f_w000365/landmarks_177.npy,150,177
s0013_f_w000365,s0013,Night,28,train,front,landmarks/s0013/Night/s0013_f_w000365/landmarks.npy,landmarks/s0013/Night/s0013_f_w000365/landmarks_177.npy,180,177
s0018_f_w000365,s0018,Night,28,train,front,landmarks/s0018/Night/s0018_f_w000365/landmarks.npy,landmarks/s0018/Night/s0018_f_w000365/landmarks_177.npy,180,177
s0001_f_w001577,s0001,No,29,train,front,landmarks/s0001/No/s0001_f_w001577/landmarks.npy,landmarks/s0001/No/s0001_f_w001577/landmarks_177.npy,180,177
s0002_f_w001577,s0002,No,29,train,front,landmarks/s0002/No/s0002_f_w001577/landmarks.npy,landmarks/s0002/No/s0002_f_w001577/landmarks_177.npy,180,177
s0005_f_w001577,s0005,No,29,train,front,landmarks/s0005/No/s0005_f_w001577/landmarks.npy,landmarks/s0005/No/s0005_f_w001577/landmarks_177.npy,210,177
s0007_f_w001577,s0007,No,29,train,front,landmarks/s0007/No/s0007_f_w001577/landmarks.npy,landmarks/s0007/No/s0007_f_w001577/landmarks_177.npy,180,177
s0008_f_w001577,s0008,No,29,train,front,landmarks/s0008/No/s0008_f_w001577/landmarks.npy,landmarks/s0008/No/s0008_f_w001577/landmarks_177.npy,180,177
s0009_f_w001577,s0009,No,29,train,front,landmarks/s0009/No/s0009_f_w001577/landmarks.npy,landmarks/s0009/No/s0009_f_w001577/landmarks_177.npy,150,177
s0011_f_w001577,s0011,No,29,train,front,landmarks/s0011/No/s0011_f_w001577/landmarks.npy,landmarks/s0011/No/s0011_f_w001577/landmarks_177.npy,150,177
s0012_f_w001577,s0012,No,29,train,front,landmarks/s0012/No/s0012_f_w001577/landmarks.npy,landmarks/s0012/No/s0012_f_w001577/landmarks_177.npy,150,177
s0013_f_w001577,s0013,No,29,train,front,landmarks/s0013/No/s0013_f_w001577/landmarks.npy,landmarks/s0013/No/s0013_f_w001577/landmarks_177.npy,150,177
s0018_f_w001577,s0018,No,29,train,front,landmarks/s0018/No/s0018_f_w001577/landmarks.npy,landmarks/s0018/No/s0018_f_w001577/landmarks_177.npy,210,177
s0001_f_w001796,s0001,Now,30,train,front,landmarks/s0001/Now/s0001_f_w001796/landmarks.npy,landmarks/s0001/Now/s0001_f_w001796/landmarks_177.npy,150,177
s0002_f_w001796,s0002,Now,30,train,front,landmarks/s0002/Now/s0002_f_w001796/landmarks.npy,landmarks/s0002/Now/s0002_f_w001796/landmarks_177.npy,210,177
s0005_f_w001796,s0005,Now,30,train,front,landmarks/s0005/Now/s0005_f_w001796/landmarks.npy,landmarks/s0005/Now/s0005_f_w001796/landmarks_177.npy,180,177
s0007_f_w001796,s0007,Now,30,train,front,landmarks/s0007/Now/s0007_f_w001796/landmarks.npy,landmarks/s0007/Now/s0007_f_w001796/landmarks_177.npy,180,177
s0008_f_w001796,s0008,Now,30,train,front,landmarks/s0008/Now/s0008_f_w001796/landmarks.npy,landmarks/s0008/Now/s0008_f_w001796/landmarks_177.npy,180,177
s0009_f_w001796,s0009,Now,30,train,front,landmarks/s0009/Now/s0009_f_w001796/landmarks.npy,landmarks/s0009/Now/s0009_f_w001796/landmarks_177.npy,180,177
s0011_f_w001796,s0011,Now,30,train,front,landmarks/s0011/Now/s0011_f_w001796/landmarks.npy,landmarks/s0011/Now/s0011_f_w001796/landmarks_177.npy,120,177
s0012_f_w001796,s0012,Now,30,train,front,landmarks/s0012/Now/s0012_f_w001796/landmarks.npy,landmarks/s0012/Now/s0012_f_w001796/landmarks_177.npy,120,177
s0013_f_w001796,s0013,Now,30,train,front,landmarks/s0013/Now/s0013_f_w001796/landmarks.npy,landmarks/s0013/Now/s0013_f_w001796/landmarks_177.npy,150,177
s0018_f_w001796,s0018,Now,30,train,front,landmarks/s0018/Now/s0018_f_w001796/landmarks.npy,landmarks/s0018/Now/s0018_f_w001796/landmarks_177.npy,150,177
s0001_f_w000672,s0001,Office,31,train,front,landmarks/s0001/Office/s0001_f_w000672/landmarks.npy,landmarks/s0001/Office/s0001_f_w000672/landmarks_177.npy,210,177
s0002_f_w000672,s0002,Office,31,train,front,landmarks/s0002/Office/s0002_f_w000672/landmarks.npy,landmarks/s0002/Office/s0002_f_w000672/landmarks_177.npy,180,177
s0005_f_w000672,s0005,Office,31,train,front,landmarks/s0005/Office/s0005_f_w000672/landmarks.npy,landmarks/s0005/Office/s0005_f_w000672/landmarks_177.npy,210,177
s0007_f_w000672,s0007,Office,31,train,front,landmarks/s0007/Office/s0007_f_w000672/landmarks.npy,landmarks/s0007/Office/s0007_f_w000672/landmarks_177.npy,210,177
s0008_f_w000672,s0008,Office,31,train,front,landmarks/s0008/Office/s0008_f_w000672/landmarks.npy,landmarks/s0008/Office/s0008_f_w000672/landmarks_177.npy,210,177
s0009_f_w000672,s0009,Office,31,train,front,landmarks/s0009/Office/s0009_f_w000672/landmarks.npy,landmarks/s0009/Office/s0009_f_w000672/landmarks_177.npy,210,177
s0011_f_w000672,s0011,Office,31,train,front,landmarks/s0011/Office/s0011_f_w000672/landmarks.npy,landmarks/s0011/Office/s0011_f_w000672/landmarks_177.npy,210,177
s0012_f_w000672,s0012,Office,31,train,front,landmarks/s0012/Office/s0012_f_w000672/landmarks.npy,landmarks/s0012/Office/s0012_f_w000672/landmarks_177.npy,240,177
s0013_f_w000672,s0013,Office,31,train,front,landmarks/s0013/Office/s0013_f_w000672/landmarks.npy,landmarks/s0013/Office/s0013_f_w000672/landmarks_177.npy,180,177
s0018_f_w000672,s0018,Office,31,train,front,landmarks/s0018/Office/s0018_f_w000672/landmarks.npy,landmarks/s0018/Office/s0018_f_w000672/landmarks_177.npy,240,177
s0001_f_w001486,s0001,Please,32,train,front,landmarks/s0001/Please/s0001_f_w001486/landmarks.npy,landmarks/s0001/Please/s0001_f_w001486/landmarks_177.npy,180,177
s0002_f_w001486,s0002,Please,32,train,front,landmarks/s0002/Please/s0002_f_w001486/landmarks.npy,landmarks/s0002/Please/s0002_f_w001486/landmarks_177.npy,210,177
s0005_f_w001486,s0005,Please,32,train,front,landmarks/s0005/Please/s0005_f_w001486/landmarks.npy,landmarks/s0005/Please/s0005_f_w001486/landmarks_177.npy,210,177
s0007_f_w001486,s0007,Please,32,train,front,landmarks/s0007/Please/s0007_f_w001486/landmarks.npy,landmarks/s0007/Please/s0007_f_w001486/landmarks_177.npy,210,177
s0008_f_w001486,s0008,Please,32,train,front,landmarks/s0008/Please/s0008_f_w001486/landmarks.npy,landmarks/s0008/Please/s0008_f_w001486/landmarks_177.npy,210,177
s0009_f_w001486,s0009,Please,32,train,front,landmarks/s0009/Please/s0009_f_w001486/landmarks.npy,landmarks/s0009/Please/s0009_f_w001486/landmarks_177.npy,180,177
s0011_f_w001486,s0011,Please,32,train,front,landmarks/s0011/Please/s0011_f_w001486/landmarks.npy,landmarks/s0011/Please/s0011_f_w001486/landmarks_177.npy,150,177
s0012_f_w001486,s0012,Please,32,train,front,landmarks/s0012/Please/s0012_f_w001486/landmarks.npy,landmarks/s0012/Please/s0012_f_w001486/landmarks_177.npy,150,177
s0013_f_w001486,s0013,Please,32,train,front,landmarks/s0013/Please/s0013_f_w001486/landmarks.npy,landmarks/s0013/Please/s0013_f_w001486/landmarks_177.npy,180,177
s0018_f_w001486,s0018,Please,32,train,front,landmarks/s0018/Please/s0018_f_w001486/landmarks.npy,landmarks/s0018/Please/s0018_f_w001486/landmarks_177.npy,180,177
s0001_f_w000070,s0001,Right,33,train,front,landmarks/s0001/Right/s0001_f_w000070/landmarks.npy,landmarks/s0001/Right/s0001_f_w000070/landmarks_177.npy,150,177
s0002_f_w000070,s0002,Right,33,train,front,landmarks/s0002/Right/s0002_f_w000070/landmarks.npy,landmarks/s0002/Right/s0002_f_w000070/landmarks_177.npy,210,177
s0005_f_w000070,s0005,Right,33,train,front,landmarks/s0005/Right/s0005_f_w000070/landmarks.npy,landmarks/s0005/Right/s0005_f_w000070/landmarks_177.npy,210,177
s0007_f_w000070,s0007,Right,33,train,front,landmarks/s0007/Right/s0007_f_w000070/landmarks.npy,landmarks/s0007/Right/s0007_f_w000070/landmarks_177.npy,210,177
s0008_f_w000070,s0008,Right,33,train,front,landmarks/s0008/Right/s0008_f_w000070/landmarks.npy,landmarks/s0008/Right/s0008_f_w000070/landmarks_177.npy,180,177
s0009_f_w000070,s0009,Right,33,train,front,landmarks/s0009/Right/s0009_f_w000070/landmarks.npy,landmarks/s0009/Right/s0009_f_w000070/landmarks_177.npy,180,177
s0011_f_w000070,s0011,Right,33,train,front,landmarks/s0011/Right/s0011_f_w000070/landmarks.npy,landmarks/s0011/Right/s0011_f_w000070/landmarks_177.npy,150,177
s0012_f_w000070,s0012,Right,33,train,front,landmarks/s0012/Right/s0012_f_w000070/landmarks.npy,landmarks/s0012/Right/s0012_f_w000070/landmarks_177.npy,180,177
s0013_f_w000070,s0013,Right,33,train,front,landmarks/s0013/Right/s0013_f_w000070/landmarks.npy,landmarks/s0013/Right/s0013_f_w000070/landmarks_177.npy,180,177
s0018_f_w000070,s0018,Right,33,train,front,landmarks/s0018/Right/s0018_f_w000070/landmarks.npy,landmarks/s0018/Right/s0018_f_w000070/landmarks_177.npy,180,177
s0001_f_w001415,s0001,Sad,34,train,front,landmarks/s0001/Sad/s0001_f_w001415/landmarks.npy,landmarks/s0001/Sad/s0001_f_w001415/landmarks_177.npy,180,177
s0002_f_w001415,s0002,Sad,34,train,front,landmarks/s0002/Sad/s0002_f_w001415/landmarks.npy,landmarks/s0002/Sad/s0002_f_w001415/landmarks_177.npy,210,177
s0005_f_w001415,s0005,Sad,34,train,front,landmarks/s0005/Sad/s0005_f_w001415/landmarks.npy,landmarks/s0005/Sad/s0005_f_w001415/landmarks_177.npy,210,177
s0007_f_w001415,s0007,Sad,34,train,front,landmarks/s0007/Sad/s0007_f_w001415/landmarks.npy,landmarks/s0007/Sad/s0007_f_w001415/landmarks_177.npy,270,177
s0008_f_w001415,s0008,Sad,34,train,front,landmarks/s0008/Sad/s0008_f_w001415/landmarks.npy,landmarks/s0008/Sad/s0008_f_w001415/landmarks_177.npy,210,177
s0009_f_w001415,s0009,Sad,34,train,front,landmarks/s0009/Sad/s0009_f_w001415/landmarks.npy,landmarks/s0009/Sad/s0009_f_w001415/landmarks_177.npy,180,177
s0011_f_w001415,s0011,Sad,34,train,front,landmarks/s0011/Sad/s0011_f_w001415/landmarks.npy,landmarks/s0011/Sad/s0011_f_w001415/landmarks_177.npy,150,177
s0012_f_w001415,s0012,Sad,34,train,front,landmarks/s0012/Sad/s0012_f_w001415/landmarks.npy,landmarks/s0012/Sad/s0012_f_w001415/landmarks_177.npy,150,177
s0013_f_w001415,s0013,Sad,34,train,front,landmarks/s0013/Sad/s0013_f_w001415/landmarks.npy,landmarks/s0013/Sad/s0013_f_w001415/landmarks_177.npy,120,177
s0018_f_w001415,s0018,Sad,34,train,front,landmarks/s0018/Sad/s0018_f_w001415/landmarks.npy,landmarks/s0018/Sad/s0018_f_w001415/landmarks_177.npy,150,177
s0001_f_w000421,s0001,School,35,train,front,landmarks/s0001/School/s0001_f_w000421/landmarks.npy,landmarks/s0001/School/s0001_f_w000421/landmarks_177.npy,180,177
s0002_f_w000421,s0002,School,35,train,front,landmarks/s0002/School/s0002_f_w000421/landmarks.npy,landmarks/s0002/School/s0002_f_w000421/landmarks_177.npy,270,177
s0005_f_w000421,s0005,School,35,train,front,landmarks/s0005/School/s0005_f_w000421/landmarks.npy,landmarks/s0005/School/s0005_f_w000421/landmarks_177.npy,270,177
s0007_f_w000421,s0007,School,35,train,front,landmarks/s0007/School/s0007_f_w000421/landmarks.npy,landmarks/s0007/School/s0007_f_w000421/landmarks_177.npy,240,177
s0008_f_w000421,s0008,School,35,train,front,landmarks/s0008/School/s0008_f_w000421/landmarks.npy,landmarks/s0008/School/s0008_f_w000421/landmarks_177.npy,210,177
s0009_f_w000421,s0009,School,35,train,front,landmarks/s0009/School/s0009_f_w000421/landmarks.npy,landmarks/s0009/School/s0009_f_w000421/landmarks_177.npy,210,177
s0011_f_w000421,s0011,School,35,train,front,landmarks/s0011/School/s0011_f_w000421/landmarks.npy,landmarks/s0011/School/s0011_f_w000421/landmarks_177.npy,180,177
s0012_f_w000421,s0012,School,35,train,front,landmarks/s0012/School/s0012_f_w000421/landmarks.npy,landmarks/s0012/School/s0012_f_w000421/landmarks_177.npy,210,177
s0013_f_w000421,s0013,School,35,train,front,landmarks/s0013/School/s0013_f_w000421/landmarks.npy,landmarks/s0013/School/s0013_f_w000421/landmarks_177.npy,180,177
s0018_f_w000421,s0018,School,35,train,front,landmarks/s0018/School/s0018_f_w000421/landmarks.npy,landmarks/s0018/School/s0018_f_w000421/landmarks_177.npy,210,177
s0001_f_w000677,s0001,Shop,36,train,front,landmarks/s0001/Shop/s0001_f_w000677/landmarks.npy,landmarks/s0001/Shop/s0001_f_w000677/landmarks_177.npy,240,177
s0002_f_w000677,s0002,Shop,36,train,front,landmarks/s0002/Shop/s0002_f_w000677/landmarks.npy,landmarks/s0002/Shop/s0002_f_w000677/landmarks_177.npy,210,177
s0005_f_w000677,s0005,Shop,36,train,front,landmarks/s0005/Shop/s0005_f_w000677/landmarks.npy,landmarks/s0005/Shop/s0005_f_w000677/landmarks_177.npy,210,177
s0007_f_w000677,s0007,Shop,36,train,front,landmarks/s0007/Shop/s0007_f_w000677/landmarks.npy,landmarks/s0007/Shop/s0007_f_w000677/landmarks_177.npy,270,177
s0008_f_w000677,s0008,Shop,36,train,front,landmarks/s0008/Shop/s0008_f_w000677/landmarks.npy,landmarks/s0008/Shop/s0008_f_w000677/landmarks_177.npy,210,177
s0009_f_w000677,s0009,Shop,36,train,front,landmarks/s0009/Shop/s0009_f_w000677/landmarks.npy,landmarks/s0009/Shop/s0009_f_w000677/landmarks_177.npy,240,177
s0011_f_w000677,s0011,Shop,36,train,front,landmarks/s0011/Shop/s0011_f_w000677/landmarks.npy,landmarks/s0011/Shop/s0011_f_w000677/landmarks_177.npy,210,177
s0012_f_w000677,s0012,Shop,36,train,front,landmarks/s0012/Shop/s0012_f_w000677/landmarks.npy,landmarks/s0012/Shop/s0012_f_w000677/landmarks_177.npy,240,177
s0013_f_w000677,s0013,Shop,36,train,front,landmarks/s0013/Shop/s0013_f_w000677/landmarks.npy,landmarks/s0013/Shop/s0013_f_w000677/landmarks_177.npy,210,177
s0018_f_w000677,s0018,Shop,36,train,front,landmarks/s0018/Shop/s0018_f_w000677/landmarks.npy,landmarks/s0018/Shop/s0018_f_w000677/landmarks_177.npy,240,177
s0001_f_w000032,s0001,Sister,37,train,front,landmarks/s0001/Sister/s0001_f_w000032/landmarks.npy,landmarks/s0001/Sister/s0001_f_w000032/landmarks_177.npy,210,177
s0002_f_w000032,s0002,Sister,37,train,front,landmarks/s0002/Sister/s0002_f_w000032/landmarks.npy,landmarks/s0002/Sister/s0002_f_w000032/landmarks_177.npy,240,177
s0005_f_w000032,s0005,Sister,37,train,front,landmarks/s0005/Sister/s0005_f_w000032/landmarks.npy,landmarks/s0005/Sister/s0005_f_w000032/landmarks_177.npy,240,177
s0007_f_w000032,s0007,Sister,37,train,front,landmarks/s0007/Sister/s0007_f_w000032/landmarks.npy,landmarks/s0007/Sister/s0007_f_w000032/landmarks_177.npy,210,177
s0008_f_w000032,s0008,Sister,37,train,front,landmarks/s0008/Sister/s0008_f_w000032/landmarks.npy,landmarks/s0008/Sister/s0008_f_w000032/landmarks_177.npy,180,177
s0009_f_w000032,s0009,Sister,37,train,front,landmarks/s0009/Sister/s0009_f_w000032/landmarks.npy,landmarks/s0009/Sister/s0009_f_w000032/landmarks_177.npy,210,177
s0011_f_w000032,s0011,Sister,37,train,front,landmarks/s0011/Sister/s0011_f_w000032/landmarks.npy,landmarks/s0011/Sister/s0011_f_w000032/landmarks_177.npy,210,177
s0012_f_w000032,s0012,Sister,37,train,front,landmarks/s0012/Sister/s0012_f_w000032/landmarks.npy,landmarks/s0012/Sister/s0012_f_w000032/landmarks_177.npy,180,177
s0013_f_w000032,s0013,Sister,37,train,front,landmarks/s0013/Sister/s0013_f_w000032/landmarks.npy,landmarks/s0013/Sister/s0013_f_w000032/landmarks_177.npy,210,177
s0018_f_w000032,s0018,Sister,37,train,front,landmarks/s0018/Sister/s0018_f_w000032/landmarks.npy,landmarks/s0018/Sister/s0018_f_w000032/landmarks_177.npy,210,177
s0001_f_w001465,s0001,Smart Phone,38,train,front,landmarks/s0001/Smart Phone/s0001_f_w001465/landmarks.npy,landmarks/s0001/Smart Phone/s0001_f_w001465/landmarks_177.npy,180,177
s0002_f_w001465,s0002,Smart Phone,38,train,front,landmarks/s0002/Smart Phone/s0002_f_w001465/landmarks.npy,landmarks/s0002/Smart Phone/s0002_f_w001465/landmarks_177.npy,210,177
s0005_f_w001465,s0005,Smart Phone,38,train,front,landmarks/s0005/Smart Phone/s0005_f_w001465/landmarks.npy,landmarks/s0005/Smart Phone/s0005_f_w001465/landmarks_177.npy,240,177
s0007_f_w001465,s0007,Smart Phone,38,train,front,landmarks/s0007/Smart Phone/s0007_f_w001465/landmarks.npy,landmarks/s0007/Smart Phone/s0007_f_w001465/landmarks_177.npy,240,177
s0008_f_w001465,s0008,Smart Phone,38,train,front,landmarks/s0008/Smart Phone/s0008_f_w001465/landmarks.npy,landmarks/s0008/Smart Phone/s0008_f_w001465/landmarks_177.npy,210,177
s0009_f_w001465,s0009,Smart Phone,38,train,front,landmarks/s0009/Smart Phone/s0009_f_w001465/landmarks.npy,landmarks/s0009/Smart Phone/s0009_f_w001465/landmarks_177.npy,180,177
s0011_f_w001465,s0011,Smart Phone,38,train,front,landmarks/s0011/Smart Phone/s0011_f_w001465/landmarks.npy,landmarks/s0011/Smart Phone/s0011_f_w001465/landmarks_177.npy,150,177
s0012_f_w001465,s0012,Smart Phone,38,train,front,landmarks/s0012/Smart Phone/s0012_f_w001465/landmarks.npy,landmarks/s0012/Smart Phone/s0012_f_w001465/landmarks_177.npy,210,177
s0013_f_w001465,s0013,Smart Phone,38,train,front,landmarks/s0013/Smart Phone/s0013_f_w001465/landmarks.npy,landmarks/s0013/Smart Phone/s0013_f_w001465/landmarks_177.npy,210,177
s0018_f_w001465,s0018,Smart Phone,38,train,front,landmarks/s0018/Smart Phone/s0018_f_w001465/landmarks.npy,landmarks/s0018/Smart Phone/s0018_f_w001465/landmarks_177.npy,180,177
s0001_f_w001429,s0001,Sorry,39,train,front,landmarks/s0001/Sorry/s0001_f_w001429/landmarks.npy,landmarks/s0001/Sorry/s0001_f_w001429/landmarks_177.npy,180,177
s0002_f_w001429,s0002,Sorry,39,train,front,landmarks/s0002/Sorry/s0002_f_w001429/landmarks.npy,landmarks/s0002/Sorry/s0002_f_w001429/landmarks_177.npy,210,177
s0005_f_w001429,s0005,Sorry,39,train,front,landmarks/s0005/Sorry/s0005_f_w001429/landmarks.npy,landmarks/s0005/Sorry/s0005_f_w001429/landmarks_177.npy,240,177
s0007_f_w001429,s0007,Sorry,39,train,front,landmarks/s0007/Sorry/s0007_f_w001429/landmarks.npy,landmarks/s0007/Sorry/s0007_f_w001429/landmarks_177.npy,270,177
s0008_f_w001429,s0008,Sorry,39,train,front,landmarks/s0008/Sorry/s0008_f_w001429/landmarks.npy,landmarks/s0008/Sorry/s0008_f_w001429/landmarks_177.npy,180,177
s0009_f_w001429,s0009,Sorry,39,train,front,landmarks/s0009/Sorry/s0009_f_w001429/landmarks.npy,landmarks/s0009/Sorry/s0009_f_w001429/landmarks_177.npy,150,177
s0011_f_w001429,s0011,Sorry,39,train,front,landmarks/s0011/Sorry/s0011_f_w001429/landmarks.npy,landmarks/s0011/Sorry/s0011_f_w001429/landmarks_177.npy,180,177
s0012_f_w001429,s0012,Sorry,39,train,front,landmarks/s0012/Sorry/s0012_f_w001429/landmarks.npy,landmarks/s0012/Sorry/s0012_f_w001429/landmarks_177.npy,150,177
s0013_f_w001429,s0013,Sorry,39,train,front,landmarks/s0013/Sorry/s0013_f_w001429/landmarks.npy,landmarks/s0013/Sorry/s0013_f_w001429/landmarks_177.npy,180,177
s0018_f_w001429,s0018,Sorry,39,train,front,landmarks/s0018/Sorry/s0018_f_w001429/landmarks.npy,landmarks/s0018/Sorry/s0018_f_w001429/landmarks_177.npy,210,177
s0001_f_w000075,s0001,Thank You,40,train,front,landmarks/s0001/Thank You/s0001_f_w000075/landmarks.npy,landmarks/s0001/Thank You/s0001_f_w000075/landmarks_177.npy,180,177
s0002_f_w000075,s0002,Thank You,40,train,front,landmarks/s0002/Thank You/s0002_f_w000075/landmarks.npy,landmarks/s0002/Thank You/s0002_f_w000075/landmarks_177.npy,210,177
s0005_f_w000075,s0005,Thank You,40,train,front,landmarks/s0005/Thank You/s0005_f_w000075/landmarks.npy,landmarks/s0005/Thank You/s0005_f_w000075/landmarks_177.npy,180,177
s0007_f_w000075,s0007,Thank You,40,train,front,landmarks/s0007/Thank You/s0007_f_w000075/landmarks.npy,landmarks/s0007/Thank You/s0007_f_w000075/landmarks_177.npy,210,177
s0008_f_w000075,s0008,Thank You,40,train,front,landmarks/s0008/Thank You/s0008_f_w000075/landmarks.npy,landmarks/s0008/Thank You/s0008_f_w000075/landmarks_177.npy,150,177
s0009_f_w000075,s0009,Thank You,40,train,front,landmarks/s0009/Thank You/s0009_f_w000075/landmarks.npy,landmarks/s0009/Thank You/s0009_f_w000075/landmarks_177.npy,180,177
s0011_f_w000075,s0011,Thank You,40,train,front,landmarks/s0011/Thank You/s0011_f_w000075/landmarks.npy,landmarks/s0011/Thank You/s0011_f_w000075/landmarks_177.npy,150,177
s0012_f_w000075,s0012,Thank You,40,train,front,landmarks/s0012/Thank You/s0012_f_w000075/landmarks.npy,landmarks/s0012/Thank You/s0012_f_w000075/landmarks_177.npy,210,177
s0013_f_w000075,s0013,Thank You,40,train,front,landmarks/s0013/Thank You/s0013_f_w000075/landmarks.npy,landmarks/s0013/Thank You/s0013_f_w000075/landmarks_177.npy,180,177
s0018_f_w000075,s0018,Thank You,40,train,front,landmarks/s0018/Thank You/s0018_f_w000075/landmarks.npy,landmarks/s0018/Thank You/s0018_f_w000075/landmarks_177.npy,180,177
s0001_f_w000370,s0001,Today,41,train,front,landmarks/s0001/Today/s0001_f_w000370/landmarks.npy,landmarks/s0001/Today/s0001_f_w000370/landmarks_177.npy,150,177
s0002_f_w000370,s0002,Today,41,train,front,landmarks/s0002/Today/s0002_f_w000370/landmarks.npy,landmarks/s0002/Today/s0002_f_w000370/landmarks_177.npy,210,177
s0005_f_w000370,s0005,Today,41,train,front,landmarks/s0005/Today/s0005_f_w000370/landmarks.npy,landmarks/s0005/Today/s0005_f_w000370/landmarks_177.npy,210,177
s0007_f_w000370,s0007,Today,41,train,front,landmarks/s0007/Today/s0007_f_w000370/landmarks.npy,landmarks/s0007/Today/s0007_f_w000370/landmarks_177.npy,240,177
s0008_f_w000370,s0008,Today,41,train,front,landmarks/s0008/Today/s0008_f_w000370/landmarks.npy,landmarks/s0008/Today/s0008_f_w000370/landmarks_177.npy,150,177
s0009_f_w000370,s0009,Today,41,train,front,landmarks/s0009/Today/s0009_f_w000370/landmarks.npy,landmarks/s0009/Today/s0009_f_w000370/landmarks_177.npy,150,177
s0011_f_w000370,s0011,Today,41,train,front,landmarks/s0011/Today/s0011_f_w000370/landmarks.npy,landmarks/s0011/Today/s0011_f_w000370/landmarks_177.npy,120,177
s0012_f_w000370,s0012,Today,41,train,front,landmarks/s0012/Today/s0012_f_w000370/landmarks.npy,landmarks/s0012/Today/s0012_f_w000370/landmarks_177.npy,150,177
s0013_f_w000370,s0013,Today,41,train,front,landmarks/s0013/Today/s0013_f_w000370/landmarks.npy,landmarks/s0013/Today/s0013_f_w000370/landmarks_177.npy,150,177
s0018_f_w000370,s0018,Today,41,train,front,landmarks/s0018/Today/s0018_f_w000370/landmarks.npy,landmarks/s0018/Today/s0018_f_w000370/landmarks_177.npy,180,177
s0001_f_w000371,s0001,Tomorrow,42,train,front,landmarks/s0001/Tomorrow/s0001_f_w000371/landmarks.npy,landmarks/s0001/Tomorrow/s0001_f_w000371/landmarks_177.npy,150,177
s0002_f_w000371,s0002,Tomorrow,42,train,front,landmarks/s0002/Tomorrow/s0002_f_w000371/landmarks.npy,landmarks/s0002/Tomorrow/s0002_f_w000371/landmarks_177.npy,210,177
s0005_f_w000371,s0005,Tomorrow,42,train,front,landmarks/s0005/Tomorrow/s0005_f_w000371/landmarks.npy,landmarks/s0005/Tomorrow/s0005_f_w000371/landmarks_177.npy,240,177
s0007_f_w000371,s0007,Tomorrow,42,train,front,landmarks/s0007/Tomorrow/s0007_f_w000371/landmarks.npy,landmarks/s0007/Tomorrow/s0007_f_w000371/landmarks_177.npy,240,177
s0008_f_w000371,s0008,Tomorrow,42,train,front,landmarks/s0008/Tomorrow/s0008_f_w000371/landmarks.npy,landmarks/s0008/Tomorrow/s0008_f_w000371/landmarks_177.npy,210,177
s0009_f_w000371,s0009,Tomorrow,42,train,front,landmarks/s0009/Tomorrow/s0009_f_w000371/landmarks.npy,landmarks/s0009/Tomorrow/s0009_f_w000371/landmarks_177.npy,180,177
s0011_f_w000371,s0011,Tomorrow,42,train,front,landmarks/s0011/Tomorrow/s0011_f_w000371/landmarks.npy,landmarks/s0011/Tomorrow/s0011_f_w000371/landmarks_177.npy,150,177
s0012_f_w000371,s0012,Tomorrow,42,train,front,landmarks/s0012/Tomorrow/s0012_f_w000371/landmarks.npy,landmarks/s0012/Tomorrow/s0012_f_w000371/landmarks_177.npy,150,177
s0013_f_w000371,s0013,Tomorrow,42,train,front,landmarks/s0013/Tomorrow/s0013_f_w000371/landmarks.npy,landmarks/s0013/Tomorrow/s0013_f_w000371/landmarks_177.npy,150,177
s0018_f_w000371,s0018,Tomorrow,42,train,front,landmarks/s0018/Tomorrow/s0018_f_w000371/landmarks.npy,landmarks/s0018/Tomorrow/s0018_f_w000371/landmarks_177.npy,210,177
s0001_f_w001035,s0001,Up,43,train,front,landmarks/s0001/Up/s0001_f_w001035/landmarks.npy,landmarks/s0001/Up/s0001_f_w001035/landmarks_177.npy,150,177
s0002_f_w001035,s0002,Up,43,train,front,landmarks/s0002/Up/s0002_f_w001035/landmarks.npy,landmarks/s0002/Up/s0002_f_w001035/landmarks_177.npy,180,177
s0005_f_w001035,s0005,Up,43,train,front,landmarks/s0005/Up/s0005_f_w001035/landmarks.npy,landmarks/s0005/Up/s0005_f_w001035/landmarks_177.npy,180,177
s0007_f_w001035,s0007,Up,43,train,front,landmarks/s0007/Up/s0007_f_w001035/landmarks.npy,landmarks/s0007/Up/s0007_f_w001035/landmarks_177.npy,180,177
s0008_f_w001035,s0008,Up,43,train,front,landmarks/s0008/Up/s0008_f_w001035/landmarks.npy,landmarks/s0008/Up/s0008_f_w001035/landmarks_177.npy,150,177
s0009_f_w001035,s0009,Up,43,train,front,landmarks/s0009/Up/s0009_f_w001035/landmarks.npy,landmarks/s0009/Up/s0009_f_w001035/landmarks_177.npy,150,177
s0011_f_w001035,s0011,Up,43,train,front,landmarks/s0011/Up/s0011_f_w001035/landmarks.npy,landmarks/s0011/Up/s0011_f_w001035/landmarks_177.npy,120,177
s0012_f_w001035,s0012,Up,43,train,front,landmarks/s0012/Up/s0012_f_w001035/landmarks.npy,landmarks/s0012/Up/s0012_f_w001035/landmarks_177.npy,150,177
s0013_f_w001035,s0013,Up,43,train,front,landmarks/s0013/Up/s0013_f_w001035/landmarks.npy,landmarks/s0013/Up/s0013_f_w001035/landmarks_177.npy,180,177
s0018_f_w001035,s0018,Up,43,train,front,landmarks/s0018/Up/s0018_f_w001035/landmarks.npy,landmarks/s0018/Up/s0018_f_w001035/landmarks_177.npy,150,177
s0001_f_w000228,s0001,Water,44,train,front,landmarks/s0001/Water/s0001_f_w000228/landmarks.npy,landmarks/s0001/Water/s0001_f_w000228/landmarks_177.npy,150,177
s0002_f_w000228,s0002,Water,44,train,front,landmarks/s0002/Water/s0002_f_w000228/landmarks.npy,landmarks/s0002/Water/s0002_f_w000228/landmarks_177.npy,210,177
s0005_f_w000228,s0005,Water,44,train,front,landmarks/s0005/Water/s0005_f_w000228/landmarks.npy,landmarks/s0005/Water/s0005_f_w000228/landmarks_177.npy,180,177
s0007_f_w000228,s0007,Water,44,train,front,landmarks/s0007/Water/s0007_f_w000228/landmarks.npy,landmarks/s0007/Water/s0007_f_w000228/landmarks_177.npy,210,177
s0008_f_w000228,s0008,Water,44,train,front,landmarks/s0008/Water/s0008_f_w000228/landmarks.npy,landmarks/s0008/Water/s0008_f_w000228/landmarks_177.npy,150,177
s0009_f_w000228,s0009,Water,44,train,front,landmarks/s0009/Water/s0009_f_w000228/landmarks.npy,landmarks/s0009/Water/s0009_f_w000228/landmarks_177.npy,180,177
s0011_f_w000228,s0011,Water,44,train,front,landmarks/s0011/Water/s0011_f_w000228/landmarks.npy,landmarks/s0011/Water/s0011_f_w000228/landmarks_177.npy,150,177
s0012_f_w000228,s0012,Water,44,train,front,landmarks/s0012/Water/s0012_f_w000228/landmarks.npy,landmarks/s0012/Water/s0012_f_w000228/landmarks_177.npy,150,177
s0013_f_w000228,s0013,Water,44,train,front,landmarks/s0013/Water/s0013_f_w000228/landmarks.npy,landmarks/s0013/Water/s0013_f_w000228/landmarks_177.npy,150,177
s0018_f_w000228,s0018,Water,44,train,front,landmarks/s0018/Water/s0018_f_w000228/landmarks.npy,landmarks/s0018/Water/s0018_f_w000228/landmarks_177.npy,180,177
s0001_f_w001309,s0001,Welcome,45,train,front,landmarks/s0001/Welcome/s0001_f_w001309/landmarks.npy,landmarks/s0001/Welcome/s0001_f_w001309/landmarks_177.npy,210,177
s0002_f_w001309,s0002,Welcome,45,train,front,landmarks/s0002/Welcome/s0002_f_w001309/landmarks.npy,landmarks/s0002/Welcome/s0002_f_w001309/landmarks_177.npy,180,177
s0005_f_w001309,s0005,Welcome,45,train,front,landmarks/s0005/Welcome/s0005_f_w001309/landmarks.npy,landmarks/s0005/Welcome/s0005_f_w001309/landmarks_177.npy,180,177
s0007_f_w001309,s0007,Welcome,45,train,front,landmarks/s0007/Welcome/s0007_f_w001309/landmarks.npy,landmarks/s0007/Welcome/s0007_f_w001309/landmarks_177.npy,180,177
s0008_f_w001309,s0008,Welcome,45,train,front,landmarks/s0008/Welcome/s0008_f_w001309/landmarks.npy,landmarks/s0008/Welcome/s0008_f_w001309/landmarks_177.npy,180,177
s0009_f_w001309,s0009,Welcome,45,train,front,landmarks/s0009/Welcome/s0009_f_w001309/landmarks.npy,landmarks/s0009/Welcome/s0009_f_w001309/landmarks_177.npy,180,177
s0011_f_w001309,s0011,Welcome,45,train,front,landmarks/s0011/Welcome/s0011_f_w001309/landmarks.npy,landmarks/s0011/Welcome/s0011_f_w001309/landmarks_177.npy,150,177
s0012_f_w001309,s0012,Welcome,45,train,front,landmarks/s0012/Welcome/s0012_f_w001309/landmarks.npy,landmarks/s0012/Welcome/s0012_f_w001309/landmarks_177.npy,150,177
s0013_f_w001309,s0013,Welcome,45,train,front,landmarks/s0013/Welcome/s0013_f_w001309/landmarks.npy,landmarks/s0013/Welcome/s0013_f_w001309/landmarks_177.npy,150,177
s0018_f_w001309,s0018,Welcome,45,train,front,landmarks/s0018/Welcome/s0018_f_w001309/landmarks.npy,landmarks/s0018/Welcome/s0018_f_w001309/landmarks_177.npy,150,177
s0001_f_w001038,s0001,What,46,train,front,landmarks/s0001/What/s0001_f_w001038/landmarks.npy,landmarks/s0001/What/s0001_f_w001038/landmarks_177.npy,150,177
s0002_f_w001038,s0002,What,46,train,front,landmarks/s0002/What/s0002_f_w001038/landmarks.npy,landmarks/s0002/What/s0002_f_w001038/landmarks_177.npy,180,177
s0005_f_w001038,s0005,What,46,train,front,landmarks/s0005/What/s0005_f_w001038/landmarks.npy,landmarks/s0005/What/s0005_f_w001038/landmarks_177.npy,210,177
s0007_f_w001038,s0007,What,46,train,front,landmarks/s0007/What/s0007_f_w001038/landmarks.npy,landmarks/s0007/What/s0007_f_w001038/landmarks_177.npy,210,177
s0008_f_w001038,s0008,What,46,train,front,landmarks/s0008/What/s0008_f_w001038/landmarks.npy,landmarks/s0008/What/s0008_f_w001038/landmarks_177.npy,180,177
s0009_f_w001038,s0009,What,46,train,front,landmarks/s0009/What/s0009_f_w001038/landmarks.npy,landmarks/s0009/What/s0009_f_w001038/landmarks_177.npy,150,177
s0011_f_w001038,s0011,What,46,train,front,landmarks/s0011/What/s0011_f_w001038/landmarks.npy,landmarks/s0011/What/s0011_f_w001038/landmarks_177.npy,150,177
s0012_f_w001038,s0012,What,46,train,front,landmarks/s0012/What/s0012_f_w001038/landmarks.npy,landmarks/s0012/What/s0012_f_w001038/landmarks_177.npy,150,177
s0013_f_w001038,s0013,What,46,train,front,landmarks/s0013/What/s0013_f_w001038/landmarks.npy,landmarks/s0013/What/s0013_f_w001038/landmarks_177.npy,150,177
s0018_f_w001038,s0018,What,46,train,front,landmarks/s0018/What/s0018_f_w001038/landmarks.npy,landmarks/s0018/What/s0018_f_w001038/landmarks_177.npy,180,177
s0001_f_w001040,s0001,When,47,train,front,landmarks/s0001/When/s0001_f_w001040/landmarks.npy,landmarks/s0001/When/s0001_f_w001040/landmarks_177.npy,150,177
s0002_f_w001040,s0002,When,47,train,front,landmarks/s0002/When/s0002_f_w001040/landmarks.npy,landmarks/s0002/When/s0002_f_w001040/landmarks_177.npy,150,177
s0005_f_w001040,s0005,When,47,train,front,landmarks/s0005/When/s0005_f_w001040/landmarks.npy,landmarks/s0005/When/s0005_f_w001040/landmarks_177.npy,210,177
s0007_f_w001040,s0007,When,47,train,front,landmarks/s0007/When/s0007_f_w001040/landmarks.npy,landmarks/s0007/When/s0007_f_w001040/landmarks_177.npy,210,177
s0008_f_w001040,s0008,When,47,train,front,landmarks/s0008/When/s0008_f_w001040/landmarks.npy,landmarks/s0008/When/s0008_f_w001040/landmarks_177.npy,180,177
s0009_f_w001040,s0009,When,47,train,front,landmarks/s0009/When/s0009_f_w001040/landmarks.npy,landmarks/s0009/When/s0009_f_w001040/landmarks_177.npy,150,177
s0011_f_w001040,s0011,When,47,train,front,landmarks/s0011/When/s0011_f_w001040/landmarks.npy,landmarks/s0011/When/s0011_f_w001040/landmarks_177.npy,150,177
s0012_f_w001040,s0012,When,47,train,front,landmarks/s0012/When/s0012_f_w001040/landmarks.npy,landmarks/s0012/When/s0012_f_w001040/landmarks_177.npy,120,177
s0013_f_w001040,s0013,When,47,train,front,landmarks/s0013/When/s0013_f_w001040/landmarks.npy,landmarks/s0013/When/s0013_f_w001040/landmarks_177.npy,150,177
s0018_f_w001040,s0018,When,47,train,front,landmarks/s0018/When/s0018_f_w001040/landmarks.npy,landmarks/s0018/When/s0018_f_w001040/landmarks_177.npy,180,177
s0001_f_w001041,s0001,Where,48,train,front,landmarks/s0001/Where/s0001_f_w001041/landmarks.npy,landmarks/s0001/Where/s0001_f_w001041/landmarks_177.npy,180,177
s0002_f_w001041,s0002,Where,48,train,front,landmarks/s0002/Where/s0002_f_w001041/landmarks.npy,landmarks/s0002/Where/s0002_f_w001041/landmarks_177.npy,180,177
s0005_f_w001041,s0005,Where,48,train,front,landmarks/s0005/Where/s0005_f_w001041/landmarks.npy,landmarks/s0005/Where/s0005_f_w001041/landmarks_177.npy,210,177
s0007_f_w001041,s0007,Where,48,train,front,landmarks/s0007/Where/s0007_f_w001041/landmarks.npy,landmarks/s0007/Where/s0007_f_w001041/landmarks_177.npy,210,177
s0008_f_w001041,s0008,Where,48,train,front,landmarks/s0008/Where/s0008_f_w001041/landmarks.npy,landmarks/s0008/Where/s0008_f_w001041/landmarks_177.npy,210,177
s0009_f_w001041,s0009,Where,48,train,front,landmarks/s0009/Where/s0009_f_w001041/landmarks.npy,landmarks/s0009/Where/s0009_f_w001041/landmarks_177.npy,180,177
s0011_f_w001041,s0011,Where,48,train,front,landmarks/s0011/Where/s0011_f_w001041/landmarks.npy,landmarks/s0011/Where/s0011_f_w001041/landmarks_177.npy,150,177
s0012_f_w001041,s0012,Where,48,train,front,landmarks/s0012/Where/s0012_f_w001041/landmarks.npy,landmarks/s0012/Where/s0012_f_w001041/landmarks_177.npy,150,177
s0013_f_w001041,s0013,Where,48,train,front,landmarks/s0013/Where/s0013_f_w001041/landmarks.npy,landmarks/s0013/Where/s0013_f_w001041/landmarks_177.npy,150,177
s0018_f_w001041,s0018,Where,48,train,front,landmarks/s0018/Where/s0018_f_w001041/landmarks.npy,landmarks/s0018/Where/s0018_f_w001041/landmarks_177.npy,210,177
s0001_f_w001043,s0001,Who,49,train,front,landmarks/s0001/Who/s0001_f_w001043/landmarks.npy,landmarks/s0001/Who/s0001_f_w001043/landmarks_177.npy,180,177
s0002_f_w001043,s0002,Who,49,train,front,landmarks/s0002/Who/s0002_f_w001043/landmarks.npy,landmarks/s0002/Who/s0002_f_w001043/landmarks_177.npy,180,177
s0005_f_w001043,s0005,Who,49,train,front,landmarks/s0005/Who/s0005_f_w001043/landmarks.npy,landmarks/s0005/Who/s0005_f_w001043/landmarks_177.npy,240,177
s0007_f_w001043,s0007,Who,49,train,front,landmarks/s0007/Who/s0007_f_w001043/landmarks.npy,landmarks/s0007/Who/s0007_f_w001043/landmarks_177.npy,210,177
s0008_f_w001043,s0008,Who,49,train,front,landmarks/s0008/Who/s0008_f_w001043/landmarks.npy,landmarks/s0008/Who/s0008_f_w001043/landmarks_177.npy,180,177
s0009_f_w001043,s0009,Who,49,train,front,landmarks/s0009/Who/s0009_f_w001043/landmarks.npy,landmarks/s0009/Who/s0009_f_w001043/landmarks_177.npy,180,177
s0011_f_w001043,s0011,Who,49,train,front,landmarks/s0011/Who/s0011_f_w001043/landmarks.npy,landmarks/s0011/Who/s0011_f_w001043/landmarks_177.npy,150,177
s0012_f_w001043,s0012,Who,49,train,front,landmarks/s0012/Who/s0012_f_w001043/landmarks.npy,landmarks/s0012/Who/s0012_f_w001043/landmarks_177.npy,180,177
s0013_f_w001043,s0013,Who,49,train,front,landmarks/s0013/Who/s0013_f_w001043/landmarks.npy,landmarks/s0013/Who/s0013_f_w001043/landmarks_177.npy,180,177
s0018_f_w001043,s0018,Who,49,train,front,landmarks/s0018/Who/s0018_f_w001043/landmarks.npy,landmarks/s0018/Who/s0018_f_w001043/landmarks_177.npy,180,177
s0001_f_w001886,s0001,Why,50,train,front,landmarks/s0001/Why/s0001_f_w001886/landmarks.npy,landmarks/s0001/Why/s0001_f_w001886/landmarks_177.npy,150,177
s0002_f_w001886,s0002,Why,50,train,front,landmarks/s0002/Why/s0002_f_w001886/landmarks.npy,landmarks/s0002/Why/s0002_f_w001886/landmarks_177.npy,210,177
s0005_f_w001886,s0005,Why,50,train,front,landmarks/s0005/Why/s0005_f_w001886/landmarks.npy,landmarks/s0005/Why/s0005_f_w001886/landmarks_177.npy,180,177
s0007_f_w001886,s0007,Why,50,train,front,landmarks/s0007/Why/s0007_f_w001886/landmarks.npy,landmarks/s0007/Why/s0007_f_w001886/landmarks_177.npy,180,177
s0008_f_w001886,s0008,Why,50,train,front,landmarks/s0008/Why/s0008_f_w001886/landmarks.npy,landmarks/s0008/Why/s0008_f_w001886/landmarks_177.npy,180,177
s0009_f_w001886,s0009,Why,50,train,front,landmarks/s0009/Why/s0009_f_w001886/landmarks.npy,landmarks/s0009/Why/s0009_f_w001886/landmarks_177.npy,150,177
s0011_f_w001886,s0011,Why,50,train,front,landmarks/s0011/Why/s0011_f_w001886/landmarks.npy,landmarks/s0011/Why/s0011_f_w001886/landmarks_177.npy,120,177
s0012_f_w001886,s0012,Why,50,train,front,landmarks/s0012/Why/s0012_f_w001886/landmarks.npy,landmarks/s0012/Why/s0012_f_w001886/landmarks_177.npy,120,177
s0013_f_w001886,s0013,Why,50,train,front,landmarks/s0013/Why/s0013_f_w001886/landmarks.npy,landmarks/s0013/Why/s0013_f_w001886/landmarks_177.npy,120,177
s0018_f_w001886,s0018,Why,50,train,front,landmarks/s0018/Why/s0018_f_w001886/landmarks.npy,landmarks/s0018/Why/s0018_f_w001886/landmarks_177.npy,150,177
s0001_f_w001578,s0001,Yes,51,train,front,landmarks/s0001/Yes/s0001_f_w001578/landmarks.npy,landmarks/s0001/Yes/s0001_f_w001578/landmarks_177.npy,180,177
s0002_f_w001578,s0002,Yes,51,train,front,landmarks/s0002/Yes/s0002_f_w001578/landmarks.npy,landmarks/s0002/Yes/s0002_f_w001578/landmarks_177.npy,180,177
s0005_f_w001578,s0005,Yes,51,train,front,landmarks/s0005/Yes/s0005_f_w001578/landmarks.npy,landmarks/s0005/Yes/s0005_f_w001578/landmarks_177.npy,180,177
s0007_f_w001578,s0007,Yes,51,train,front,landmarks/s0007/Yes/s0007_f_w001578/landmarks.npy,landmarks/s0007/Yes/s0007_f_w001578/landmarks_177.npy,210,177
s0008_f_w001578,s0008,Yes,51,train,front,landmarks/s0008/Yes/s0008_f_w001578/landmarks.npy,landmarks/s0008/Yes/s0008_f_w001578/landmarks_177.npy,180,177
s0009_f_w001578,s0009,Yes,51,train,front,landmarks/s0009/Yes/s0009_f_w001578/landmarks.npy,landmarks/s0009/Yes/s0009_f_w001578/landmarks_177.npy,150,177
s0011_f_w001578,s0011,Yes,51,train,front,landmarks/s0011/Yes/s0011_f_w001578/landmarks.npy,landmarks/s0011/Yes/s0011_f_w001578/landmarks_177.npy,150,177
s0012_f_w001578,s0012,Yes,51,train,front,landmarks/s0012/Yes/s0012_f_w001578/landmarks.npy,landmarks/s0012/Yes/s0012_f_w001578/landmarks_177.npy,150,177
s0013_f_w001578,s0013,Yes,51,train,front,landmarks/s0013/Yes/s0013_f_w001578/landmarks.npy,landmarks/s0013/Yes/s0013_f_w001578/landmarks_177.npy,150,177
s0018_f_w001578,s0018,Yes,51,train,front,landmarks/s0018/Yes/s0018_f_w001578/landmarks.npy,landmarks/s0018/Yes/s0018_f_w001578/landmarks_177.npy,180,177
s0001_f_w000373,s0001,Yesterday,52,train,front,landmarks/s0001/Yesterday/s0001_f_w000373/landmarks.npy,landmarks/s0001/Yesterday/s0001_f_w000373/landmarks_177.npy,180,177
s0002_f_w000373,s0002,Yesterday,52,train,front,landmarks/s0002/Yesterday/s0002_f_w000373/landmarks.npy,landmarks/s0002/Yesterday/s0002_f_w000373/landmarks_177.npy,210,177
s0005_f_w000373,s0005,Yesterday,52,train,front,landmarks/s0005/Yesterday/s0005_f_w000373/landmarks.npy,landmarks/s0005/Yesterday/s0005_f_w000373/landmarks_177.npy,210,177
s0007_f_w000373,s0007,Yesterday,52,train,front,landmarks/s0007/Yesterday/s0007_f_w000373/landmarks.npy,landmarks/s0007/Yesterday/s0007_f_w000373/landmarks_177.npy,210,177
s0008_f_w000373,s0008,Yesterday,52,train,front,landmarks/s0008/Yesterday/s0008_f_w000373/landmarks.npy,landmarks/s0008/Yesterday/s0008_f_w000373/landmarks_177.npy,240,177
s0009_f_w000373,s0009,Yesterday,52,train,front,landmarks/s0009/Yesterday/s0009_f_w000373/landmarks.npy,landmarks/s0009/Yesterday/s0009_f_w000373/landmarks_177.npy,180,177
s0011_f_w000373,s0011,Yesterday,52,train,front,landmarks/s0011/Yesterday/s0011_f_w000373/landmarks.npy,landmarks/s0011/Yesterday/s0011_f_w000373/landmarks_177.npy,150,177
s0012_f_w000373,s0012,Yesterday,52,train,front,landmarks/s0012/Yesterday/s0012_f_w000373/landmarks.npy,landmarks/s0012/Yesterday/s0012_f_w000373/landmarks_177.npy,180,177
s0013_f_w000373,s0013,Yesterday,52,train,front,landmarks/s0013/Yesterday/s0013_f_w000373/landmarks.npy,landmarks/s0013/Yesterday/s0013_f_w000373/landmarks_177.npy,180,177
s0018_f_w000373,s0018,Yesterday,52,train,front,landmarks/s0018/Yesterday/s0018_f_w000373/landmarks.npy,landmarks/s0018/Yesterday/s0018_f_w000373/landmarks_177.npy,180,177
s0003_f_w000043,s0003,Angry,0,val,front,landmarks/s0003/Angry/s0003_f_w000043/landmarks.npy,landmarks/s0003/Angry/s0003_f_w000043/landmarks_177.npy,180,177
s0015_f_w000043,s0015,Angry,0,val,front,landmarks/s0015/Angry/s0015_f_w000043/landmarks.npy,landmarks/s0015/Angry/s0015_f_w000043/landmarks_177.npy,180,177
s0003_f_w001572,s0003,Bag,1,val,front,landmarks/s0003/Bag/s0003_f_w001572/landmarks.npy,landmarks/s0003/Bag/s0003_f_w001572/landmarks_177.npy,180,177
s0015_f_w001572,s0015,Bag,1,val,front,landmarks/s0015/Bag/s0015_f_w001572/landmarks.npy,landmarks/s0015/Bag/s0015_f_w001572/landmarks_177.npy,150,177
s0003_f_w000125,s0003,Bathroom,2,val,front,landmarks/s0003/Bathroom/s0003_f_w000125/landmarks.npy,landmarks/s0003/Bathroom/s0003_f_w000125/landmarks_177.npy,270,177
s0015_f_w000125,s0015,Bathroom,2,val,front,landmarks/s0015/Bathroom/s0015_f_w000125/landmarks.npy,landmarks/s0015/Bathroom/s0015_f_w000125/landmarks_177.npy,210,177
s0003_f_w000430,s0003,Book,3,val,front,landmarks/s0003/Book/s0003_f_w000430/landmarks.npy,landmarks/s0003/Book/s0003_f_w000430/landmarks_177.npy,180,177
s0015_f_w000430,s0015,Book,3,val,front,landmarks/s0015/Book/s0015_f_w000430/landmarks.npy,landmarks/s0015/Book/s0015_f_w000430/landmarks_177.npy,150,177
s0003_f_w000005,s0003,Brother,4,val,front,landmarks/s0003/Brother/s0003_f_w000005/landmarks.npy,landmarks/s0003/Brother/s0003_f_w000005/landmarks_177.npy,210,177
s0015_f_w000005,s0015,Brother,4,val,front,landmarks/s0015/Brother/s0015_f_w000005/landmarks.npy,landmarks/s0015/Brother/s0015_f_w000005/landmarks_177.npy,180,177
s0003_f_w001133,s0003,Come,5,val,front,landmarks/s0003/Come/s0003_f_w001133/landmarks.npy,landmarks/s0003/Come/s0003_f_w001133/landmarks_177.npy,180,177
s0015_f_w001133,s0015,Come,5,val,front,landmarks/s0015/Come/s0015_f_w001133/landmarks.npy,landmarks/s0015/Come/s0015_f_w001133/landmarks_177.npy,150,177
s0003_f_w001018,s0003,Down,6,val,front,landmarks/s0003/Down/s0003_f_w001018/landmarks.npy,landmarks/s0003/Down/s0003_f_w001018/landmarks_177.npy,180,177
s0015_f_w001018,s0015,Down,6,val,front,landmarks/s0015/Down/s0015_f_w001018/landmarks.npy,landmarks/s0015/Down/s0015_f_w001018/landmarks_177.npy,120,177
s0003_f_w001161,s0003,Drink,7,val,front,landmarks/s0003/Drink/s0003_f_w001161/landmarks.npy,landmarks/s0003/Drink/s0003_f_w001161/landmarks_177.npy,210,177
s0015_f_w001161,s0015,Drink,7,val,front,landmarks/s0015/Drink/s0015_f_w001161/landmarks.npy,landmarks/s0015/Drink/s0015_f_w001161/landmarks_177.npy,150,177
s0003_f_w001635,s0003,Eat [VEB]/Food,8,val,front,landmarks/s0003/Eat [VEB]_Food/s0003_f_w001635/landmarks.npy,landmarks/s0003/Eat [VEB]_Food/s0003_f_w001635/landmarks_177.npy,180,177
s0015_f_w001635,s0015,Eat [VEB]/Food,8,val,front,landmarks/s0015/Eat [VEB]_Food/s0015_f_w001635/landmarks.npy,landmarks/s0015/Eat [VEB]_Food/s0015_f_w001635/landmarks_177.npy,150,177
s0003_f_w000356,s0003,Evening,9,val,front,landmarks/s0003/Evening/s0003_f_w000356/landmarks.npy,landmarks/s0003/Evening/s0003_f_w000356/landmarks_177.npy,210,177
s0015_f_w000356,s0015,Evening,9,val,front,landmarks/s0015/Evening/s0015_f_w000356/landmarks.npy,landmarks/s0015/Evening/s0015_f_w000356/landmarks_177.npy,120,177
s0003_f_w000011,s0003,Family,10,val,front,landmarks/s0003/Family/s0003_f_w000011/landmarks.npy,landmarks/s0003/Family/s0003_f_w000011/landmarks_177.npy,210,177
s0015_f_w000011,s0015,Family,10,val,front,landmarks/s0015/Family/s0015_f_w000011/landmarks.npy,landmarks/s0015/Family/s0015_f_w000011/landmarks_177.npy,210,177
s0003_f_w001019,s0003,Far,11,val,front,landmarks/s0003/Far/s0003_f_w001019/landmarks.npy,landmarks/s0003/Far/s0003_f_w001019/landmarks_177.npy,180,177
s0015_f_w001019,s0015,Far,11,val,front,landmarks/s0015/Far/s0015_f_w001019/landmarks.npy,landmarks/s0015/Far/s0015_f_w001019/landmarks_177.npy,150,177
s0003_f_w000012,s0003,Father,12,val,front,landmarks/s0003/Father/s0003_f_w000012/landmarks.npy,landmarks/s0003/Father/s0003_f_w000012/landmarks_177.npy,180,177
s0015_f_w000012,s0015,Father,12,val,front,landmarks/s0015/Father/s0015_f_w000012/landmarks.npy,landmarks/s0015/Father/s0015_f_w000012/landmarks_177.npy,150,177
s0003_f_w000014,s0003,Friend,13,val,front,landmarks/s0003/Friend/s0003_f_w000014/landmarks.npy,landmarks/s0003/Friend/s0003_f_w000014/landmarks_177.npy,180,177
s0015_f_w000014,s0015,Friend,13,val,front,landmarks/s0015/Friend/s0015_f_w000014/landmarks.npy,landmarks/s0015/Friend/s0015_f_w000014/landmarks_177.npy,180,177
s0003_f_w001185,s0003,Go,14,val,front,landmarks/s0003/Go/s0003_f_w001185/landmarks.npy,landmarks/s0003/Go/s0003_f_w001185/landmarks_177.npy,180,177
s0015_f_w001185,s0015,Go,14,val,front,landmarks/s0015/Go/s0015_f_w001185/landmarks.npy,landmarks/s0015/Go/s0015_f_w001185/landmarks_177.npy,120,177
s0003_f_w000054,s0003,Good,15,val,front,landmarks/s0003/Good/s0003_f_w000054/landmarks.npy,landmarks/s0003/Good/s0003_f_w000054/landmarks_177.npy,180,177
s0015_f_w000054,s0015,Good,15,val,front,landmarks/s0015/Good/s0015_f_w000054/landmarks.npy,landmarks/s0015/Good/s0015_f_w000054/landmarks_177.npy,150,177
s0003_f_w000045,s0003,Bad,16,val,front,landmarks/s0003/Bad/s0003_f_w000045/landmarks.npy,landmarks/s0003/Bad/s0003_f_w000045/landmarks_177.npy,150,177
s0015_f_w000045,s0015,Bad,16,val,front,landmarks/s0015/Bad/s0015_f_w000045/landmarks.npy,landmarks/s0015/Bad/s0015_f_w000045/landmarks_177.npy,150,177
s0003_f_w001370,s0003,Happy,17,val,front,landmarks/s0003/Happy/s0003_f_w001370/landmarks.npy,landmarks/s0003/Happy/s0003_f_w001370/landmarks_177.npy,180,177
s0015_f_w001370,s0015,Happy,17,val,front,landmarks/s0015/Happy/s0015_f_w001370/landmarks.npy,landmarks/s0015/Happy/s0015_f_w001370/landmarks_177.npy,150,177
s0003_f_w001590,s0003,Hello,18,val,front,landmarks/s0003/Hello/s0003_f_w001590/landmarks.npy,landmarks/s0003/Hello/s0003_f_w001590/landmarks_177.npy,180,177
s0015_f_w001590,s0015,Hello,18,val,front,landmarks/s0015/Hello/s0015_f_w001590/landmarks.npy,landmarks/s0015/Hello/s0015_f_w001590/landmarks_177.npy,150,177
s0003_f_w000056,s0003,Help [VEB],19,val,front,landmarks/s0003/Help [VEB]/s0003_f_w000056/landmarks.npy,landmarks/s0003/Help [VEB]/s0003_f_w000056/landmarks_177.npy,180,177
s0015_f_w000056,s0015,Help [VEB],19,val,front,landmarks/s0015/Help [VEB]/s0015_f_w000056/landmarks.npy,landmarks/s0015/Help [VEB]/s0015_f_w000056/landmarks_177.npy,180,177
s0003_f_w001638,s0003,Home/House,20,val,front,landmarks/s0003/Home_House/s0003_f_w001638/landmarks.npy,landmarks/s0003/Home_House/s0003_f_w001638/landmarks_177.npy,180,177
s0015_f_w001638,s0015,Home/House,20,val,front,landmarks/s0015/Home_House/s0015_f_w001638/landmarks.npy,landmarks/s0015/Home_House/s0015_f_w001638/landmarks_177.npy,120,177
s0003_f_w000668,s0003,Hospital,21,val,front,landmarks/s0003/Hospital/s0003_f_w000668/landmarks.npy,landmarks/s0003/Hospital/s0003_f_w000668/landmarks_177.npy,210,177
s0015_f_w000668,s0015,Hospital,21,val,front,landmarks/s0015/Hospital/s0015_f_w000668/landmarks.npy,landmarks/s0015/Hospital/s0015_f_w000668/landmarks_177.npy,210,177
s0003_f_w001036,s0003,How,22,val,front,landmarks/s0003/How/s0003_f_w001036/landmarks.npy,landmarks/s0003/How/s0003_f_w001036/landmarks_177.npy,180,177
s0015_f_w001036,s0015,How,22,val,front,landmarks/s0015/How/s0015_f_w001036/landmarks.npy,landmarks/s0015/How/s0015_f_w001036/landmarks_177.npy,150,177
s0003_f_w001643,s0003,Left (Side)/Left (Hand),23,val,front,landmarks/s0003/Left (Side)_Left (Hand)/s0003_f_w001643/landmarks.npy,landmarks/s0003/Left (Side)_Left (Hand)/s0003_f_w001643/landmarks_177.npy,210,177
s0015_f_w001643,s0015,Left (Side)/Left (Hand),23,val,front,landmarks/s0015/Left (Side)_Left (Hand)/s0015_f_w001643/landmarks.npy,landmarks/s0015/Left (Side)_Left (Hand)/s0015_f_w001643/landmarks_177.npy,150,177
s0003_f_w000392,s0003,Money,24,val,front,landmarks/s0003/Money/s0003_f_w000392/landmarks.npy,landmarks/s0003/Money/s0003_f_w000392/landmarks_177.npy,180,177
s0015_f_w000392,s0015,Money,24,val,front,landmarks/s0015/Money/s0015_f_w000392/landmarks.npy,landmarks/s0015/Money/s0015_f_w000392/landmarks_177.npy,150,177
s0003_f_w000362,s0003,Morning,25,val,front,landmarks/s0003/Morning/s0003_f_w000362/landmarks.npy,landmarks/s0003/Morning/s0003_f_w000362/landmarks_177.npy,180,177
s0015_f_w000362,s0015,Morning,25,val,front,landmarks/s0015/Morning/s0015_f_w000362/landmarks.npy,landmarks/s0015/Morning/s0015_f_w000362/landmarks_177.npy,120,177
s0003_f_w000023,s0003,Mother,26,val,front,landmarks/s0003/Mother/s0003_f_w000023/landmarks.npy,landmarks/s0003/Mother/s0003_f_w000023/landmarks_177.npy,180,177
s0015_f_w000023,s0015,Mother,26,val,front,landmarks/s0015/Mother/s0015_f_w000023/landmarks.npy,landmarks/s0015/Mother/s0015_f_w000023/landmarks_177.npy,180,177
s0003_f_w001025,s0003,Near,27,val,front,landmarks/s0003/Near/s0003_f_w001025/landmarks.npy,landmarks/s0003/Near/s0003_f_w001025/landmarks_177.npy,180,177
s0015_f_w001025,s0015,Near,27,val,front,landmarks/s0015/Near/s0015_f_w001025/landmarks.npy,landmarks/s0015/Near/s0015_f_w001025/landmarks_177.npy,150,177
s0003_f_w000365,s0003,Night,28,val,front,landmarks/s0003/Night/s0003_f_w000365/landmarks.npy,landmarks/s0003/Night/s0003_f_w000365/landmarks_177.npy,180,177
s0015_f_w000365,s0015,Night,28,val,front,landmarks/s0015/Night/s0015_f_w000365/landmarks.npy,landmarks/s0015/Night/s0015_f_w000365/landmarks_177.npy,150,177
s0003_f_w001577,s0003,No,29,val,front,landmarks/s0003/No/s0003_f_w001577/landmarks.npy,landmarks/s0003/No/s0003_f_w001577/landmarks_177.npy,150,177
s0015_f_w001577,s0015,No,29,val,front,landmarks/s0015/No/s0015_f_w001577/landmarks.npy,landmarks/s0015/No/s0015_f_w001577/landmarks_177.npy,150,177
s0003_f_w001796,s0003,Now,30,val,front,landmarks/s0003/Now/s0003_f_w001796/landmarks.npy,landmarks/s0003/Now/s0003_f_w001796/landmarks_177.npy,180,177
s0015_f_w001796,s0015,Now,30,val,front,landmarks/s0015/Now/s0015_f_w001796/landmarks.npy,landmarks/s0015/Now/s0015_f_w001796/landmarks_177.npy,120,177
s0003_f_w000672,s0003,Office,31,val,front,landmarks/s0003/Office/s0003_f_w000672/landmarks.npy,landmarks/s0003/Office/s0003_f_w000672/landmarks_177.npy,210,177
s0015_f_w000672,s0015,Office,31,val,front,landmarks/s0015/Office/s0015_f_w000672/landmarks.npy,landmarks/s0015/Office/s0015_f_w000672/landmarks_177.npy,180,177
s0003_f_w001486,s0003,Please,32,val,front,landmarks/s0003/Please/s0003_f_w001486/landmarks.npy,landmarks/s0003/Please/s0003_f_w001486/landmarks_177.npy,240,177
s0015_f_w001486,s0015,Please,32,val,front,landmarks/s0015/Please/s0015_f_w001486/landmarks.npy,landmarks/s0015/Please/s0015_f_w001486/landmarks_177.npy,150,177
s0003_f_w000070,s0003,Right,33,val,front,landmarks/s0003/Right/s0003_f_w000070/landmarks.npy,landmarks/s0003/Right/s0003_f_w000070/landmarks_177.npy,180,177
s0015_f_w000070,s0015,Right,33,val,front,landmarks/s0015/Right/s0015_f_w000070/landmarks.npy,landmarks/s0015/Right/s0015_f_w000070/landmarks_177.npy,180,177
s0003_f_w001415,s0003,Sad,34,val,front,landmarks/s0003/Sad/s0003_f_w001415/landmarks.npy,landmarks/s0003/Sad/s0003_f_w001415/landmarks_177.npy,210,177
s0015_f_w001415,s0015,Sad,34,val,front,landmarks/s0015/Sad/s0015_f_w001415/landmarks.npy,landmarks/s0015/Sad/s0015_f_w001415/landmarks_177.npy,120,177
s0003_f_w000421,s0003,School,35,val,front,landmarks/s0003/School/s0003_f_w000421/landmarks.npy,landmarks/s0003/School/s0003_f_w000421/landmarks_177.npy,210,177
s0015_f_w000421,s0015,School,35,val,front,landmarks/s0015/School/s0015_f_w000421/landmarks.npy,landmarks/s0015/School/s0015_f_w000421/landmarks_177.npy,180,177
s0003_f_w000677,s0003,Shop,36,val,front,landmarks/s0003/Shop/s0003_f_w000677/landmarks.npy,landmarks/s0003/Shop/s0003_f_w000677/landmarks_177.npy,240,177
s0015_f_w000677,s0015,Shop,36,val,front,landmarks/s0015/Shop/s0015_f_w000677/landmarks.npy,landmarks/s0015/Shop/s0015_f_w000677/landmarks_177.npy,210,177
s0003_f_w000032,s0003,Sister,37,val,front,landmarks/s0003/Sister/s0003_f_w000032/landmarks.npy,landmarks/s0003/Sister/s0003_f_w000032/landmarks_177.npy,210,177
s0015_f_w000032,s0015,Sister,37,val,front,landmarks/s0015/Sister/s0015_f_w000032/landmarks.npy,landmarks/s0015/Sister/s0015_f_w000032/landmarks_177.npy,180,177
s0003_f_w001465,s0003,Smart Phone,38,val,front,landmarks/s0003/Smart Phone/s0003_f_w001465/landmarks.npy,landmarks/s0003/Smart Phone/s0003_f_w001465/landmarks_177.npy,240,177
s0015_f_w001465,s0015,Smart Phone,38,val,front,landmarks/s0015/Smart Phone/s0015_f_w001465/landmarks.npy,landmarks/s0015/Smart Phone/s0015_f_w001465/landmarks_177.npy,180,177
s0003_f_w001429,s0003,Sorry,39,val,front,landmarks/s0003/Sorry/s0003_f_w001429/landmarks.npy,landmarks/s0003/Sorry/s0003_f_w001429/landmarks_177.npy,210,177
s0015_f_w001429,s0015,Sorry,39,val,front,landmarks/s0015/Sorry/s0015_f_w001429/landmarks.npy,landmarks/s0015/Sorry/s0015_f_w001429/landmarks_177.npy,150,177
s0003_f_w000075,s0003,Thank You,40,val,front,landmarks/s0003/Thank You/s0003_f_w000075/landmarks.npy,landmarks/s0003/Thank You/s0003_f_w000075/landmarks_177.npy,210,177
s0015_f_w000075,s0015,Thank You,40,val,front,landmarks/s0015/Thank You/s0015_f_w000075/landmarks.npy,landmarks/s0015/Thank You/s0015_f_w000075/landmarks_177.npy,150,177
s0003_f_w000370,s0003,Today,41,val,front,landmarks/s0003/Today/s0003_f_w000370/landmarks.npy,landmarks/s0003/Today/s0003_f_w000370/landmarks_177.npy,180,177
s0015_f_w000370,s0015,Today,41,val,front,landmarks/s0015/Today/s0015_f_w000370/landmarks.npy,landmarks/s0015/Today/s0015_f_w000370/landmarks_177.npy,150,177
s0003_f_w000371,s0003,Tomorrow,42,val,front,landmarks/s0003/Tomorrow/s0003_f_w000371/landmarks.npy,landmarks/s0003/Tomorrow/s0003_f_w000371/landmarks_177.npy,180,177
s0015_f_w000371,s0015,Tomorrow,42,val,front,landmarks/s0015/Tomorrow/s0015_f_w000371/landmarks.npy,landmarks/s0015/Tomorrow/s0015_f_w000371/landmarks_177.npy,120,177
s0003_f_w001035,s0003,Up,43,val,front,landmarks/s0003/Up/s0003_f_w001035/landmarks.npy,landmarks/s0003/Up/s0003_f_w001035/landmarks_177.npy,150,177
s0015_f_w001035,s0015,Up,43,val,front,landmarks/s0015/Up/s0015_f_w001035/landmarks.npy,landmarks/s0015/Up/s0015_f_w001035/landmarks_177.npy,120,177
s0003_f_w000228,s0003,Water,44,val,front,landmarks/s0003/Water/s0003_f_w000228/landmarks.npy,landmarks/s0003/Water/s0003_f_w000228/landmarks_177.npy,180,177
s0015_f_w000228,s0015,Water,44,val,front,landmarks/s0015/Water/s0015_f_w000228/landmarks.npy,landmarks/s0015/Water/s0015_f_w000228/landmarks_177.npy,120,177
s0003_f_w001309,s0003,Welcome,45,val,front,landmarks/s0003/Welcome/s0003_f_w001309/landmarks.npy,landmarks/s0003/Welcome/s0003_f_w001309/landmarks_177.npy,180,177
s0015_f_w001309,s0015,Welcome,45,val,front,landmarks/s0015/Welcome/s0015_f_w001309/landmarks.npy,landmarks/s0015/Welcome/s0015_f_w001309/landmarks_177.npy,150,177
s0003_f_w001038,s0003,What,46,val,front,landmarks/s0003/What/s0003_f_w001038/landmarks.npy,landmarks/s0003/What/s0003_f_w001038/landmarks_177.npy,180,177
s0015_f_w001038,s0015,What,46,val,front,landmarks/s0015/What/s0015_f_w001038/landmarks.npy,landmarks/s0015/What/s0015_f_w001038/landmarks_177.npy,120,177
s0003_f_w001040,s0003,When,47,val,front,landmarks/s0003/When/s0003_f_w001040/landmarks.npy,landmarks/s0003/When/s0003_f_w001040/landmarks_177.npy,150,177
s0015_f_w001040,s0015,When,47,val,front,landmarks/s0015/When/s0015_f_w001040/landmarks.npy,landmarks/s0015/When/s0015_f_w001040/landmarks_177.npy,150,177
s0003_f_w001041,s0003,Where,48,val,front,landmarks/s0003/Where/s0003_f_w001041/landmarks.npy,landmarks/s0003/Where/s0003_f_w001041/landmarks_177.npy,180,177
s0015_f_w001041,s0015,Where,48,val,front,landmarks/s0015/Where/s0015_f_w001041/landmarks.npy,landmarks/s0015/Where/s0015_f_w001041/landmarks_177.npy,150,177
s0003_f_w001043,s0003,Who,49,val,front,landmarks/s0003/Who/s0003_f_w001043/landmarks.npy,landmarks/s0003/Who/s0003_f_w001043/landmarks_177.npy,180,177
s0015_f_w001043,s0015,Who,49,val,front,landmarks/s0015/Who/s0015_f_w001043/landmarks.npy,landmarks/s0015/Who/s0015_f_w001043/landmarks_177.npy,150,177
s0003_f_w001886,s0003,Why,50,val,front,landmarks/s0003/Why/s0003_f_w001886/landmarks.npy,landmarks/s0003/Why/s0003_f_w001886/landmarks_177.npy,150,177
s0015_f_w001886,s0015,Why,50,val,front,landmarks/s0015/Why/s0015_f_w001886/landmarks.npy,landmarks/s0015/Why/s0015_f_w001886/landmarks_177.npy,120,177
s0003_f_w001578,s0003,Yes,51,val,front,landmarks/s0003/Yes/s0003_f_w001578/landmarks.npy,landmarks/s0003/Yes/s0003_f_w001578/landmarks_177.npy,180,177
s0015_f_w001578,s0015,Yes,51,val,front,landmarks/s0015/Yes/s0015_f_w001578/landmarks.npy,landmarks/s0015/Yes/s0015_f_w001578/landmarks_177.npy,150,177
s0003_f_w000373,s0003,Yesterday,52,val,front,landmarks/s0003/Yesterday/s0003_f_w000373/landmarks.npy,landmarks/s0003/Yesterday/s0003_f_w000373/landmarks_177.npy,180,177
s0015_f_w000373,s0015,Yesterday,52,val,front,landmarks/s0015/Yesterday/s0015_f_w000373/landmarks.npy,landmarks/s0015/Yesterday/s0015_f_w000373/landmarks_177.npy,120,177
