id,video_path,video_dir,video_name,class,label,split,signer,view
11129,/home/billu/FDMSE-ISL/data/s0004/front/s0004_f_w000043.mp4,data/s0004/front/s0004_f_w000043.mp4,s0004_f_w000043.mp4,Angry,0,test,s0004,front
28582,/home/billu/FDMSE-ISL/data/s0006/front/s0006_f_w000043.mp4,data/s0006/front/s0006_f_w000043.mp4,s0006_f_w000043.mp4,Angry,0,test,s0006,front
40987,/home/billu/FDMSE-ISL/data/s0010/front/s0010_f_w000043.mp4,data/s0010/front/s0010_f_w000043.mp4,s0010_f_w000043.mp4,Angry,0,test,s0010,front
16540,/home/billu/FDMSE-ISL/data/s0014/front/s0014_f_w000043.mp4,data/s0014/front/s0014_f_w000043.mp4,s0014_f_w000043.mp4,Angry,0,test,s0014,front
3696,/home/billu/FDMSE-ISL/data/s0016/front/s0016_f_w000043.mp4,data/s0016/front/s0016_f_w000043.mp4,s0016_f_w000043.mp4,Angry,0,test,s0016,front
6056,/home/billu/FDMSE-ISL/data/s0017/front/s0017_f_w000043.mp4,data/s0017/front/s0017_f_w000043.mp4,s0017_f_w000043.mp4,Angry,0,test,s0017,front
32970,/home/billu/FDMSE-ISL/data/s0019/front/s0019_f_w000043.mp4,data/s0019/front/s0019_f_w000043.mp4,s0019_f_w000043.mp4,Angry,0,test,s0019,front
22509,/home/billu/FDMSE-ISL/data/s0020/front/s0020_f_w000043.mp4,data/s0020/front/s0020_f_w000043.mp4,s0020_f_w000043.mp4,Angry,0,test,s0020,front
10680,/home/billu/FDMSE-ISL/data/s0004/front/s0004_f_w001572.mp4,data/s0004/front/s0004_f_w001572.mp4,s0004_f_w001572.mp4,Bag,1,test,s0004,front
29278,/home/billu/FDMSE-ISL/data/s0006/front/s0006_f_w001572.mp4,data/s0006/front/s0006_f_w001572.mp4,s0006_f_w001572.mp4,Bag,1,test,s0006,front
41903,/home/billu/FDMSE-ISL/data/s0010/front/s0010_f_w001572.mp4,data/s0010/front/s0010_f_w001572.mp4,s0010_f_w001572.mp4,Bag,1,test,s0010,front
16868,/home/billu/FDMSE-ISL/data/s0014/front/s0014_f_w001572.mp4,data/s0014/front/s0014_f_w001572.mp4,s0014_f_w001572.mp4,Bag,1,test,s0014,front
3512,/home/billu/FDMSE-ISL/data/s0016/front/s0016_f_w001572.mp4,data/s0016/front/s0016_f_w001572.mp4,s0016_f_w001572.mp4,Bag,1,test,s0016,front
7839,/home/billu/FDMSE-ISL/data/s0017/front/s0017_f_w001572.mp4,data/s0017/front/s0017_f_w001572.mp4,s0017_f_w001572.mp4,Bag,1,test,s0017,front
31937,/home/billu/FDMSE-ISL/data/s0019/front/s0019_f_w001572.mp4,data/s0019/front/s0019_f_w001572.mp4,s0019_f_w001572.mp4,Bag,1,test,s0019,front
23114,/home/billu/FDMSE-ISL/data/s0020/front/s0020_f_w001572.mp4,data/s0020/front/s0020_f_w001572.mp4,s0020_f_w001572.mp4,Bag,1,test,s0020,front
11780,/home/billu/FDMSE-ISL/data/s0004/front/s0004_f_w000125.mp4,data/s0004/front/s0004_f_w000125.mp4,s0004_f_w000125.mp4,Bathroom,2,test,s0004,front
29757,/home/billu/FDMSE-ISL/data/s0006/front/s0006_f_w000125.mp4,data/s0006/front/s0006_f_w000125.mp4,s0006_f_w000125.mp4,Bathroom,2,test,s0006,front
40535,/home/billu/FDMSE-ISL/data/s0010/front/s0010_f_w000125.mp4,data/s0010/front/s0010_f_w000125.mp4,s0010_f_w000125.mp4,Bathroom,2,test,s0010,front
16443,/home/billu/FDMSE-ISL/data/s0014/front/s0014_f_w000125.mp4,data/s0014/front/s0014_f_w000125.mp4,s0014_f_w000125.mp4,Bathroom,2,test,s0014,front
3101,/home/billu/FDMSE-ISL/data/s0016/front/s0016_f_w000125.mp4,data/s0016/front/s0016_f_w000125.mp4,s0016_f_w000125.mp4,Bathroom,2,test,s0016,front
6662,/home/billu/FDMSE-ISL/data/s0017/front/s0017_f_w000125.mp4,data/s0017/front/s0017_f_w000125.mp4,s0017_f_w000125.mp4,Bathroom,2,test,s0017,front
32384,/home/billu/FDMSE-ISL/data/s0019/front/s0019_f_w000125.mp4,data/s0019/front/s0019_f_w000125.mp4,s0019_f_w000125.mp4,Bathroom,2,test,s0019,front
22172,/home/billu/FDMSE-ISL/data/s0020/front/s0020_f_w000125.mp4,data/s0020/front/s0020_f_w000125.mp4,s0020_f_w000125.mp4,Bathroom,2,test,s0020,front
10439,/home/billu/FDMSE-ISL/data/s0004/front/s0004_f_w000430.mp4,data/s0004/front/s0004_f_w000430.mp4,s0004_f_w000430.mp4,Book,3,test,s0004,front
29399,/home/billu/FDMSE-ISL/data/s0006/front/s0006_f_w000430.mp4,data/s0006/front/s0006_f_w000430.mp4,s0006_f_w000430.mp4,Book,3,test,s0006,front
40940,/home/billu/FDMSE-ISL/data/s0010/front/s0010_f_w000430.mp4,data/s0010/front/s0010_f_w000430.mp4,s0010_f_w000430.mp4,Book,3,test,s0010,front
16400,/home/billu/FDMSE-ISL/data/s0014/front/s0014_f_w000430.mp4,data/s0014/front/s0014_f_w000430.mp4,s0014_f_w000430.mp4,Book,3,test,s0014,front
2805,/home/billu/FDMSE-ISL/data/s0016/front/s0016_f_w000430.mp4,data/s0016/front/s0016_f_w000430.mp4,s0016_f_w000430.mp4,Book,3,test,s0016,front
6185,/home/billu/FDMSE-ISL/data/s0017/front/s0017_f_w000430.mp4,data/s0017/front/s0017_f_w000430.mp4,s0017_f_w000430.mp4,Book,3,test,s0017,front
32232,/home/billu/FDMSE-ISL/data/s0019/front/s0019_f_w000430.mp4,data/s0019/front/s0019_f_w000430.mp4,s0019_f_w000430.mp4,Book,3,test,s0019,front
22379,/home/billu/FDMSE-ISL/data/s0020/front/s0020_f_w000430.mp4,data/s0020/front/s0020_f_w000430.mp4,s0020_f_w000430.mp4,Book,3,test,s0020,front
11814,/home/billu/FDMSE-ISL/data/s0004/front/s0004_f_w000005.mp4,data/s0004/front/s0004_f_w000005.mp4,s0004_f_w000005.mp4,Brother,4,test,s0004,front
29713,/home/billu/FDMSE-ISL/data/s0006/front/s0006_f_w000005.mp4,data/s0006/front/s0006_f_w000005.mp4,s0006_f_w000005.mp4,Brother,4,test,s0006,front
40147,/home/billu/FDMSE-ISL/data/s0010/front/s0010_f_w000005.mp4,data/s0010/front/s0010_f_w000005.mp4,s0010_f_w000005.mp4,Brother,4,test,s0010,front
17397,/home/billu/FDMSE-ISL/data/s0014/front/s0014_f_w000005.mp4,data/s0014/front/s0014_f_w000005.mp4,s0014_f_w000005.mp4,Brother,4,test,s0014,front
3680,/home/billu/FDMSE-ISL/data/s0016/front/s0016_f_w000005.mp4,data/s0016/front/s0016_f_w000005.mp4,s0016_f_w000005.mp4,Brother,4,test,s0016,front
7115,/home/billu/FDMSE-ISL/data/s0017/front/s0017_f_w000005.mp4,data/s0017/front/s0017_f_w000005.mp4,s0017_f_w000005.mp4,Brother,4,test,s0017,front
32369,/home/billu/FDMSE-ISL/data/s0019/front/s0019_f_w000005.mp4,data/s0019/front/s0019_f_w000005.mp4,s0019_f_w000005.mp4,Brother,4,test,s0019,front
22210,/home/billu/FDMSE-ISL/data/s0020/front/s0020_f_w000005.mp4,data/s0020/front/s0020_f_w000005.mp4,s0020_f_w000005.mp4,Brother,4,test,s0020,front
11106,/home/billu/FDMSE-ISL/data/s0004/front/s0004_f_w001133.mp4,data/s0004/front/s0004_f_w001133.mp4,s0004_f_w001133.mp4,Come,5,test,s0004,front
29501,/home/billu/FDMSE-ISL/data/s0006/front/s0006_f_w001133.mp4,data/s0006/front/s0006_f_w001133.mp4,s0006_f_w001133.mp4,Come,5,test,s0006,front
41457,/home/billu/FDMSE-ISL/data/s0010/front/s0010_f_w001133.mp4,data/s0010/front/s0010_f_w001133.mp4,s0010_f_w001133.mp4,Come,5,test,s0010,front
15930,/home/billu/FDMSE-ISL/data/s0014/front/s0014_f_w001133.mp4,data/s0014/front/s0014_f_w001133.mp4,s0014_f_w001133.mp4,Come,5,test,s0014,front
3528,/home/billu/FDMSE-ISL/data/s0016/front/s0016_f_w001133.mp4,data/s0016/front/s0016_f_w001133.mp4,s0016_f_w001133.mp4,Come,5,test,s0016,front
7837,/home/billu/FDMSE-ISL/data/s0017/front/s0017_f_w001133.mp4,data/s0017/front/s0017_f_w001133.mp4,s0017_f_w001133.mp4,Come,5,test,s0017,front
32965,/home/billu/FDMSE-ISL/data/s0019/front/s0019_f_w001133.mp4,data/s0019/front/s0019_f_w001133.mp4,s0019_f_w001133.mp4,Come,5,test,s0019,front
23430,/home/billu/FDMSE-ISL/data/s0020/front/s0020_f_w001133.mp4,data/s0020/front/s0020_f_w001133.mp4,s0020_f_w001133.mp4,Come,5,test,s0020,front
10670,/home/billu/FDMSE-ISL/data/s0004/front/s0004_f_w001018.mp4,data/s0004/front/s0004_f_w001018.mp4,s0004_f_w001018.mp4,Down,6,test,s0004,front
29331,/home/billu/FDMSE-ISL/data/s0006/front/s0006_f_w001018.mp4,data/s0006/front/s0006_f_w001018.mp4,s0006_f_w001018.mp4,Down,6,test,s0006,front
39914,/home/billu/FDMSE-ISL/data/s0010/front/s0010_f_w001018.mp4,data/s0010/front/s0010_f_w001018.mp4,s0010_f_w001018.mp4,Down,6,test,s0010,front
16777,/home/billu/FDMSE-ISL/data/s0014/front/s0014_f_w001018.mp4,data/s0014/front/s0014_f_w001018.mp4,s0014_f_w001018.mp4,Down,6,test,s0014,front
3488,/home/billu/FDMSE-ISL/data/s0016/front/s0016_f_w001018.mp4,data/s0016/front/s0016_f_w001018.mp4,s0016_f_w001018.mp4,Down,6,test,s0016,front
6841,/home/billu/FDMSE-ISL/data/s0017/front/s0017_f_w001018.mp4,data/s0017/front/s0017_f_w001018.mp4,s0017_f_w001018.mp4,Down,6,test,s0017,front
32174,/home/billu/FDMSE-ISL/data/s0019/front/s0019_f_w001018.mp4,data/s0019/front/s0019_f_w001018.mp4,s0019_f_w001018.mp4,Down,6,test,s0019,front
22551,/home/billu/FDMSE-ISL/data/s0020/front/s0020_f_w001018.mp4,data/s0020/front/s0020_f_w001018.mp4,s0020_f_w001018.mp4,Down,6,test,s0020,front
10493,/home/billu/FDMSE-ISL/data/s0004/front/s0004_f_w001161.mp4,data/s0004/front/s0004_f_w001161.mp4,s0004_f_w001161.mp4,Drink,7,test,s0004,front
29690,/home/billu/FDMSE-ISL/data/s0006/front/s0006_f_w001161.mp4,data/s0006/front/s0006_f_w001161.mp4,s0006_f_w001161.mp4,Drink,7,test,s0006,front
39955,/home/billu/FDMSE-ISL/data/s0010/front/s0010_f_w001161.mp4,data/s0010/front/s0010_f_w001161.mp4,s0010_f_w001161.mp4,Drink,7,test,s0010,front
17886,/home/billu/FDMSE-ISL/data/s0014/front/s0014_f_w001161.mp4,data/s0014/front/s0014_f_w001161.mp4,s0014_f_w001161.mp4,Drink,7,test,s0014,front
3647,/home/billu/FDMSE-ISL/data/s0016/front/s0016_f_w001161.mp4,data/s0016/front/s0016_f_w001161.mp4,s0016_f_w001161.mp4,Drink,7,test,s0016,front
6046,/home/billu/FDMSE-ISL/data/s0017/front/s0017_f_w001161.mp4,data/s0017/front/s0017_f_w001161.mp4,s0017_f_w001161.mp4,Drink,7,test,s0017,front
33328,/home/billu/FDMSE-ISL/data/s0019/front/s0019_f_w001161.mp4,data/s0019/front/s0019_f_w001161.mp4,s0019_f_w001161.mp4,Drink,7,test,s0019,front
23369,/home/billu/FDMSE-ISL/data/s0020/front/s0020_f_w001161.mp4,data/s0020/front/s0020_f_w001161.mp4,s0020_f_w001161.mp4,Drink,7,test,s0020,front
10619,/home/billu/FDMSE-ISL/data/s0004/front/s0004_f_w001635.mp4,data/s0004/front/s0004_f_w001635.mp4,s0004_f_w001635.mp4,Eat [VEB]/Food,8,test,s0004,front
28736,/home/billu/FDMSE-ISL/data/s0006/front/s0006_f_w001635.mp4,data/s0006/front/s0006_f_w001635.mp4,s0006_f_w001635.mp4,Eat [VEB]/Food,8,test,s0006,front
41459,/home/billu/FDMSE-ISL/data/s0010/front/s0010_f_w001635.mp4,data/s0010/front/s0010_f_w001635.mp4,s0010_f_w001635.mp4,Eat [VEB]/Food,8,test,s0010,front
17564,/home/billu/FDMSE-ISL/data/s0014/front/s0014_f_w001635.mp4,data/s0014/front/s0014_f_w001635.mp4,s0014_f_w001635.mp4,Eat [VEB]/Food,8,test,s0014,front
3652,/home/billu/FDMSE-ISL/data/s0016/front/s0016_f_w001635.mp4,data/s0016/front/s0016_f_w001635.mp4,s0016_f_w001635.mp4,Eat [VEB]/Food,8,test,s0016,front
7171,/home/billu/FDMSE-ISL/data/s0017/front/s0017_f_w001635.mp4,data/s0017/front/s0017_f_w001635.mp4,s0017_f_w001635.mp4,Eat [VEB]/Food,8,test,s0017,front
33339,/home/billu/FDMSE-ISL/data/s0019/front/s0019_f_w001635.mp4,data/s0019/front/s0019_f_w001635.mp4,s0019_f_w001635.mp4,Eat [VEB]/Food,8,test,s0019,front
22842,/home/billu/FDMSE-ISL/data/s0020/front/s0020_f_w001635.mp4,data/s0020/front/s0020_f_w001635.mp4,s0020_f_w001635.mp4,Eat [VEB]/Food,8,test,s0020,front
10892,/home/billu/FDMSE-ISL/data/s0004/front/s0004_f_w000356.mp4,data/s0004/front/s0004_f_w000356.mp4,s0004_f_w000356.mp4,Evening,9,test,s0004,front
28158,/home/billu/FDMSE-ISL/data/s0006/front/s0006_f_w000356.mp4,data/s0006/front/s0006_f_w000356.mp4,s0006_f_w000356.mp4,Evening,9,test,s0006,front
41233,/home/billu/FDMSE-ISL/data/s0010/front/s0010_f_w000356.mp4,data/s0010/front/s0010_f_w000356.mp4,s0010_f_w000356.mp4,Evening,9,test,s0010,front
17526,/home/billu/FDMSE-ISL/data/s0014/front/s0014_f_w000356.mp4,data/s0014/front/s0014_f_w000356.mp4,s0014_f_w000356.mp4,Evening,9,test,s0014,front
3342,/home/billu/FDMSE-ISL/data/s0016/front/s0016_f_w000356.mp4,data/s0016/front/s0016_f_w000356.mp4,s0016_f_w000356.mp4,Evening,9,test,s0016,front
6397,/home/billu/FDMSE-ISL/data/s0017/front/s0017_f_w000356.mp4,data/s0017/front/s0017_f_w000356.mp4,s0017_f_w000356.mp4,Evening,9,test,s0017,front
32173,/home/billu/FDMSE-ISL/data/s0019/front/s0019_f_w000356.mp4,data/s0019/front/s0019_f_w000356.mp4,s0019_f_w000356.mp4,Evening,9,test,s0019,front
22702,/home/billu/FDMSE-ISL/data/s0020/front/s0020_f_w000356.mp4,data/s0020/front/s0020_f_w000356.mp4,s0020_f_w000356.mp4,Evening,9,test,s0020,front
10319,/home/billu/FDMSE-ISL/data/s0004/front/s0004_f_w000011.mp4,data/s0004/front/s0004_f_w000011.mp4,s0004_f_w000011.mp4,Family,10,test,s0004,front
29022,/home/billu/FDMSE-ISL/data/s0006/front/s0006_f_w000011.mp4,data/s0006/front/s0006_f_w000011.mp4,s0006_f_w000011.mp4,Family,10,test,s0006,front
40269,/home/billu/FDMSE-ISL/data/s0010/front/s0010_f_w000011.mp4,data/s0010/front/s0010_f_w000011.mp4,s0010_f_w000011.mp4,Family,10,test,s0010,front
17045,/home/billu/FDMSE-ISL/data/s0014/front/s0014_f_w000011.mp4,data/s0014/front/s0014_f_w000011.mp4,s0014_f_w000011.mp4,Family,10,test,s0014,front
2300,/home/billu/FDMSE-ISL/data/s0016/front/s0016_f_w000011.mp4,data/s0016/front/s0016_f_w000011.mp4,s0016_f_w000011.mp4,Family,10,test,s0016,front
7296,/home/billu/FDMSE-ISL/data/s0017/front/s0017_f_w000011.mp4,data/s0017/front/s0017_f_w000011.mp4,s0017_f_w000011.mp4,Family,10,test,s0017,front
33445,/home/billu/FDMSE-ISL/data/s0019/front/s0019_f_w000011.mp4,data/s0019/front/s0019_f_w000011.mp4,s0019_f_w000011.mp4,Family,10,test,s0019,front
22267,/home/billu/FDMSE-ISL/data/s0020/front/s0020_f_w000011.mp4,data/s0020/front/s0020_f_w000011.mp4,s0020_f_w000011.mp4,Family,10,test,s0020,front
11356,/home/billu/FDMSE-ISL/data/s0004/front/s0004_f_w001019.mp4,data/s0004/front/s0004_f_w001019.mp4,s0004_f_w001019.mp4,Far,11,test,s0004,front
28357,/home/billu/FDMSE-ISL/data/s0006/front/s0006_f_w001019.mp4,data/s0006/front/s0006_f_w001019.mp4,s0006_f_w001019.mp4,Far,11,test,s0006,front
41466,/home/billu/FDMSE-ISL/data/s0010/front/s0010_f_w001019.mp4,data/s0010/front/s0010_f_w001019.mp4,s0010_f_w001019.mp4,Far,11,test,s0010,front
15898,/home/billu/FDMSE-ISL/data/s0014/front/s0014_f_w001019.mp4,data/s0014/front/s0014_f_w001019.mp4,s0014_f_w001019.mp4,Far,11,test,s0014,front
2172,/home/billu/FDMSE-ISL/data/s0016/front/s0016_f_w001019.mp4,data/s0016/front/s0016_f_w001019.mp4,s0016_f_w001019.mp4,Far,11,test,s0016,front
7164,/home/billu/FDMSE-ISL/data/s0017/front/s0017_f_w001019.mp4,data/s0017/front/s0017_f_w001019.mp4,s0017_f_w001019.mp4,Far,11,test,s0017,front
32904,/home/billu/FDMSE-ISL/data/s0019/front/s0019_f_w001019.mp4,data/s0019/front/s0019_f_w001019.mp4,s0019_f_w001019.mp4,Far,11,test,s0019,front
22141,/home/billu/FDMSE-ISL/data/s0020/front/s0020_f_w001019.mp4,data/s0020/front/s0020_f_w001019.mp4,s0020_f_w001019.mp4,Far,11,test,s0020,front
10348,/home/billu/FDMSE-ISL/data/s0004/front/s0004_f_w000012.mp4,data/s0004/front/s0004_f_w000012.mp4,s0004_f_w000012.mp4,Father,12,test,s0004,front
28459,/home/billu/FDMSE-ISL/data/s0006/front/s0006_f_w000012.mp4,data/s0006/front/s0006_f_w000012.mp4,s0006_f_w000012.mp4,Father,12,test,s0006,front
40977,/home/billu/FDMSE-ISL/data/s0010/front/s0010_f_w000012.mp4,data/s0010/front/s0010_f_w000012.mp4,s0010_f_w000012.mp4,Father,12,test,s0010,front
16133,/home/billu/FDMSE-ISL/data/s0014/front/s0014_f_w000012.mp4,data/s0014/front/s0014_f_w000012.mp4,s0014_f_w000012.mp4,Father,12,test,s0014,front
2440,/home/billu/FDMSE-ISL/data/s0016/front/s0016_f_w000012.mp4,data/s0016/front/s0016_f_w000012.mp4,s0016_f_w000012.mp4,Father,12,test,s0016,front
7966,/home/billu/FDMSE-ISL/data/s0017/front/s0017_f_w000012.mp4,data/s0017/front/s0017_f_w000012.mp4,s0017_f_w000012.mp4,Father,12,test,s0017,front
32626,/home/billu/FDMSE-ISL/data/s0019/front/s0019_f_w000012.mp4,data/s0019/front/s0019_f_w000012.mp4,s0019_f_w000012.mp4,Father,12,test,s0019,front
23501,/home/billu/FDMSE-ISL/data/s0020/front/s0020_f_w000012.mp4,data/s0020/front/s0020_f_w000012.mp4,s0020_f_w000012.mp4,Father,12,test,s0020,front
11793,/home/billu/FDMSE-ISL/data/s0004/front/s0004_f_w000014.mp4,data/s0004/front/s0004_f_w000014.mp4,s0004_f_w000014.mp4,Friend,13,test,s0004,front
28759,/home/billu/FDMSE-ISL/data/s0006/front/s0006_f_w000014.mp4,data/s0006/front/s0006_f_w000014.mp4,s0006_f_w000014.mp4,Friend,13,test,s0006,front
40212,/home/billu/FDMSE-ISL/data/s0010/front/s0010_f_w000014.mp4,data/s0010/front/s0010_f_w000014.mp4,s0010_f_w000014.mp4,Friend,13,test,s0010,front
17630,/home/billu/FDMSE-ISL/data/s0014/front/s0014_f_w000014.mp4,data/s0014/front/s0014_f_w000014.mp4,s0014_f_w000014.mp4,Friend,13,test,s0014,front
2943,/home/billu/FDMSE-ISL/data/s0016/front/s0016_f_w000014.mp4,data/s0016/front/s0016_f_w000014.mp4,s0016_f_w000014.mp4,Friend,13,test,s0016,front
6413,/home/billu/FDMSE-ISL/data/s0017/front/s0017_f_w000014.mp4,data/s0017/front/s0017_f_w000014.mp4,s0017_f_w000014.mp4,Friend,13,test,s0017,front
32418,/home/billu/FDMSE-ISL/data/s0019/front/s0019_f_w000014.mp4,data/s0019/front/s0019_f_w000014.mp4,s0019_f_w000014.mp4,Friend,13,test,s0019,front
23336,/home/billu/FDMSE-ISL/data/s0020/front/s0020_f_w000014.mp4,data/s0020/front/s0020_f_w000014.mp4,s0020_f_w000014.mp4,Friend,13,test,s0020,front
11618,/home/billu/FDMSE-ISL/data/s0004/front/s0004_f_w001185.mp4,data/s0004/front/s0004_f_w001185.mp4,s0004_f_w001185.mp4,Go,14,test,s0004,front
28778,/home/billu/FDMSE-ISL/data/s0006/front/s0006_f_w001185.mp4,data/s0006/front/s0006_f_w001185.mp4,s0006_f_w001185.mp4,Go,14,test,s0006,front
40238,/home/billu/FDMSE-ISL/data/s0010/front/s0010_f_w001185.mp4,data/s0010/front/s0010_f_w001185.mp4,s0010_f_w001185.mp4,Go,14,test,s0010,front
17582,/home/billu/FDMSE-ISL/data/s0014/front/s0014_f_w001185.mp4,data/s0014/front/s0014_f_w001185.mp4,s0014_f_w001185.mp4,Go,14,test,s0014,front
2380,/home/billu/FDMSE-ISL/data/s0016/front/s0016_f_w001185.mp4,data/s0016/front/s0016_f_w001185.mp4,s0016_f_w001185.mp4,Go,14,test,s0016,front
7230,/home/billu/FDMSE-ISL/data/s0017/front/s0017_f_w001185.mp4,data/s0017/front/s0017_f_w001185.mp4,s0017_f_w001185.mp4,Go,14,test,s0017,front
33857,/home/billu/FDMSE-ISL/data/s0019/front/s0019_f_w001185.mp4,data/s0019/front/s0019_f_w001185.mp4,s0019_f_w001185.mp4,Go,14,test,s0019,front
22361,/home/billu/FDMSE-ISL/data/s0020/front/s0020_f_w001185.mp4,data/s0020/front/s0020_f_w001185.mp4,s0020_f_w001185.mp4,Go,14,test,s0020,front
11256,/home/billu/FDMSE-ISL/data/s0004/front/s0004_f_w000054.mp4,data/s0004/front/s0004_f_w000054.mp4,s0004_f_w000054.mp4,Good,15,test,s0004,front
29481,/home/billu/FDMSE-ISL/data/s0006/front/s0006_f_w000054.mp4,data/s0006/front/s0006_f_w000054.mp4,s0006_f_w000054.mp4,Good,15,test,s0006,front
40494,/home/billu/FDMSE-ISL/data/s0010/front/s0010_f_w000054.mp4,data/s0010/front/s0010_f_w000054.mp4,s0010_f_w000054.mp4,Good,15,test,s0010,front
17594,/home/billu/FDMSE-ISL/data/s0014/front/s0014_f_w000054.mp4,data/s0014/front/s0014_f_w000054.mp4,s0014_f_w000054.mp4,Good,15,test,s0014,front
3263,/home/billu/FDMSE-ISL/data/s0016/front/s0016_f_w000054.mp4,data/s0016/front/s0016_f_w000054.mp4,s0016_f_w000054.mp4,Good,15,test,s0016,front
6162,/home/billu/FDMSE-ISL/data/s0017/front/s0017_f_w000054.mp4,data/s0017/front/s0017_f_w000054.mp4,s0017_f_w000054.mp4,Good,15,test,s0017,front
32206,/home/billu/FDMSE-ISL/data/s0019/front/s0019_f_w000054.mp4,data/s0019/front/s0019_f_w000054.mp4,s0019_f_w000054.mp4,Good,15,test,s0019,front
23512,/home/billu/FDMSE-ISL/data/s0020/front/s0020_f_w000054.mp4,data/s0020/front/s0020_f_w000054.mp4,s0020_f_w000054.mp4,Good,15,test,s0020,front
10724,/home/billu/FDMSE-ISL/data/s0004/front/s0004_f_w000045.mp4,data/s0004/front/s0004_f_w000045.mp4,s0004_f_w000045.mp4,Bad,16,test,s0004,front
28076,/home/billu/FDMSE-ISL/data/s0006/front/s0006_f_w000045.mp4,data/s0006/front/s0006_f_w000045.mp4,s0006_f_w000045.mp4,Bad,16,test,s0006,front
40431,/home/billu/FDMSE-ISL/data/s0010/front/s0010_f_w000045.mp4,data/s0010/front/s0010_f_w000045.mp4,s0010_f_w000045.mp4,Bad,16,test,s0010,front
16711,/home/billu/FDMSE-ISL/data/s0014/front/s0014_f_w000045.mp4,data/s0014/front/s0014_f_w000045.mp4,s0014_f_w000045.mp4,Bad,16,test,s0014,front
2775,/home/billu/FDMSE-ISL/data/s0016/front/s0016_f_w000045.mp4,data/s0016/front/s0016_f_w000045.mp4,s0016_f_w000045.mp4,Bad,16,test,s0016,front
6804,/home/billu/FDMSE-ISL/data/s0017/front/s0017_f_w000045.mp4,data/s0017/front/s0017_f_w000045.mp4,s0017_f_w000045.mp4,Bad,16,test,s0017,front
32473,/home/billu/FDMSE-ISL/data/s0019/front/s0019_f_w000045.mp4,data/s0019/front/s0019_f_w000045.mp4,s0019_f_w000045.mp4,Bad,16,test,s0019,front
22998,/home/billu/FDMSE-ISL/data/s0020/front/s0020_f_w000045.mp4,data/s0020/front/s0020_f_w000045.mp4,s0020_f_w000045.mp4,Bad,16,test,s0020,front
10554,/home/billu/FDMSE-ISL/data/s0004/front/s0004_f_w001370.mp4,data/s0004/front/s0004_f_w001370.mp4,s0004_f_w001370.mp4,Happy,17,test,s0004,front
28572,/home/billu/FDMSE-ISL/data/s0006/front/s0006_f_w001370.mp4,data/s0006/front/s0006_f_w001370.mp4,s0006_f_w001370.mp4,Happy,17,test,s0006,front
40919,/home/billu/FDMSE-ISL/data/s0010/front/s0010_f_w001370.mp4,data/s0010/front/s0010_f_w001370.mp4,s0010_f_w001370.mp4,Happy,17,test,s0010,front
17514,/home/billu/FDMSE-ISL/data/s0014/front/s0014_f_w001370.mp4,data/s0014/front/s0014_f_w001370.mp4,s0014_f_w001370.mp4,Happy,17,test,s0014,front
3047,/home/billu/FDMSE-ISL/data/s0016/front/s0016_f_w001370.mp4,data/s0016/front/s0016_f_w001370.mp4,s0016_f_w001370.mp4,Happy,17,test,s0016,front
6210,/home/billu/FDMSE-ISL/data/s0017/front/s0017_f_w001370.mp4,data/s0017/front/s0017_f_w001370.mp4,s0017_f_w001370.mp4,Happy,17,test,s0017,front
33545,/home/billu/FDMSE-ISL/data/s0019/front/s0019_f_w001370.mp4,data/s0019/front/s0019_f_w001370.mp4,s0019_f_w001370.mp4,Happy,17,test,s0019,front
23206,/home/billu/FDMSE-ISL/data/s0020/front/s0020_f_w001370.mp4,data/s0020/front/s0020_f_w001370.mp4,s0020_f_w001370.mp4,Happy,17,test,s0020,front
10863,/home/billu/FDMSE-ISL/data/s0004/front/s0004_f_w001590.mp4,data/s0004/front/s0004_f_w001590.mp4,s0004_f_w001590.mp4,Hello,18,test,s0004,front
28142,/home/billu/FDMSE-ISL/data/s0006/front/s0006_f_w001590.mp4,data/s0006/front/s0006_f_w001590.mp4,s0006_f_w001590.mp4,Hello,18,test,s0006,front
41840,/home/billu/FDMSE-ISL/data/s0010/front/s0010_f_w001590.mp4,data/s0010/front/s0010_f_w001590.mp4,s0010_f_w001590.mp4,Hello,18,test,s0010,front
16616,/home/billu/FDMSE-ISL/data/s0014/front/s0014_f_w001590.mp4,data/s0014/front/s0014_f_w001590.mp4,s0014_f_w001590.mp4,Hello,18,test,s0014,front
3373,/home/billu/FDMSE-ISL/data/s0016/front/s0016_f_w001590.mp4,data/s0016/front/s0016_f_w001590.mp4,s0016_f_w001590.mp4,Hello,18,test,s0016,front
7097,/home/billu/FDMSE-ISL/data/s0017/front/s0017_f_w001590.mp4,data/s0017/front/s0017_f_w001590.mp4,s0017_f_w001590.mp4,Hello,18,test,s0017,front
33817,/home/billu/FDMSE-ISL/data/s0019/front/s0019_f_w001590.mp4,data/s0019/front/s0019_f_w001590.mp4,s0019_f_w001590.mp4,Hello,18,test,s0019,front
23005,/home/billu/FDMSE-ISL/data/s0020/front/s0020_f_w001590.mp4,data/s0020/front/s0020_f_w001590.mp4,s0020_f_w001590.mp4,Hello,18,test,s0020,front
11112,/home/billu/FDMSE-ISL/data/s0004/front/s0004_f_w000056.mp4,data/s0004/front/s0004_f_w000056.mp4,s0004_f_w000056.mp4,Help [VEB],19,test,s0004,front
28961,/home/billu/FDMSE-ISL/data/s0006/front/s0006_f_w000056.mp4,data/s0006/front/s0006_f_w000056.mp4,s0006_f_w000056.mp4,Help [VEB],19,test,s0006,front
41775,/home/billu/FDMSE-ISL/data/s0010/front/s0010_f_w000056.mp4,data/s0010/front/s0010_f_w000056.mp4,s0010_f_w000056.mp4,Help [VEB],19,test,s0010,front
17813,/home/billu/FDMSE-ISL/data/s0014/front/s0014_f_w000056.mp4,data/s0014/front/s0014_f_w000056.mp4,s0014_f_w000056.mp4,Help [VEB],19,test,s0014,front
2992,/home/billu/FDMSE-ISL/data/s0016/front/s0016_f_w000056.mp4,data/s0016/front/s0016_f_w000056.mp4,s0016_f_w000056.mp4,Help [VEB],19,test,s0016,front
6313,/home/billu/FDMSE-ISL/data/s0017/front/s0017_f_w000056.mp4,data/s0017/front/s0017_f_w000056.mp4,s0017_f_w000056.mp4,Help [VEB],19,test,s0017,front
32515,/home/billu/FDMSE-ISL/data/s0019/front/s0019_f_w000056.mp4,data/s0019/front/s0019_f_w000056.mp4,s0019_f_w000056.mp4,Help [VEB],19,test,s0019,front
23583,/home/billu/FDMSE-ISL/data/s0020/front/s0020_f_w000056.mp4,data/s0020/front/s0020_f_w000056.mp4,s0020_f_w000056.mp4,Help [VEB],19,test,s0020,front
10133,/home/billu/FDMSE-ISL/data/s0004/front/s0004_f_w001638.mp4,data/s0004/front/s0004_f_w001638.mp4,s0004_f_w001638.mp4,Home/House,20,test,s0004,front
28194,/home/billu/FDMSE-ISL/data/s0006/front/s0006_f_w001638.mp4,data/s0006/front/s0006_f_w001638.mp4,s0006_f_w001638.mp4,Home/House,20,test,s0006,front
40253,/home/billu/FDMSE-ISL/data/s0010/front/s0010_f_w001638.mp4,data/s0010/front/s0010_f_w001638.mp4,s0010_f_w001638.mp4,Home/House,20,test,s0010,front
17328,/home/billu/FDMSE-ISL/data/s0014/front/s0014_f_w001638.mp4,data/s0014/front/s0014_f_w001638.mp4,s0014_f_w001638.mp4,Home/House,20,test,s0014,front
2893,/home/billu/FDMSE-ISL/data/s0016/front/s0016_f_w001638.mp4,data/s0016/front/s0016_f_w001638.mp4,s0016_f_w001638.mp4,Home/House,20,test,s0016,front
6891,/home/billu/FDMSE-ISL/data/s0017/front/s0017_f_w001638.mp4,data/s0017/front/s0017_f_w001638.mp4,s0017_f_w001638.mp4,Home/House,20,test,s0017,front
32854,/home/billu/FDMSE-ISL/data/s0019/front/s0019_f_w001638.mp4,data/s0019/front/s0019_f_w001638.mp4,s0019_f_w001638.mp4,Home/House,20,test,s0019,front
21911,/home/billu/FDMSE-ISL/data/s0020/front/s0020_f_w001638.mp4,data/s0020/front/s0020_f_w001638.mp4,s0020_f_w001638.mp4,Home/House,20,test,s0020,front
11250,/home/billu/FDMSE-ISL/data/s0004/front/s0004_f_w000668.mp4,data/s0004/front/s0004_f_w000668.mp4,s0004_f_w000668.mp4,Hospital,21,test,s0004,front
28708,/home/billu/FDMSE-ISL/data/s0006/front/s0006_f_w000668.mp4,data/s0006/front/s0006_f_w000668.mp4,s0006_f_w000668.mp4,Hospital,21,test,s0006,front
40290,/home/billu/FDMSE-ISL/data/s0010/front/s0010_f_w000668.mp4,data/s0010/front/s0010_f_w000668.mp4,s0010_f_w000668.mp4,Hospital,21,test,s0010,front
15931,/home/billu/FDMSE-ISL/data/s0014/front/s0014_f_w000668.mp4,data/s0014/front/s0014_f_w000668.mp4,s0014_f_w000668.mp4,Hospital,21,test,s0014,front
3355,/home/billu/FDMSE-ISL/data/s0016/front/s0016_f_w000668.mp4,data/s0016/front/s0016_f_w000668.mp4,s0016_f_w000668.mp4,Hospital,21,test,s0016,front
7517,/home/billu/FDMSE-ISL/data/s0017/front/s0017_f_w000668.mp4,data/s0017/front/s0017_f_w000668.mp4,s0017_f_w000668.mp4,Hospital,21,test,s0017,front
33666,/home/billu/FDMSE-ISL/data/s0019/front/s0019_f_w000668.mp4,data/s0019/front/s0019_f_w000668.mp4,s0019_f_w000668.mp4,Hospital,21,test,s0019,front
23709,/home/billu/FDMSE-ISL/data/s0020/front/s0020_f_w000668.mp4,data/s0020/front/s0020_f_w000668.mp4,s0020_f_w000668.mp4,Hospital,21,test,s0020,front
11121,/home/billu/FDMSE-ISL/data/s0004/front/s0004_f_w001036.mp4,data/s0004/front/s0004_f_w001036.mp4,s0004_f_w001036.mp4,How,22,test,s0004,front
28134,/home/billu/FDMSE-ISL/data/s0006/front/s0006_f_w001036.mp4,data/s0006/front/s0006_f_w001036.mp4,s0006_f_w001036.mp4,How,22,test,s0006,front
41461,/home/billu/FDMSE-ISL/data/s0010/front/s0010_f_w001036.mp4,data/s0010/front/s0010_f_w001036.mp4,s0010_f_w001036.mp4,How,22,test,s0010,front
16382,/home/billu/FDMSE-ISL/data/s0014/front/s0014_f_w001036.mp4,data/s0014/front/s0014_f_w001036.mp4,s0014_f_w001036.mp4,How,22,test,s0014,front
2745,/home/billu/FDMSE-ISL/data/s0016/front/s0016_f_w001036.mp4,data/s0016/front/s0016_f_w001036.mp4,s0016_f_w001036.mp4,How,22,test,s0016,front
6812,/home/billu/FDMSE-ISL/data/s0017/front/s0017_f_w001036.mp4,data/s0017/front/s0017_f_w001036.mp4,s0017_f_w001036.mp4,How,22,test,s0017,front
32273,/home/billu/FDMSE-ISL/data/s0019/front/s0019_f_w001036.mp4,data/s0019/front/s0019_f_w001036.mp4,s0019_f_w001036.mp4,How,22,test,s0019,front
23060,/home/billu/FDMSE-ISL/data/s0020/front/s0020_f_w001036.mp4,data/s0020/front/s0020_f_w001036.mp4,s0020_f_w001036.mp4,How,22,test,s0020,front
10870,/home/billu/FDMSE-ISL/data/s0004/front/s0004_f_w001643.mp4,data/s0004/front/s0004_f_w001643.mp4,s0004_f_w001643.mp4,Left (Side)/Left (Hand),23,test,s0004,front
28317,/home/billu/FDMSE-ISL/data/s0006/front/s0006_f_w001643.mp4,data/s0006/front/s0006_f_w001643.mp4,s0006_f_w001643.mp4,Left (Side)/Left (Hand),23,test,s0006,front
40805,/home/billu/FDMSE-ISL/data/s0010/front/s0010_f_w001643.mp4,data/s0010/front/s0010_f_w001643.mp4,s0010_f_w001643.mp4,Left (Side)/Left (Hand),23,test,s0010,front
16660,/home/billu/FDMSE-ISL/data/s0014/front/s0014_f_w001643.mp4,data/s0014/front/s0014_f_w001643.mp4,s0014_f_w001643.mp4,Left (Side)/Left (Hand),23,test,s0014,front
3499,/home/billu/FDMSE-ISL/data/s0016/front/s0016_f_w001643.mp4,data/s0016/front/s0016_f_w001643.mp4,s0016_f_w001643.mp4,Left (Side)/Left (Hand),23,test,s0016,front
6719,/home/billu/FDMSE-ISL/data/s0017/front/s0017_f_w001643.mp4,data/s0017/front/s0017_f_w001643.mp4,s0017_f_w001643.mp4,Left (Side)/Left (Hand),23,test,s0017,front
32841,/home/billu/FDMSE-ISL/data/s0019/front/s0019_f_w001643.mp4,data/s0019/front/s0019_f_w001643.mp4,s0019_f_w001643.mp4,Left (Side)/Left (Hand),23,test,s0019,front
22557,/home/billu/FDMSE-ISL/data/s0020/front/s0020_f_w001643.mp4,data/s0020/front/s0020_f_w001643.mp4,s0020_f_w001643.mp4,Left (Side)/Left (Hand),23,test,s0020,front
10072,/home/billu/FDMSE-ISL/data/s0004/front/s0004_f_w000392.mp4,data/s0004/front/s0004_f_w000392.mp4,s0004_f_w000392.mp4,Money,24,test,s0004,front
29336,/home/billu/FDMSE-ISL/data/s0006/front/s0006_f_w000392.mp4,data/s0006/front/s0006_f_w000392.mp4,s0006_f_w000392.mp4,Money,24,test,s0006,front
41313,/home/billu/FDMSE-ISL/data/s0010/front/s0010_f_w000392.mp4,data/s0010/front/s0010_f_w000392.mp4,s0010_f_w000392.mp4,Money,24,test,s0010,front
17354,/home/billu/FDMSE-ISL/data/s0014/front/s0014_f_w000392.mp4,data/s0014/front/s0014_f_w000392.mp4,s0014_f_w000392.mp4,Money,24,test,s0014,front
2241,/home/billu/FDMSE-ISL/data/s0016/front/s0016_f_w000392.mp4,data/s0016/front/s0016_f_w000392.mp4,s0016_f_w000392.mp4,Money,24,test,s0016,front
7217,/home/billu/FDMSE-ISL/data/s0017/front/s0017_f_w000392.mp4,data/s0017/front/s0017_f_w000392.mp4,s0017_f_w000392.mp4,Money,24,test,s0017,front
32727,/home/billu/FDMSE-ISL/data/s0019/front/s0019_f_w000392.mp4,data/s0019/front/s0019_f_w000392.mp4,s0019_f_w000392.mp4,Money,24,test,s0019,front
23028,/home/billu/FDMSE-ISL/data/s0020/front/s0020_f_w000392.mp4,data/s0020/front/s0020_f_w000392.mp4,s0020_f_w000392.mp4,Money,24,test,s0020,front
10393,/home/billu/FDMSE-ISL/data/s0004/front/s0004_f_w000362.mp4,data/s0004/front/s0004_f_w000362.mp4,s0004_f_w000362.mp4,Morning,25,test,s0004,front
28628,/home/billu/FDMSE-ISL/data/s0006/front/s0006_f_w000362.mp4,data/s0006/front/s0006_f_w000362.mp4,s0006_f_w000362.mp4,Morning,25,test,s0006,front
41572,/home/billu/FDMSE-ISL/data/s0010/front/s0010_f_w000362.mp4,data/s0010/front/s0010_f_w000362.mp4,s0010_f_w000362.mp4,Morning,25,test,s0010,front
15937,/home/billu/FDMSE-ISL/data/s0014/front/s0014_f_w000362.mp4,data/s0014/front/s0014_f_w000362.mp4,s0014_f_w000362.mp4,Morning,25,test,s0014,front
3148,/home/billu/FDMSE-ISL/data/s0016/front/s0016_f_w000362.mp4,data/s0016/front/s0016_f_w000362.mp4,s0016_f_w000362.mp4,Morning,25,test,s0016,front
7100,/home/billu/FDMSE-ISL/data/s0017/front/s0017_f_w000362.mp4,data/s0017/front/s0017_f_w000362.mp4,s0017_f_w000362.mp4,Morning,25,test,s0017,front
32356,/home/billu/FDMSE-ISL/data/s0019/front/s0019_f_w000362.mp4,data/s0019/front/s0019_f_w000362.mp4,s0019_f_w000362.mp4,Morning,25,test,s0019,front
22651,/home/billu/FDMSE-ISL/data/s0020/front/s0020_f_w000362.mp4,data/s0020/front/s0020_f_w000362.mp4,s0020_f_w000362.mp4,Morning,25,test,s0020,front
10145,/home/billu/FDMSE-ISL/data/s0004/front/s0004_f_w000023.mp4,data/s0004/front/s0004_f_w000023.mp4,s0004_f_w000023.mp4,Mother,26,test,s0004,front
29082,/home/billu/FDMSE-ISL/data/s0006/front/s0006_f_w000023.mp4,data/s0006/front/s0006_f_w000023.mp4,s0006_f_w000023.mp4,Mother,26,test,s0006,front
41172,/home/billu/FDMSE-ISL/data/s0010/front/s0010_f_w000023.mp4,data/s0010/front/s0010_f_w000023.mp4,s0010_f_w000023.mp4,Mother,26,test,s0010,front
17834,/home/billu/FDMSE-ISL/data/s0014/front/s0014_f_w000023.mp4,data/s0014/front/s0014_f_w000023.mp4,s0014_f_w000023.mp4,Mother,26,test,s0014,front
2222,/home/billu/FDMSE-ISL/data/s0016/front/s0016_f_w000023.mp4,data/s0016/front/s0016_f_w000023.mp4,s0016_f_w000023.mp4,Mother,26,test,s0016,front
7216,/home/billu/FDMSE-ISL/data/s0017/front/s0017_f_w000023.mp4,data/s0017/front/s0017_f_w000023.mp4,s0017_f_w000023.mp4,Mother,26,test,s0017,front
33699,/home/billu/FDMSE-ISL/data/s0019/front/s0019_f_w000023.mp4,data/s0019/front/s0019_f_w000023.mp4,s0019_f_w000023.mp4,Mother,26,test,s0019,front
22355,/home/billu/FDMSE-ISL/data/s0020/front/s0020_f_w000023.mp4,data/s0020/front/s0020_f_w000023.mp4,s0020_f_w000023.mp4,Mother,26,test,s0020,front
11195,/home/billu/FDMSE-ISL/data/s0004/front/s0004_f_w001025.mp4,data/s0004/front/s0004_f_w001025.mp4,s0004_f_w001025.mp4,Near,27,test,s0004,front
29650,/home/billu/FDMSE-ISL/data/s0006/front/s0006_f_w001025.mp4,data/s0006/front/s0006_f_w001025.mp4,s0006_f_w001025.mp4,Near,27,test,s0006,front
40210,/home/billu/FDMSE-ISL/data/s0010/front/s0010_f_w001025.mp4,data/s0010/front/s0010_f_w001025.mp4,s0010_f_w001025.mp4,Near,27,test,s0010,front
17500,/home/billu/FDMSE-ISL/data/s0014/front/s0014_f_w001025.mp4,data/s0014/front/s0014_f_w001025.mp4,s0014_f_w001025.mp4,Near,27,test,s0014,front
3195,/home/billu/FDMSE-ISL/data/s0016/front/s0016_f_w001025.mp4,data/s0016/front/s0016_f_w001025.mp4,s0016_f_w001025.mp4,Near,27,test,s0016,front
6310,/home/billu/FDMSE-ISL/data/s0017/front/s0017_f_w001025.mp4,data/s0017/front/s0017_f_w001025.mp4,s0017_f_w001025.mp4,Near,27,test,s0017,front
32218,/home/billu/FDMSE-ISL/data/s0019/front/s0019_f_w001025.mp4,data/s0019/front/s0019_f_w001025.mp4,s0019_f_w001025.mp4,Near,27,test,s0019,front
23080,/home/billu/FDMSE-ISL/data/s0020/front/s0020_f_w001025.mp4,data/s0020/front/s0020_f_w001025.mp4,s0020_f_w001025.mp4,Near,27,test,s0020,front
11475,/home/billu/FDMSE-ISL/data/s0004/front/s0004_f_w000365.mp4,data/s0004/front/s0004_f_w000365.mp4,s0004_f_w000365.mp4,Night,28,test,s0004,front
28046,/home/billu/FDMSE-ISL/data/s0006/front/s0006_f_w000365.mp4,data/s0006/front/s0006_f_w000365.mp4,s0006_f_w000365.mp4,Night,28,test,s0006,front
40881,/home/billu/FDMSE-ISL/data/s0010/front/s0010_f_w000365.mp4,data/s0010/front/s0010_f_w000365.mp4,s0010_f_w000365.mp4,Night,28,test,s0010,front
17842,/home/billu/FDMSE-ISL/data/s0014/front/s0014_f_w000365.mp4,data/s0014/front/s0014_f_w000365.mp4,s0014_f_w000365.mp4,Night,28,test,s0014,front
2182,/home/billu/FDMSE-ISL/data/s0016/front/s0016_f_w000365.mp4,data/s0016/front/s0016_f_w000365.mp4,s0016_f_w000365.mp4,Night,28,test,s0016,front
6826,/home/billu/FDMSE-ISL/data/s0017/front/s0017_f_w000365.mp4,data/s0017/front/s0017_f_w000365.mp4,s0017_f_w000365.mp4,Night,28,test,s0017,front
32398,/home/billu/FDMSE-ISL/data/s0019/front/s0019_f_w000365.mp4,data/s0019/front/s0019_f_w000365.mp4,s0019_f_w000365.mp4,Night,28,test,s0019,front
22071,/home/billu/FDMSE-ISL/data/s0020/front/s0020_f_w000365.mp4,data/s0020/front/s0020_f_w000365.mp4,s0020_f_w000365.mp4,Night,28,test,s0020,front
10971,/home/billu/FDMSE-ISL/data/s0004/front/s0004_f_w001577.mp4,data/s0004/front/s0004_f_w001577.mp4,s0004_f_w001577.mp4,No,29,test,s0004,front
28655,/home/billu/FDMSE-ISL/data/s0006/front/s0006_f_w001577.mp4,data/s0006/front/s0006_f_w001577.mp4,s0006_f_w001577.mp4,No,29,test,s0006,front
39982,/home/billu/FDMSE-ISL/data/s0010/front/s0010_f_w001577.mp4,data/s0010/front/s0010_f_w001577.mp4,s0010_f_w001577.mp4,No,29,test,s0010,front
16907,/home/billu/FDMSE-ISL/data/s0014/front/s0014_f_w001577.mp4,data/s0014/front/s0014_f_w001577.mp4,s0014_f_w001577.mp4,No,29,test,s0014,front
2750,/home/billu/FDMSE-ISL/data/s0016/front/s0016_f_w001577.mp4,data/s0016/front/s0016_f_w001577.mp4,s0016_f_w001577.mp4,No,29,test,s0016,front
6329,/home/billu/FDMSE-ISL/data/s0017/front/s0017_f_w001577.mp4,data/s0017/front/s0017_f_w001577.mp4,s0017_f_w001577.mp4,No,29,test,s0017,front
33073,/home/billu/FDMSE-ISL/data/s0019/front/s0019_f_w001577.mp4,data/s0019/front/s0019_f_w001577.mp4,s0019_f_w001577.mp4,No,29,test,s0019,front
22985,/home/billu/FDMSE-ISL/data/s0020/front/s0020_f_w001577.mp4,data/s0020/front/s0020_f_w001577.mp4,s0020_f_w001577.mp4,No,29,test,s0020,front
10510,/home/billu/FDMSE-ISL/data/s0004/front/s0004_f_w001796.mp4,data/s0004/front/s0004_f_w001796.mp4,s0004_f_w001796.mp4,Now,30,test,s0004,front
28780,/home/billu/FDMSE-ISL/data/s0006/front/s0006_f_w001796.mp4,data/s0006/front/s0006_f_w001796.mp4,s0006_f_w001796.mp4,Now,30,test,s0006,front
41091,/home/billu/FDMSE-ISL/data/s0010/front/s0010_f_w001796.mp4,data/s0010/front/s0010_f_w001796.mp4,s0010_f_w001796.mp4,Now,30,test,s0010,front
16773,/home/billu/FDMSE-ISL/data/s0014/front/s0014_f_w001796.mp4,data/s0014/front/s0014_f_w001796.mp4,s0014_f_w001796.mp4,Now,30,test,s0014,front
2296,/home/billu/FDMSE-ISL/data/s0016/front/s0016_f_w001796.mp4,data/s0016/front/s0016_f_w001796.mp4,s0016_f_w001796.mp4,Now,30,test,s0016,front
7367,/home/billu/FDMSE-ISL/data/s0017/front/s0017_f_w001796.mp4,data/s0017/front/s0017_f_w001796.mp4,s0017_f_w001796.mp4,Now,30,test,s0017,front
33682,/home/billu/FDMSE-ISL/data/s0019/front/s0019_f_w001796.mp4,data/s0019/front/s0019_f_w001796.mp4,s0019_f_w001796.mp4,Now,30,test,s0019,front
23849,/home/billu/FDMSE-ISL/data/s0020/front/s0020_f_w001796.mp4,data/s0020/front/s0020_f_w001796.mp4,s0020_f_w001796.mp4,Now,30,test,s0020,front
10641,/home/billu/FDMSE-ISL/data/s0004/front/s0004_f_w000672.mp4,data/s0004/front/s0004_f_w000672.mp4,s0004_f_w000672.mp4,Office,31,test,s0004,front
29424,/home/billu/FDMSE-ISL/data/s0006/front/s0006_f_w000672.mp4,data/s0006/front/s0006_f_w000672.mp4,s0006_f_w000672.mp4,Office,31,test,s0006,front
40547,/home/billu/FDMSE-ISL/data/s0010/front/s0010_f_w000672.mp4,data/s0010/front/s0010_f_w000672.mp4,s0010_f_w000672.mp4,Office,31,test,s0010,front
16760,/home/billu/FDMSE-ISL/data/s0014/front/s0014_f_w000672.mp4,data/s0014/front/s0014_f_w000672.mp4,s0014_f_w000672.mp4,Office,31,test,s0014,front
3376,/home/billu/FDMSE-ISL/data/s0016/front/s0016_f_w000672.mp4,data/s0016/front/s0016_f_w000672.mp4,s0016_f_w000672.mp4,Office,31,test,s0016,front
6752,/home/billu/FDMSE-ISL/data/s0017/front/s0017_f_w000672.mp4,data/s0017/front/s0017_f_w000672.mp4,s0017_f_w000672.mp4,Office,31,test,s0017,front
33886,/home/billu/FDMSE-ISL/data/s0019/front/s0019_f_w000672.mp4,data/s0019/front/s0019_f_w000672.mp4,s0019_f_w000672.mp4,Office,31,test,s0019,front
22464,/home/billu/FDMSE-ISL/data/s0020/front/s0020_f_w000672.mp4,data/s0020/front/s0020_f_w000672.mp4,s0020_f_w000672.mp4,Office,31,test,s0020,front
9984,/home/billu/FDMSE-ISL/data/s0004/front/s0004_f_w001486.mp4,data/s0004/front/s0004_f_w001486.mp4,s0004_f_w001486.mp4,Please,32,test,s0004,front
28603,/home/billu/FDMSE-ISL/data/s0006/front/s0006_f_w001486.mp4,data/s0006/front/s0006_f_w001486.mp4,s0006_f_w001486.mp4,Please,32,test,s0006,front
41887,/home/billu/FDMSE-ISL/data/s0010/front/s0010_f_w001486.mp4,data/s0010/front/s0010_f_w001486.mp4,s0010_f_w001486.mp4,Please,32,test,s0010,front
16077,/home/billu/FDMSE-ISL/data/s0014/front/s0014_f_w001486.mp4,data/s0014/front/s0014_f_w001486.mp4,s0014_f_w001486.mp4,Please,32,test,s0014,front
2857,/home/billu/FDMSE-ISL/data/s0016/front/s0016_f_w001486.mp4,data/s0016/front/s0016_f_w001486.mp4,s0016_f_w001486.mp4,Please,32,test,s0016,front
6728,/home/billu/FDMSE-ISL/data/s0017/front/s0017_f_w001486.mp4,data/s0017/front/s0017_f_w001486.mp4,s0017_f_w001486.mp4,Please,32,test,s0017,front
32629,/home/billu/FDMSE-ISL/data/s0019/front/s0019_f_w001486.mp4,data/s0019/front/s0019_f_w001486.mp4,s0019_f_w001486.mp4,Please,32,test,s0019,front
22405,/home/billu/FDMSE-ISL/data/s0020/front/s0020_f_w001486.mp4,data/s0020/front/s0020_f_w001486.mp4,s0020_f_w001486.mp4,Please,32,test,s0020,front
10436,/home/billu/FDMSE-ISL/data/s0004/front/s0004_f_w000070.mp4,data/s0004/front/s0004_f_w000070.mp4,s0004_f_w000070.mp4,Right,33,test,s0004,front
29245,/home/billu/FDMSE-ISL/data/s0006/front/s0006_f_w000070.mp4,data/s0006/front/s0006_f_w000070.mp4,s0006_f_w000070.mp4,Right,33,test,s0006,front
41276,/home/billu/FDMSE-ISL/data/s0010/front/s0010_f_w000070.mp4,data/s0010/front/s0010_f_w000070.mp4,s0010_f_w000070.mp4,Right,33,test,s0010,front
16495,/home/billu/FDMSE-ISL/data/s0014/front/s0014_f_w000070.mp4,data/s0014/front/s0014_f_w000070.mp4,s0014_f_w000070.mp4,Right,33,test,s0014,front
3871,/home/billu/FDMSE-ISL/data/s0016/front/s0016_f_w000070.mp4,data/s0016/front/s0016_f_w000070.mp4,s0016_f_w000070.mp4,Right,33,test,s0016,front
6445,/home/billu/FDMSE-ISL/data/s0017/front/s0017_f_w000070.mp4,data/s0017/front/s0017_f_w000070.mp4,s0017_f_w000070.mp4,Right,33,test,s0017,front
33191,/home/billu/FDMSE-ISL/data/s0019/front/s0019_f_w000070.mp4,data/s0019/front/s0019_f_w000070.mp4,s0019_f_w000070.mp4,Right,33,test,s0019,front
22189,/home/billu/FDMSE-ISL/data/s0020/front/s0020_f_w000070.mp4,data/s0020/front/s0020_f_w000070.mp4,s0020_f_w000070.mp4,Right,33,test,s0020,front
11557,/home/billu/FDMSE-ISL/data/s0004/front/s0004_f_w001415.mp4,data/s0004/front/s0004_f_w001415.mp4,s0004_f_w001415.mp4,Sad,34,test,s0004,front
28704,/home/billu/FDMSE-ISL/data/s0006/front/s0006_f_w001415.mp4,data/s0006/front/s0006_f_w001415.mp4,s0006_f_w001415.mp4,Sad,34,test,s0006,front
40470,/home/billu/FDMSE-ISL/data/s0010/front/s0010_f_w001415.mp4,data/s0010/front/s0010_f_w001415.mp4,s0010_f_w001415.mp4,Sad,34,test,s0010,front
15893,/home/billu/FDMSE-ISL/data/s0014/front/s0014_f_w001415.mp4,data/s0014/front/s0014_f_w001415.mp4,s0014_f_w001415.mp4,Sad,34,test,s0014,front
3562,/home/billu/FDMSE-ISL/data/s0016/front/s0016_f_w001415.mp4,data/s0016/front/s0016_f_w001415.mp4,s0016_f_w001415.mp4,Sad,34,test,s0016,front
6985,/home/billu/FDMSE-ISL/data/s0017/front/s0017_f_w001415.mp4,data/s0017/front/s0017_f_w001415.mp4,s0017_f_w001415.mp4,Sad,34,test,s0017,front
32527,/home/billu/FDMSE-ISL/data/s0019/front/s0019_f_w001415.mp4,data/s0019/front/s0019_f_w001415.mp4,s0019_f_w001415.mp4,Sad,34,test,s0019,front
23248,/home/billu/FDMSE-ISL/data/s0020/front/s0020_f_w001415.mp4,data/s0020/front/s0020_f_w001415.mp4,s0020_f_w001415.mp4,Sad,34,test,s0020,front
11472,/home/billu/FDMSE-ISL/data/s0004/front/s0004_f_w000421.mp4,data/s0004/front/s0004_f_w000421.mp4,s0004_f_w000421.mp4,School,35,test,s0004,front
28701,/home/billu/FDMSE-ISL/data/s0006/front/s0006_f_w000421.mp4,data/s0006/front/s0006_f_w000421.mp4,s0006_f_w000421.mp4,School,35,test,s0006,front
41311,/home/billu/FDMSE-ISL/data/s0010/front/s0010_f_w000421.mp4,data/s0010/front/s0010_f_w000421.mp4,s0010_f_w000421.mp4,School,35,test,s0010,front
17044,/home/billu/FDMSE-ISL/data/s0014/front/s0014_f_w000421.mp4,data/s0014/front/s0014_f_w000421.mp4,s0014_f_w000421.mp4,School,35,test,s0014,front
2404,/home/billu/FDMSE-ISL/data/s0016/front/s0016_f_w000421.mp4,data/s0016/front/s0016_f_w000421.mp4,s0016_f_w000421.mp4,School,35,test,s0016,front
7854,/home/billu/FDMSE-ISL/data/s0017/front/s0017_f_w000421.mp4,data/s0017/front/s0017_f_w000421.mp4,s0017_f_w000421.mp4,School,35,test,s0017,front
33885,/home/billu/FDMSE-ISL/data/s0019/front/s0019_f_w000421.mp4,data/s0019/front/s0019_f_w000421.mp4,s0019_f_w000421.mp4,School,35,test,s0019,front
22399,/home/billu/FDMSE-ISL/data/s0020/front/s0020_f_w000421.mp4,data/s0020/front/s0020_f_w000421.mp4,s0020_f_w000421.mp4,School,35,test,s0020,front
11403,/home/billu/FDMSE-ISL/data/s0004/front/s0004_f_w000677.mp4,data/s0004/front/s0004_f_w000677.mp4,s0004_f_w000677.mp4,Shop,36,test,s0004,front
28275,/home/billu/FDMSE-ISL/data/s0006/front/s0006_f_w000677.mp4,data/s0006/front/s0006_f_w000677.mp4,s0006_f_w000677.mp4,Shop,36,test,s0006,front
41646,/home/billu/FDMSE-ISL/data/s0010/front/s0010_f_w000677.mp4,data/s0010/front/s0010_f_w000677.mp4,s0010_f_w000677.mp4,Shop,36,test,s0010,front
17604,/home/billu/FDMSE-ISL/data/s0014/front/s0014_f_w000677.mp4,data/s0014/front/s0014_f_w000677.mp4,s0014_f_w000677.mp4,Shop,36,test,s0014,front
3855,/home/billu/FDMSE-ISL/data/s0016/front/s0016_f_w000677.mp4,data/s0016/front/s0016_f_w000677.mp4,s0016_f_w000677.mp4,Shop,36,test,s0016,front
7266,/home/billu/FDMSE-ISL/data/s0017/front/s0017_f_w000677.mp4,data/s0017/front/s0017_f_w000677.mp4,s0017_f_w000677.mp4,Shop,36,test,s0017,front
33297,/home/billu/FDMSE-ISL/data/s0019/front/s0019_f_w000677.mp4,data/s0019/front/s0019_f_w000677.mp4,s0019_f_w000677.mp4,Shop,36,test,s0019,front
22007,/home/billu/FDMSE-ISL/data/s0020/front/s0020_f_w000677.mp4,data/s0020/front/s0020_f_w000677.mp4,s0020_f_w000677.mp4,Shop,36,test,s0020,front
10433,/home/billu/FDMSE-ISL/data/s0004/front/s0004_f_w000032.mp4,data/s0004/front/s0004_f_w000032.mp4,s0004_f_w000032.mp4,Sister,37,test,s0004,front
28522,/home/billu/FDMSE-ISL/data/s0006/front/s0006_f_w000032.mp4,data/s0006/front/s0006_f_w000032.mp4,s0006_f_w000032.mp4,Sister,37,test,s0006,front
41081,/home/billu/FDMSE-ISL/data/s0010/front/s0010_f_w000032.mp4,data/s0010/front/s0010_f_w000032.mp4,s0010_f_w000032.mp4,Sister,37,test,s0010,front
16138,/home/billu/FDMSE-ISL/data/s0014/front/s0014_f_w000032.mp4,data/s0014/front/s0014_f_w000032.mp4,s0014_f_w000032.mp4,Sister,37,test,s0014,front
3700,/home/billu/FDMSE-ISL/data/s0016/front/s0016_f_w000032.mp4,data/s0016/front/s0016_f_w000032.mp4,s0016_f_w000032.mp4,Sister,37,test,s0016,front
6618,/home/billu/FDMSE-ISL/data/s0017/front/s0017_f_w000032.mp4,data/s0017/front/s0017_f_w000032.mp4,s0017_f_w000032.mp4,Sister,37,test,s0017,front
32545,/home/billu/FDMSE-ISL/data/s0019/front/s0019_f_w000032.mp4,data/s0019/front/s0019_f_w000032.mp4,s0019_f_w000032.mp4,Sister,37,test,s0019,front
23021,/home/billu/FDMSE-ISL/data/s0020/front/s0020_f_w000032.mp4,data/s0020/front/s0020_f_w000032.mp4,s0020_f_w000032.mp4,Sister,37,test,s0020,front
9943,/home/billu/FDMSE-ISL/data/s0004/front/s0004_f_w001465.mp4,data/s0004/front/s0004_f_w001465.mp4,s0004_f_w001465.mp4,Smart Phone,38,test,s0004,front
29833,/home/billu/FDMSE-ISL/data/s0006/front/s0006_f_w001465.mp4,data/s0006/front/s0006_f_w001465.mp4,s0006_f_w001465.mp4,Smart Phone,38,test,s0006,front
41848,/home/billu/FDMSE-ISL/data/s0010/front/s0010_f_w001465.mp4,data/s0010/front/s0010_f_w001465.mp4,s0010_f_w001465.mp4,Smart Phone,38,test,s0010,front
17460,/home/billu/FDMSE-ISL/data/s0014/front/s0014_f_w001465.mp4,data/s0014/front/s0014_f_w001465.mp4,s0014_f_w001465.mp4,Smart Phone,38,test,s0014,front
3075,/home/billu/FDMSE-ISL/data/s0016/front/s0016_f_w001465.mp4,data/s0016/front/s0016_f_w001465.mp4,s0016_f_w001465.mp4,Smart Phone,38,test,s0016,front
7254,/home/billu/FDMSE-ISL/data/s0017/front/s0017_f_w001465.mp4,data/s0017/front/s0017_f_w001465.mp4,s0017_f_w001465.mp4,Smart Phone,38,test,s0017,front
33478,/home/billu/FDMSE-ISL/data/s0019/front/s0019_f_w001465.mp4,data/s0019/front/s0019_f_w001465.mp4,s0019_f_w001465.mp4,Smart Phone,38,test,s0019,front
23613,/home/billu/FDMSE-ISL/data/s0020/front/s0020_f_w001465.mp4,data/s0020/front/s0020_f_w001465.mp4,s0020_f_w001465.mp4,Smart Phone,38,test,s0020,front
10031,/home/billu/FDMSE-ISL/data/s0004/front/s0004_f_w001429.mp4,data/s0004/front/s0004_f_w001429.mp4,s0004_f_w001429.mp4,Sorry,39,test,s0004,front
28685,/home/billu/FDMSE-ISL/data/s0006/front/s0006_f_w001429.mp4,data/s0006/front/s0006_f_w001429.mp4,s0006_f_w001429.mp4,Sorry,39,test,s0006,front
41495,/home/billu/FDMSE-ISL/data/s0010/front/s0010_f_w001429.mp4,data/s0010/front/s0010_f_w001429.mp4,s0010_f_w001429.mp4,Sorry,39,test,s0010,front
15983,/home/billu/FDMSE-ISL/data/s0014/front/s0014_f_w001429.mp4,data/s0014/front/s0014_f_w001429.mp4,s0014_f_w001429.mp4,Sorry,39,test,s0014,front
2669,/home/billu/FDMSE-ISL/data/s0016/front/s0016_f_w001429.mp4,data/s0016/front/s0016_f_w001429.mp4,s0016_f_w001429.mp4,Sorry,39,test,s0016,front
7467,/home/billu/FDMSE-ISL/data/s0017/front/s0017_f_w001429.mp4,data/s0017/front/s0017_f_w001429.mp4,s0017_f_w001429.mp4,Sorry,39,test,s0017,front
32014,/home/billu/FDMSE-ISL/data/s0019/front/s0019_f_w001429.mp4,data/s0019/front/s0019_f_w001429.mp4,s0019_f_w001429.mp4,Sorry,39,test,s0019,front
22006,/home/billu/FDMSE-ISL/data/s0020/front/s0020_f_w001429.mp4,data/s0020/front/s0020_f_w001429.mp4,s0020_f_w001429.mp4,Sorry,39,test,s0020,front
11003,/home/billu/FDMSE-ISL/data/s0004/front/s0004_f_w000075.mp4,data/s0004/front/s0004_f_w000075.mp4,s0004_f_w000075.mp4,Thank You,40,test,s0004,front
29852,/home/billu/FDMSE-ISL/data/s0006/front/s0006_f_w000075.mp4,data/s0006/front/s0006_f_w000075.mp4,s0006_f_w000075.mp4,Thank You,40,test,s0006,front
40438,/home/billu/FDMSE-ISL/data/s0010/front/s0010_f_w000075.mp4,data/s0010/front/s0010_f_w000075.mp4,s0010_f_w000075.mp4,Thank You,40,test,s0010,front
15985,/home/billu/FDMSE-ISL/data/s0014/front/s0014_f_w000075.mp4,data/s0014/front/s0014_f_w000075.mp4,s0014_f_w000075.mp4,Thank You,40,test,s0014,front
3922,/home/billu/FDMSE-ISL/data/s0016/front/s0016_f_w000075.mp4,data/s0016/front/s0016_f_w000075.mp4,s0016_f_w000075.mp4,Thank You,40,test,s0016,front
6588,/home/billu/FDMSE-ISL/data/s0017/front/s0017_f_w000075.mp4,data/s0017/front/s0017_f_w000075.mp4,s0017_f_w000075.mp4,Thank You,40,test,s0017,front
33740,/home/billu/FDMSE-ISL/data/s0019/front/s0019_f_w000075.mp4,data/s0019/front/s0019_f_w000075.mp4,s0019_f_w000075.mp4,Thank You,40,test,s0019,front
22565,/home/billu/FDMSE-ISL/data/s0020/front/s0020_f_w000075.mp4,data/s0020/front/s0020_f_w000075.mp4,s0020_f_w000075.mp4,Thank You,40,test,s0020,front
11777,/home/billu/FDMSE-ISL/data/s0004/front/s0004_f_w000370.mp4,data/s0004/front/s0004_f_w000370.mp4,s0004_f_w000370.mp4,Today,41,test,s0004,front
28774,/home/billu/FDMSE-ISL/data/s0006/front/s0006_f_w000370.mp4,data/s0006/front/s0006_f_w000370.mp4,s0006_f_w000370.mp4,Today,41,test,s0006,front
40765,/home/billu/FDMSE-ISL/data/s0010/front/s0010_f_w000370.mp4,data/s0010/front/s0010_f_w000370.mp4,s0010_f_w000370.mp4,Today,41,test,s0010,front
17525,/home/billu/FDMSE-ISL/data/s0014/front/s0014_f_w000370.mp4,data/s0014/front/s0014_f_w000370.mp4,s0014_f_w000370.mp4,Today,41,test,s0014,front
2016,/home/billu/FDMSE-ISL/data/s0016/front/s0016_f_w000370.mp4,data/s0016/front/s0016_f_w000370.mp4,s0016_f_w000370.mp4,Today,41,test,s0016,front
6747,/home/billu/FDMSE-ISL/data/s0017/front/s0017_f_w000370.mp4,data/s0017/front/s0017_f_w000370.mp4,s0017_f_w000370.mp4,Today,41,test,s0017,front
33274,/home/billu/FDMSE-ISL/data/s0019/front/s0019_f_w000370.mp4,data/s0019/front/s0019_f_w000370.mp4,s0019_f_w000370.mp4,Today,41,test,s0019,front
22655,/home/billu/FDMSE-ISL/data/s0020/front/s0020_f_w000370.mp4,data/s0020/front/s0020_f_w000370.mp4,s0020_f_w000370.mp4,Today,41,test,s0020,front
11302,/home/billu/FDMSE-ISL/data/s0004/front/s0004_f_w000371.mp4,data/s0004/front/s0004_f_w000371.mp4,s0004_f_w000371.mp4,Tomorrow,42,test,s0004,front
28499,/home/billu/FDMSE-ISL/data/s0006/front/s0006_f_w000371.mp4,data/s0006/front/s0006_f_w000371.mp4,s0006_f_w000371.mp4,Tomorrow,42,test,s0006,front
40746,/home/billu/FDMSE-ISL/data/s0010/front/s0010_f_w000371.mp4,data/s0010/front/s0010_f_w000371.mp4,s0010_f_w000371.mp4,Tomorrow,42,test,s0010,front
17021,/home/billu/FDMSE-ISL/data/s0014/front/s0014_f_w000371.mp4,data/s0014/front/s0014_f_w000371.mp4,s0014_f_w000371.mp4,Tomorrow,42,test,s0014,front
3241,/home/billu/FDMSE-ISL/data/s0016/front/s0016_f_w000371.mp4,data/s0016/front/s0016_f_w000371.mp4,s0016_f_w000371.mp4,Tomorrow,42,test,s0016,front
7202,/home/billu/FDMSE-ISL/data/s0017/front/s0017_f_w000371.mp4,data/s0017/front/s0017_f_w000371.mp4,s0017_f_w000371.mp4,Tomorrow,42,test,s0017,front
33017,/home/billu/FDMSE-ISL/data/s0019/front/s0019_f_w000371.mp4,data/s0019/front/s0019_f_w000371.mp4,s0019_f_w000371.mp4,Tomorrow,42,test,s0019,front
23577,/home/billu/FDMSE-ISL/data/s0020/front/s0020_f_w000371.mp4,data/s0020/front/s0020_f_w000371.mp4,s0020_f_w000371.mp4,Tomorrow,42,test,s0020,front
10912,/home/billu/FDMSE-ISL/data/s0004/front/s0004_f_w001035.mp4,data/s0004/front/s0004_f_w001035.mp4,s0004_f_w001035.mp4,Up,43,test,s0004,front
28634,/home/billu/FDMSE-ISL/data/s0006/front/s0006_f_w001035.mp4,data/s0006/front/s0006_f_w001035.mp4,s0006_f_w001035.mp4,Up,43,test,s0006,front
41778,/home/billu/FDMSE-ISL/data/s0010/front/s0010_f_w001035.mp4,data/s0010/front/s0010_f_w001035.mp4,s0010_f_w001035.mp4,Up,43,test,s0010,front
16696,/home/billu/FDMSE-ISL/data/s0014/front/s0014_f_w001035.mp4,data/s0014/front/s0014_f_w001035.mp4,s0014_f_w001035.mp4,Up,43,test,s0014,front
2290,/home/billu/FDMSE-ISL/data/s0016/front/s0016_f_w001035.mp4,data/s0016/front/s0016_f_w001035.mp4,s0016_f_w001035.mp4,Up,43,test,s0016,front
7730,/home/billu/FDMSE-ISL/data/s0017/front/s0017_f_w001035.mp4,data/s0017/front/s0017_f_w001035.mp4,s0017_f_w001035.mp4,Up,43,test,s0017,front
33753,/home/billu/FDMSE-ISL/data/s0019/front/s0019_f_w001035.mp4,data/s0019/front/s0019_f_w001035.mp4,s0019_f_w001035.mp4,Up,43,test,s0019,front
23476,/home/billu/FDMSE-ISL/data/s0020/front/s0020_f_w001035.mp4,data/s0020/front/s0020_f_w001035.mp4,s0020_f_w001035.mp4,Up,43,test,s0020,front
11743,/home/billu/FDMSE-ISL/data/s0004/front/s0004_f_w000228.mp4,data/s0004/front/s0004_f_w000228.mp4,s0004_f_w000228.mp4,Water,44,test,s0004,front
28000,/home/billu/FDMSE-ISL/data/s0006/front/s0006_f_w000228.mp4,data/s0006/front/s0006_f_w000228.mp4,s0006_f_w000228.mp4,Water,44,test,s0006,front
41409,/home/billu/FDMSE-ISL/data/s0010/front/s0010_f_w000228.mp4,data/s0010/front/s0010_f_w000228.mp4,s0010_f_w000228.mp4,Water,44,test,s0010,front
16943,/home/billu/FDMSE-ISL/data/s0014/front/s0014_f_w000228.mp4,data/s0014/front/s0014_f_w000228.mp4,s0014_f_w000228.mp4,Water,44,test,s0014,front
3391,/home/billu/FDMSE-ISL/data/s0016/front/s0016_f_w000228.mp4,data/s0016/front/s0016_f_w000228.mp4,s0016_f_w000228.mp4,Water,44,test,s0016,front
6266,/home/billu/FDMSE-ISL/data/s0017/front/s0017_f_w000228.mp4,data/s0017/front/s0017_f_w000228.mp4,s0017_f_w000228.mp4,Water,44,test,s0017,front
32836,/home/billu/FDMSE-ISL/data/s0019/front/s0019_f_w000228.mp4,data/s0019/front/s0019_f_w000228.mp4,s0019_f_w000228.mp4,Water,44,test,s0019,front
23351,/home/billu/FDMSE-ISL/data/s0020/front/s0020_f_w000228.mp4,data/s0020/front/s0020_f_w000228.mp4,s0020_f_w000228.mp4,Water,44,test,s0020,front
10378,/home/billu/FDMSE-ISL/data/s0004/front/s0004_f_w001309.mp4,data/s0004/front/s0004_f_w001309.mp4,s0004_f_w001309.mp4,Welcome,45,test,s0004,front
28555,/home/billu/FDMSE-ISL/data/s0006/front/s0006_f_w001309.mp4,data/s0006/front/s0006_f_w001309.mp4,s0006_f_w001309.mp4,Welcome,45,test,s0006,front
40803,/home/billu/FDMSE-ISL/data/s0010/front/s0010_f_w001309.mp4,data/s0010/front/s0010_f_w001309.mp4,s0010_f_w001309.mp4,Welcome,45,test,s0010,front
17437,/home/billu/FDMSE-ISL/data/s0014/front/s0014_f_w001309.mp4,data/s0014/front/s0014_f_w001309.mp4,s0014_f_w001309.mp4,Welcome,45,test,s0014,front
2351,/home/billu/FDMSE-ISL/data/s0016/front/s0016_f_w001309.mp4,data/s0016/front/s0016_f_w001309.mp4,s0016_f_w001309.mp4,Welcome,45,test,s0016,front
7630,/home/billu/FDMSE-ISL/data/s0017/front/s0017_f_w001309.mp4,data/s0017/front/s0017_f_w001309.mp4,s0017_f_w001309.mp4,Welcome,45,test,s0017,front
32034,/home/billu/FDMSE-ISL/data/s0019/front/s0019_f_w001309.mp4,data/s0019/front/s0019_f_w001309.mp4,s0019_f_w001309.mp4,Welcome,45,test,s0019,front
23782,/home/billu/FDMSE-ISL/data/s0020/front/s0020_f_w001309.mp4,data/s0020/front/s0020_f_w001309.mp4,s0020_f_w001309.mp4,Welcome,45,test,s0020,front
10816,/home/billu/FDMSE-ISL/data/s0004/front/s0004_f_w001038.mp4,data/s0004/front/s0004_f_w001038.mp4,s0004_f_w001038.mp4,What,46,test,s0004,front
29171,/home/billu/FDMSE-ISL/data/s0006/front/s0006_f_w001038.mp4,data/s0006/front/s0006_f_w001038.mp4,s0006_f_w001038.mp4,What,46,test,s0006,front
40405,/home/billu/FDMSE-ISL/data/s0010/front/s0010_f_w001038.mp4,data/s0010/front/s0010_f_w001038.mp4,s0010_f_w001038.mp4,What,46,test,s0010,front
16766,/home/billu/FDMSE-ISL/data/s0014/front/s0014_f_w001038.mp4,data/s0014/front/s0014_f_w001038.mp4,s0014_f_w001038.mp4,What,46,test,s0014,front
2683,/home/billu/FDMSE-ISL/data/s0016/front/s0016_f_w001038.mp4,data/s0016/front/s0016_f_w001038.mp4,s0016_f_w001038.mp4,What,46,test,s0016,front
6207,/home/billu/FDMSE-ISL/data/s0017/front/s0017_f_w001038.mp4,data/s0017/front/s0017_f_w001038.mp4,s0017_f_w001038.mp4,What,46,test,s0017,front
31982,/home/billu/FDMSE-ISL/data/s0019/front/s0019_f_w001038.mp4,data/s0019/front/s0019_f_w001038.mp4,s0019_f_w001038.mp4,What,46,test,s0019,front
23254,/home/billu/FDMSE-ISL/data/s0020/front/s0020_f_w001038.mp4,data/s0020/front/s0020_f_w001038.mp4,s0020_f_w001038.mp4,What,46,test,s0020,front
11001,/home/billu/FDMSE-ISL/data/s0004/front/s0004_f_w001040.mp4,data/s0004/front/s0004_f_w001040.mp4,s0004_f_w001040.mp4,When,47,test,s0004,front
29865,/home/billu/FDMSE-ISL/data/s0006/front/s0006_f_w001040.mp4,data/s0006/front/s0006_f_w001040.mp4,s0006_f_w001040.mp4,When,47,test,s0006,front
41272,/home/billu/FDMSE-ISL/data/s0010/front/s0010_f_w001040.mp4,data/s0010/front/s0010_f_w001040.mp4,s0010_f_w001040.mp4,When,47,test,s0010,front
16246,/home/billu/FDMSE-ISL/data/s0014/front/s0014_f_w001040.mp4,data/s0014/front/s0014_f_w001040.mp4,s0014_f_w001040.mp4,When,47,test,s0014,front
3875,/home/billu/FDMSE-ISL/data/s0016/front/s0016_f_w001040.mp4,data/s0016/front/s0016_f_w001040.mp4,s0016_f_w001040.mp4,When,47,test,s0016,front
6116,/home/billu/FDMSE-ISL/data/s0017/front/s0017_f_w001040.mp4,data/s0017/front/s0017_f_w001040.mp4,s0017_f_w001040.mp4,When,47,test,s0017,front
32617,/home/billu/FDMSE-ISL/data/s0019/front/s0019_f_w001040.mp4,data/s0019/front/s0019_f_w001040.mp4,s0019_f_w001040.mp4,When,47,test,s0019,front
22174,/home/billu/FDMSE-ISL/data/s0020/front/s0020_f_w001040.mp4,data/s0020/front/s0020_f_w001040.mp4,s0020_f_w001040.mp4,When,47,test,s0020,front
10919,/home/billu/FDMSE-ISL/data/s0004/front/s0004_f_w001041.mp4,data/s0004/front/s0004_f_w001041.mp4,s0004_f_w001041.mp4,Where,48,test,s0004,front
29031,/home/billu/FDMSE-ISL/data/s0006/front/s0006_f_w001041.mp4,data/s0006/front/s0006_f_w001041.mp4,s0006_f_w001041.mp4,Where,48,test,s0006,front
40507,/home/billu/FDMSE-ISL/data/s0010/front/s0010_f_w001041.mp4,data/s0010/front/s0010_f_w001041.mp4,s0010_f_w001041.mp4,Where,48,test,s0010,front
16533,/home/billu/FDMSE-ISL/data/s0014/front/s0014_f_w001041.mp4,data/s0014/front/s0014_f_w001041.mp4,s0014_f_w001041.mp4,Where,48,test,s0014,front
2958,/home/billu/FDMSE-ISL/data/s0016/front/s0016_f_w001041.mp4,data/s0016/front/s0016_f_w001041.mp4,s0016_f_w001041.mp4,Where,48,test,s0016,front
7137,/home/billu/FDMSE-ISL/data/s0017/front/s0017_f_w001041.mp4,data/s0017/front/s0017_f_w001041.mp4,s0017_f_w001041.mp4,Where,48,test,s0017,front
32522,/home/billu/FDMSE-ISL/data/s0019/front/s0019_f_w001041.mp4,data/s0019/front/s0019_f_w001041.mp4,s0019_f_w001041.mp4,Where,48,test,s0019,front
22678,/home/billu/FDMSE-ISL/data/s0020/front/s0020_f_w001041.mp4,data/s0020/front/s0020_f_w001041.mp4,s0020_f_w001041.mp4,Where,48,test,s0020,front
11337,/home/billu/FDMSE-ISL/data/s0004/front/s0004_f_w001043.mp4,data/s0004/front/s0004_f_w001043.mp4,s0004_f_w001043.mp4,Who,49,test,s0004,front
29789,/home/billu/FDMSE-ISL/data/s0006/front/s0006_f_w001043.mp4,data/s0006/front/s0006_f_w001043.mp4,s0006_f_w001043.mp4,Who,49,test,s0006,front
40245,/home/billu/FDMSE-ISL/data/s0010/front/s0010_f_w001043.mp4,data/s0010/front/s0010_f_w001043.mp4,s0010_f_w001043.mp4,Who,49,test,s0010,front
17628,/home/billu/FDMSE-ISL/data/s0014/front/s0014_f_w001043.mp4,data/s0014/front/s0014_f_w001043.mp4,s0014_f_w001043.mp4,Who,49,test,s0014,front
3278,/home/billu/FDMSE-ISL/data/s0016/front/s0016_f_w001043.mp4,data/s0016/front/s0016_f_w001043.mp4,s0016_f_w001043.mp4,Who,49,test,s0016,front
7817,/home/billu/FDMSE-ISL/data/s0017/front/s0017_f_w001043.mp4,data/s0017/front/s0017_f_w001043.mp4,s0017_f_w001043.mp4,Who,49,test,s0017,front
33683,/home/billu/FDMSE-ISL/data/s0019/front/s0019_f_w001043.mp4,data/s0019/front/s0019_f_w001043.mp4,s0019_f_w001043.mp4,Who,49,test,s0019,front
22762,/home/billu/FDMSE-ISL/data/s0020/front/s0020_f_w001043.mp4,data/s0020/front/s0020_f_w001043.mp4,s0020_f_w001043.mp4,Who,49,test,s0020,front
10204,/home/billu/FDMSE-ISL/data/s0004/front/s0004_f_w001886.mp4,data/s0004/front/s0004_f_w001886.mp4,s0004_f_w001886.mp4,Why,50,test,s0004,front
27965,/home/billu/FDMSE-ISL/data/s0006/front/s0006_f_w001886.mp4,data/s0006/front/s0006_f_w001886.mp4,s0006_f_w001886.mp4,Why,50,test,s0006,front
40052,/home/billu/FDMSE-ISL/data/s0010/front/s0010_f_w001886.mp4,data/s0010/front/s0010_f_w001886.mp4,s0010_f_w001886.mp4,Why,50,test,s0010,front
17387,/home/billu/FDMSE-ISL/data/s0014/front/s0014_f_w001886.mp4,data/s0014/front/s0014_f_w001886.mp4,s0014_f_w001886.mp4,Why,50,test,s0014,front
2166,/home/billu/FDMSE-ISL/data/s0016/front/s0016_f_w001886.mp4,data/s0016/front/s0016_f_w001886.mp4,s0016_f_w001886.mp4,Why,50,test,s0016,front
7006,/home/billu/FDMSE-ISL/data/s0017/front/s0017_f_w001886.mp4,data/s0017/front/s0017_f_w001886.mp4,s0017_f_w001886.mp4,Why,50,test,s0017,front
33411,/home/billu/FDMSE-ISL/data/s0019/front/s0019_f_w001886.mp4,data/s0019/front/s0019_f_w001886.mp4,s0019_f_w001886.mp4,Why,50,test,s0019,front
23837,/home/billu/FDMSE-ISL/data/s0020/front/s0020_f_w001886.mp4,data/s0020/front/s0020_f_w001886.mp4,s0020_f_w001886.mp4,Why,50,test,s0020,front
10763,/home/billu/FDMSE-ISL/data/s0004/front/s0004_f_w001578.mp4,data/s0004/front/s0004_f_w001578.mp4,s0004_f_w001578.mp4,Yes,51,test,s0004,front
28053,/home/billu/FDMSE-ISL/data/s0006/front/s0006_f_w001578.mp4,data/s0006/front/s0006_f_w001578.mp4,s0006_f_w001578.mp4,Yes,51,test,s0006,front
40891,/home/billu/FDMSE-ISL/data/s0010/front/s0010_f_w001578.mp4,data/s0010/front/s0010_f_w001578.mp4,s0010_f_w001578.mp4,Yes,51,test,s0010,front
16633,/home/billu/FDMSE-ISL/data/s0014/front/s0014_f_w001578.mp4,data/s0014/front/s0014_f_w001578.mp4,s0014_f_w001578.mp4,Yes,51,test,s0014,front
2225,/home/billu/FDMSE-ISL/data/s0016/front/s0016_f_w001578.mp4,data/s0016/front/s0016_f_w001578.mp4,s0016_f_w001578.mp4,Yes,51,test,s0016,front
6863,/home/billu/FDMSE-ISL/data/s0017/front/s0017_f_w001578.mp4,data/s0017/front/s0017_f_w001578.mp4,s0017_f_w001578.mp4,Yes,51,test,s0017,front
33830,/home/billu/FDMSE-ISL/data/s0019/front/s0019_f_w001578.mp4,data/s0019/front/s0019_f_w001578.mp4,s0019_f_w001578.mp4,Yes,51,test,s0019,front
23506,/home/billu/FDMSE-ISL/data/s0020/front/s0020_f_w001578.mp4,data/s0020/front/s0020_f_w001578.mp4,s0020_f_w001578.mp4,Yes,51,test,s0020,front
11490,/home/billu/FDMSE-ISL/data/s0004/front/s0004_f_w000373.mp4,data/s0004/front/s0004_f_w000373.mp4,s0004_f_w000373.mp4,Yesterday,52,test,s0004,front
28715,/home/billu/FDMSE-ISL/data/s0006/front/s0006_f_w000373.mp4,data/s0006/front/s0006_f_w000373.mp4,s0006_f_w000373.mp4,Yesterday,52,test,s0006,front
40965,/home/billu/FDMSE-ISL/data/s0010/front/s0010_f_w000373.mp4,data/s0010/front/s0010_f_w000373.mp4,s0010_f_w000373.mp4,Yesterday,52,test,s0010,front
17618,/home/billu/FDMSE-ISL/data/s0014/front/s0014_f_w000373.mp4,data/s0014/front/s0014_f_w000373.mp4,s0014_f_w000373.mp4,Yesterday,52,test,s0014,front
3931,/home/billu/FDMSE-ISL/data/s0016/front/s0016_f_w000373.mp4,data/s0016/front/s0016_f_w000373.mp4,s0016_f_w000373.mp4,Yesterday,52,test,s0016,front
7079,/home/billu/FDMSE-ISL/data/s0017/front/s0017_f_w000373.mp4,data/s0017/front/s0017_f_w000373.mp4,s0017_f_w000373.mp4,Yesterday,52,test,s0017,front
33714,/home/billu/FDMSE-ISL/data/s0019/front/s0019_f_w000373.mp4,data/s0019/front/s0019_f_w000373.mp4,s0019_f_w000373.mp4,Yesterday,52,test,s0019,front
23499,/home/billu/FDMSE-ISL/data/s0020/front/s0020_f_w000373.mp4,data/s0020/front/s0020_f_w000373.mp4,s0020_f_w000373.mp4,Yesterday,52,test,s0020,front
25921,/home/billu/FDMSE-ISL/data/s0001/front/s0001_f_w000043.mp4,data/s0001/front/s0001_f_w000043.mp4,s0001_f_w000043.mp4,Angry,0,train,s0001,front
39401,/home/billu/FDMSE-ISL/data/s0002/front/s0002_f_w000043.mp4,data/s0002/front/s0002_f_w000043.mp4,s0002_f_w000043.mp4,Angry,0,train,s0002,front
30040,/home/billu/FDMSE-ISL/data/s0005/front/s0005_f_w000043.mp4,data/s0005/front/s0005_f_w000043.mp4,s0005_f_w000043.mp4,Angry,0,train,s0005,front
19527,/home/billu/FDMSE-ISL/data/s0007/front/s0007_f_w000043.mp4,data/s0007/front/s0007_f_w000043.mp4,s0007_f_w000043.mp4,Angry,0,train,s0007,front
35389,/home/billu/FDMSE-ISL/data/s0008/front/s0008_f_w000043.mp4,data/s0008/front/s0008_f_w000043.mp4,s0008_f_w000043.mp4,Angry,0,train,s0008,front
13994,/home/billu/FDMSE-ISL/data/s0009/front/s0009_f_w000043.mp4,data/s0009/front/s0009_f_w000043.mp4,s0009_f_w000043.mp4,Angry,0,train,s0009,front
20031,/home/billu/FDMSE-ISL/data/s0011/front/s0011_f_w000043.mp4,data/s0011/front/s0011_f_w000043.mp4,s0011_f_w000043.mp4,Angry,0,train,s0011,front
24653,/home/billu/FDMSE-ISL/data/s0012/front/s0012_f_w000043.mp4,data/s0012/front/s0012_f_w000043.mp4,s0012_f_w000043.mp4,Angry,0,train,s0012,front
12808,/home/billu/FDMSE-ISL/data/s0013/front/s0013_f_w000043.mp4,data/s0013/front/s0013_f_w000043.mp4,s0013_f_w000043.mp4,Angry,0,train,s0013,front
4255,/home/billu/FDMSE-ISL/data/s0018/front/s0018_f_w000043.mp4,data/s0018/front/s0018_f_w000043.mp4,s0018_f_w000043.mp4,Angry,0,train,s0018,front
26303,/home/billu/FDMSE-ISL/data/s0001/front/s0001_f_w001572.mp4,data/s0001/front/s0001_f_w001572.mp4,s0001_f_w001572.mp4,Bag,1,train,s0001,front
39551,/home/billu/FDMSE-ISL/data/s0002/front/s0002_f_w001572.mp4,data/s0002/front/s0002_f_w001572.mp4,s0002_f_w001572.mp4,Bag,1,train,s0002,front
31452,/home/billu/FDMSE-ISL/data/s0005/front/s0005_f_w001572.mp4,data/s0005/front/s0005_f_w001572.mp4,s0005_f_w001572.mp4,Bag,1,train,s0005,front
18316,/home/billu/FDMSE-ISL/data/s0007/front/s0007_f_w001572.mp4,data/s0007/front/s0007_f_w001572.mp4,s0007_f_w001572.mp4,Bag,1,train,s0007,front
35294,/home/billu/FDMSE-ISL/data/s0008/front/s0008_f_w001572.mp4,data/s0008/front/s0008_f_w001572.mp4,s0008_f_w001572.mp4,Bag,1,train,s0008,front
14161,/home/billu/FDMSE-ISL/data/s0009/front/s0009_f_w001572.mp4,data/s0009/front/s0009_f_w001572.mp4,s0009_f_w001572.mp4,Bag,1,train,s0009,front
21010,/home/billu/FDMSE-ISL/data/s0011/front/s0011_f_w001572.mp4,data/s0011/front/s0011_f_w001572.mp4,s0011_f_w001572.mp4,Bag,1,train,s0011,front
25349,/home/billu/FDMSE-ISL/data/s0012/front/s0012_f_w001572.mp4,data/s0012/front/s0012_f_w001572.mp4,s0012_f_w001572.mp4,Bag,1,train,s0012,front
12428,/home/billu/FDMSE-ISL/data/s0013/front/s0013_f_w001572.mp4,data/s0013/front/s0013_f_w001572.mp4,s0013_f_w001572.mp4,Bag,1,train,s0013,front
4273,/home/billu/FDMSE-ISL/data/s0018/front/s0018_f_w001572.mp4,data/s0018/front/s0018_f_w001572.mp4,s0018_f_w001572.mp4,Bag,1,train,s0018,front
27259,/home/billu/FDMSE-ISL/data/s0001/front/s0001_f_w000125.mp4,data/s0001/front/s0001_f_w000125.mp4,s0001_f_w000125.mp4,Bathroom,2,train,s0001,front
39685,/home/billu/FDMSE-ISL/data/s0002/front/s0002_f_w000125.mp4,data/s0002/front/s0002_f_w000125.mp4,s0002_f_w000125.mp4,Bathroom,2,train,s0002,front
30994,/home/billu/FDMSE-ISL/data/s0005/front/s0005_f_w000125.mp4,data/s0005/front/s0005_f_w000125.mp4,s0005_f_w000125.mp4,Bathroom,2,train,s0005,front
18750,/home/billu/FDMSE-ISL/data/s0007/front/s0007_f_w000125.mp4,data/s0007/front/s0007_f_w000125.mp4,s0007_f_w000125.mp4,Bathroom,2,train,s0007,front
34012,/home/billu/FDMSE-ISL/data/s0008/front/s0008_f_w000125.mp4,data/s0008/front/s0008_f_w000125.mp4,s0008_f_w000125.mp4,Bathroom,2,train,s0008,front
14697,/home/billu/FDMSE-ISL/data/s0009/front/s0009_f_w000125.mp4,data/s0009/front/s0009_f_w000125.mp4,s0009_f_w000125.mp4,Bathroom,2,train,s0009,front
21070,/home/billu/FDMSE-ISL/data/s0011/front/s0011_f_w000125.mp4,data/s0011/front/s0011_f_w000125.mp4,s0011_f_w000125.mp4,Bathroom,2,train,s0011,front
23958,/home/billu/FDMSE-ISL/data/s0012/front/s0012_f_w000125.mp4,data/s0012/front/s0012_f_w000125.mp4,s0012_f_w000125.mp4,Bathroom,2,train,s0012,front
13065,/home/billu/FDMSE-ISL/data/s0013/front/s0013_f_w000125.mp4,data/s0013/front/s0013_f_w000125.mp4,s0013_f_w000125.mp4,Bathroom,2,train,s0013,front
4593,/home/billu/FDMSE-ISL/data/s0018/front/s0018_f_w000125.mp4,data/s0018/front/s0018_f_w000125.mp4,s0018_f_w000125.mp4,Bathroom,2,train,s0018,front
27337,/home/billu/FDMSE-ISL/data/s0001/front/s0001_f_w000430.mp4,data/s0001/front/s0001_f_w000430.mp4,s0001_f_w000430.mp4,Book,3,train,s0001,front
38366,/home/billu/FDMSE-ISL/data/s0002/front/s0002_f_w000430.mp4,data/s0002/front/s0002_f_w000430.mp4,s0002_f_w000430.mp4,Book,3,train,s0002,front
31467,/home/billu/FDMSE-ISL/data/s0005/front/s0005_f_w000430.mp4,data/s0005/front/s0005_f_w000430.mp4,s0005_f_w000430.mp4,Book,3,train,s0005,front
18735,/home/billu/FDMSE-ISL/data/s0007/front/s0007_f_w000430.mp4,data/s0007/front/s0007_f_w000430.mp4,s0007_f_w000430.mp4,Book,3,train,s0007,front
35173,/home/billu/FDMSE-ISL/data/s0008/front/s0008_f_w000430.mp4,data/s0008/front/s0008_f_w000430.mp4,s0008_f_w000430.mp4,Book,3,train,s0008,front
15547,/home/billu/FDMSE-ISL/data/s0009/front/s0009_f_w000430.mp4,data/s0009/front/s0009_f_w000430.mp4,s0009_f_w000430.mp4,Book,3,train,s0009,front
21497,/home/billu/FDMSE-ISL/data/s0011/front/s0011_f_w000430.mp4,data/s0011/front/s0011_f_w000430.mp4,s0011_f_w000430.mp4,Book,3,train,s0011,front
24017,/home/billu/FDMSE-ISL/data/s0012/front/s0012_f_w000430.mp4,data/s0012/front/s0012_f_w000430.mp4,s0012_f_w000430.mp4,Book,3,train,s0012,front
12918,/home/billu/FDMSE-ISL/data/s0013/front/s0013_f_w000430.mp4,data/s0013/front/s0013_f_w000430.mp4,s0013_f_w000430.mp4,Book,3,train,s0013,front
5189,/home/billu/FDMSE-ISL/data/s0018/front/s0018_f_w000430.mp4,data/s0018/front/s0018_f_w000430.mp4,s0018_f_w000430.mp4,Book,3,train,s0018,front
26680,/home/billu/FDMSE-ISL/data/s0001/front/s0001_f_w000005.mp4,data/s0001/front/s0001_f_w000005.mp4,s0001_f_w000005.mp4,Brother,4,train,s0001,front
39836,/home/billu/FDMSE-ISL/data/s0002/front/s0002_f_w000005.mp4,data/s0002/front/s0002_f_w000005.mp4,s0002_f_w000005.mp4,Brother,4,train,s0002,front
30899,/home/billu/FDMSE-ISL/data/s0005/front/s0005_f_w000005.mp4,data/s0005/front/s0005_f_w000005.mp4,s0005_f_w000005.mp4,Brother,4,train,s0005,front
19796,/home/billu/FDMSE-ISL/data/s0007/front/s0007_f_w000005.mp4,data/s0007/front/s0007_f_w000005.mp4,s0007_f_w000005.mp4,Brother,4,train,s0007,front
34186,/home/billu/FDMSE-ISL/data/s0008/front/s0008_f_w000005.mp4,data/s0008/front/s0008_f_w000005.mp4,s0008_f_w000005.mp4,Brother,4,train,s0008,front
15282,/home/billu/FDMSE-ISL/data/s0009/front/s0009_f_w000005.mp4,data/s0009/front/s0009_f_w000005.mp4,s0009_f_w000005.mp4,Brother,4,train,s0009,front
21542,/home/billu/FDMSE-ISL/data/s0011/front/s0011_f_w000005.mp4,data/s0011/front/s0011_f_w000005.mp4,s0011_f_w000005.mp4,Brother,4,train,s0011,front
25226,/home/billu/FDMSE-ISL/data/s0012/front/s0012_f_w000005.mp4,data/s0012/front/s0012_f_w000005.mp4,s0012_f_w000005.mp4,Brother,4,train,s0012,front
13556,/home/billu/FDMSE-ISL/data/s0013/front/s0013_f_w000005.mp4,data/s0013/front/s0013_f_w000005.mp4,s0013_f_w000005.mp4,Brother,4,train,s0013,front
5281,/home/billu/FDMSE-ISL/data/s0018/front/s0018_f_w000005.mp4,data/s0018/front/s0018_f_w000005.mp4,s0018_f_w000005.mp4,Brother,4,train,s0018,front
27868,/home/billu/FDMSE-ISL/data/s0001/front/s0001_f_w001133.mp4,data/s0001/front/s0001_f_w001133.mp4,s0001_f_w001133.mp4,Come,5,train,s0001,front
38865,/home/billu/FDMSE-ISL/data/s0002/front/s0002_f_w001133.mp4,data/s0002/front/s0002_f_w001133.mp4,s0002_f_w001133.mp4,Come,5,train,s0002,front
30288,/home/billu/FDMSE-ISL/data/s0005/front/s0005_f_w001133.mp4,data/s0005/front/s0005_f_w001133.mp4,s0005_f_w001133.mp4,Come,5,train,s0005,front
18104,/home/billu/FDMSE-ISL/data/s0007/front/s0007_f_w001133.mp4,data/s0007/front/s0007_f_w001133.mp4,s0007_f_w001133.mp4,Come,5,train,s0007,front
34510,/home/billu/FDMSE-ISL/data/s0008/front/s0008_f_w001133.mp4,data/s0008/front/s0008_f_w001133.mp4,s0008_f_w001133.mp4,Come,5,train,s0008,front
15133,/home/billu/FDMSE-ISL/data/s0009/front/s0009_f_w001133.mp4,data/s0009/front/s0009_f_w001133.mp4,s0009_f_w001133.mp4,Come,5,train,s0009,front
21001,/home/billu/FDMSE-ISL/data/s0011/front/s0011_f_w001133.mp4,data/s0011/front/s0011_f_w001133.mp4,s0011_f_w001133.mp4,Come,5,train,s0011,front
24629,/home/billu/FDMSE-ISL/data/s0012/front/s0012_f_w001133.mp4,data/s0012/front/s0012_f_w001133.mp4,s0012_f_w001133.mp4,Come,5,train,s0012,front
12219,/home/billu/FDMSE-ISL/data/s0013/front/s0013_f_w001133.mp4,data/s0013/front/s0013_f_w001133.mp4,s0013_f_w001133.mp4,Come,5,train,s0013,front
5903,/home/billu/FDMSE-ISL/data/s0018/front/s0018_f_w001133.mp4,data/s0018/front/s0018_f_w001133.mp4,s0018_f_w001133.mp4,Come,5,train,s0018,front
26730,/home/billu/FDMSE-ISL/data/s0001/front/s0001_f_w001018.mp4,data/s0001/front/s0001_f_w001018.mp4,s0001_f_w001018.mp4,Down,6,train,s0001,front
38721,/home/billu/FDMSE-ISL/data/s0002/front/s0002_f_w001018.mp4,data/s0002/front/s0002_f_w001018.mp4,s0002_f_w001018.mp4,Down,6,train,s0002,front
30658,/home/billu/FDMSE-ISL/data/s0005/front/s0005_f_w001018.mp4,data/s0005/front/s0005_f_w001018.mp4,s0005_f_w001018.mp4,Down,6,train,s0005,front
19347,/home/billu/FDMSE-ISL/data/s0007/front/s0007_f_w001018.mp4,data/s0007/front/s0007_f_w001018.mp4,s0007_f_w001018.mp4,Down,6,train,s0007,front
35695,/home/billu/FDMSE-ISL/data/s0008/front/s0008_f_w001018.mp4,data/s0008/front/s0008_f_w001018.mp4,s0008_f_w001018.mp4,Down,6,train,s0008,front
14656,/home/billu/FDMSE-ISL/data/s0009/front/s0009_f_w001018.mp4,data/s0009/front/s0009_f_w001018.mp4,s0009_f_w001018.mp4,Down,6,train,s0009,front
21069,/home/billu/FDMSE-ISL/data/s0011/front/s0011_f_w001018.mp4,data/s0011/front/s0011_f_w001018.mp4,s0011_f_w001018.mp4,Down,6,train,s0011,front
25442,/home/billu/FDMSE-ISL/data/s0012/front/s0012_f_w001018.mp4,data/s0012/front/s0012_f_w001018.mp4,s0012_f_w001018.mp4,Down,6,train,s0012,front
13732,/home/billu/FDMSE-ISL/data/s0013/front/s0013_f_w001018.mp4,data/s0013/front/s0013_f_w001018.mp4,s0013_f_w001018.mp4,Down,6,train,s0013,front
5652,/home/billu/FDMSE-ISL/data/s0018/front/s0018_f_w001018.mp4,data/s0018/front/s0018_f_w001018.mp4,s0018_f_w001018.mp4,Down,6,train,s0018,front
27076,/home/billu/FDMSE-ISL/data/s0001/front/s0001_f_w001161.mp4,data/s0001/front/s0001_f_w001161.mp4,s0001_f_w001161.mp4,Drink,7,train,s0001,front
39105,/home/billu/FDMSE-ISL/data/s0002/front/s0002_f_w001161.mp4,data/s0002/front/s0002_f_w001161.mp4,s0002_f_w001161.mp4,Drink,7,train,s0002,front
30394,/home/billu/FDMSE-ISL/data/s0005/front/s0005_f_w001161.mp4,data/s0005/front/s0005_f_w001161.mp4,s0005_f_w001161.mp4,Drink,7,train,s0005,front
18954,/home/billu/FDMSE-ISL/data/s0007/front/s0007_f_w001161.mp4,data/s0007/front/s0007_f_w001161.mp4,s0007_f_w001161.mp4,Drink,7,train,s0007,front
35751,/home/billu/FDMSE-ISL/data/s0008/front/s0008_f_w001161.mp4,data/s0008/front/s0008_f_w001161.mp4,s0008_f_w001161.mp4,Drink,7,train,s0008,front
14047,/home/billu/FDMSE-ISL/data/s0009/front/s0009_f_w001161.mp4,data/s0009/front/s0009_f_w001161.mp4,s0009_f_w001161.mp4,Drink,7,train,s0009,front
20314,/home/billu/FDMSE-ISL/data/s0011/front/s0011_f_w001161.mp4,data/s0011/front/s0011_f_w001161.mp4,s0011_f_w001161.mp4,Drink,7,train,s0011,front
24707,/home/billu/FDMSE-ISL/data/s0012/front/s0012_f_w001161.mp4,data/s0012/front/s0012_f_w001161.mp4,s0012_f_w001161.mp4,Drink,7,train,s0012,front
13486,/home/billu/FDMSE-ISL/data/s0013/front/s0013_f_w001161.mp4,data/s0013/front/s0013_f_w001161.mp4,s0013_f_w001161.mp4,Drink,7,train,s0013,front
5649,/home/billu/FDMSE-ISL/data/s0018/front/s0018_f_w001161.mp4,data/s0018/front/s0018_f_w001161.mp4,s0018_f_w001161.mp4,Drink,7,train,s0018,front
27547,/home/billu/FDMSE-ISL/data/s0001/front/s0001_f_w001635.mp4,data/s0001/front/s0001_f_w001635.mp4,s0001_f_w001635.mp4,Eat [VEB]/Food,8,train,s0001,front
38692,/home/billu/FDMSE-ISL/data/s0002/front/s0002_f_w001635.mp4,data/s0002/front/s0002_f_w001635.mp4,s0002_f_w001635.mp4,Eat [VEB]/Food,8,train,s0002,front
29909,/home/billu/FDMSE-ISL/data/s0005/front/s0005_f_w001635.mp4,data/s0005/front/s0005_f_w001635.mp4,s0005_f_w001635.mp4,Eat [VEB]/Food,8,train,s0005,front
18517,/home/billu/FDMSE-ISL/data/s0007/front/s0007_f_w001635.mp4,data/s0007/front/s0007_f_w001635.mp4,s0007_f_w001635.mp4,Eat [VEB]/Food,8,train,s0007,front
35279,/home/billu/FDMSE-ISL/data/s0008/front/s0008_f_w001635.mp4,data/s0008/front/s0008_f_w001635.mp4,s0008_f_w001635.mp4,Eat [VEB]/Food,8,train,s0008,front
15161,/home/billu/FDMSE-ISL/data/s0009/front/s0009_f_w001635.mp4,data/s0009/front/s0009_f_w001635.mp4,s0009_f_w001635.mp4,Eat [VEB]/Food,8,train,s0009,front
21433,/home/billu/FDMSE-ISL/data/s0011/front/s0011_f_w001635.mp4,data/s0011/front/s0011_f_w001635.mp4,s0011_f_w001635.mp4,Eat [VEB]/Food,8,train,s0011,front
24460,/home/billu/FDMSE-ISL/data/s0012/front/s0012_f_w001635.mp4,data/s0012/front/s0012_f_w001635.mp4,s0012_f_w001635.mp4,Eat [VEB]/Food,8,train,s0012,front
12498,/home/billu/FDMSE-ISL/data/s0013/front/s0013_f_w001635.mp4,data/s0013/front/s0013_f_w001635.mp4,s0013_f_w001635.mp4,Eat [VEB]/Food,8,train,s0013,front
5859,/home/billu/FDMSE-ISL/data/s0018/front/s0018_f_w001635.mp4,data/s0018/front/s0018_f_w001635.mp4,s0018_f_w001635.mp4,Eat [VEB]/Food,8,train,s0018,front
27677,/home/billu/FDMSE-ISL/data/s0001/front/s0001_f_w000356.mp4,data/s0001/front/s0001_f_w000356.mp4,s0001_f_w000356.mp4,Evening,9,train,s0001,front
38971,/home/billu/FDMSE-ISL/data/s0002/front/s0002_f_w000356.mp4,data/s0002/front/s0002_f_w000356.mp4,s0002_f_w000356.mp4,Evening,9,train,s0002,front
29943,/home/billu/FDMSE-ISL/data/s0005/front/s0005_f_w000356.mp4,data/s0005/front/s0005_f_w000356.mp4,s0005_f_w000356.mp4,Evening,9,train,s0005,front
18550,/home/billu/FDMSE-ISL/data/s0007/front/s0007_f_w000356.mp4,data/s0007/front/s0007_f_w000356.mp4,s0007_f_w000356.mp4,Evening,9,train,s0007,front
35283,/home/billu/FDMSE-ISL/data/s0008/front/s0008_f_w000356.mp4,data/s0008/front/s0008_f_w000356.mp4,s0008_f_w000356.mp4,Evening,9,train,s0008,front
14146,/home/billu/FDMSE-ISL/data/s0009/front/s0009_f_w000356.mp4,data/s0009/front/s0009_f_w000356.mp4,s0009_f_w000356.mp4,Evening,9,train,s0009,front
20999,/home/billu/FDMSE-ISL/data/s0011/front/s0011_f_w000356.mp4,data/s0011/front/s0011_f_w000356.mp4,s0011_f_w000356.mp4,Evening,9,train,s0011,front
25644,/home/billu/FDMSE-ISL/data/s0012/front/s0012_f_w000356.mp4,data/s0012/front/s0012_f_w000356.mp4,s0012_f_w000356.mp4,Evening,9,train,s0012,front
12433,/home/billu/FDMSE-ISL/data/s0013/front/s0013_f_w000356.mp4,data/s0013/front/s0013_f_w000356.mp4,s0013_f_w000356.mp4,Evening,9,train,s0013,front
4514,/home/billu/FDMSE-ISL/data/s0018/front/s0018_f_w000356.mp4,data/s0018/front/s0018_f_w000356.mp4,s0018_f_w000356.mp4,Evening,9,train,s0018,front
26354,/home/billu/FDMSE-ISL/data/s0001/front/s0001_f_w000011.mp4,data/s0001/front/s0001_f_w000011.mp4,s0001_f_w000011.mp4,Family,10,train,s0001,front
39010,/home/billu/FDMSE-ISL/data/s0002/front/s0002_f_w000011.mp4,data/s0002/front/s0002_f_w000011.mp4,s0002_f_w000011.mp4,Family,10,train,s0002,front
31297,/home/billu/FDMSE-ISL/data/s0005/front/s0005_f_w000011.mp4,data/s0005/front/s0005_f_w000011.mp4,s0005_f_w000011.mp4,Family,10,train,s0005,front
18452,/home/billu/FDMSE-ISL/data/s0007/front/s0007_f_w000011.mp4,data/s0007/front/s0007_f_w000011.mp4,s0007_f_w000011.mp4,Family,10,train,s0007,front
34232,/home/billu/FDMSE-ISL/data/s0008/front/s0008_f_w000011.mp4,data/s0008/front/s0008_f_w000011.mp4,s0008_f_w000011.mp4,Family,10,train,s0008,front
15566,/home/billu/FDMSE-ISL/data/s0009/front/s0009_f_w000011.mp4,data/s0009/front/s0009_f_w000011.mp4,s0009_f_w000011.mp4,Family,10,train,s0009,front
21095,/home/billu/FDMSE-ISL/data/s0011/front/s0011_f_w000011.mp4,data/s0011/front/s0011_f_w000011.mp4,s0011_f_w000011.mp4,Family,10,train,s0011,front
25759,/home/billu/FDMSE-ISL/data/s0012/front/s0012_f_w000011.mp4,data/s0012/front/s0012_f_w000011.mp4,s0012_f_w000011.mp4,Family,10,train,s0012,front
12679,/home/billu/FDMSE-ISL/data/s0013/front/s0013_f_w000011.mp4,data/s0013/front/s0013_f_w000011.mp4,s0013_f_w000011.mp4,Family,10,train,s0013,front
5158,/home/billu/FDMSE-ISL/data/s0018/front/s0018_f_w000011.mp4,data/s0018/front/s0018_f_w000011.mp4,s0018_f_w000011.mp4,Family,10,train,s0018,front
27659,/home/billu/FDMSE-ISL/data/s0001/front/s0001_f_w001019.mp4,data/s0001/front/s0001_f_w001019.mp4,s0001_f_w001019.mp4,Far,11,train,s0001,front
38348,/home/billu/FDMSE-ISL/data/s0002/front/s0002_f_w001019.mp4,data/s0002/front/s0002_f_w001019.mp4,s0002_f_w001019.mp4,Far,11,train,s0002,front
31149,/home/billu/FDMSE-ISL/data/s0005/front/s0005_f_w001019.mp4,data/s0005/front/s0005_f_w001019.mp4,s0005_f_w001019.mp4,Far,11,train,s0005,front
19325,/home/billu/FDMSE-ISL/data/s0007/front/s0007_f_w001019.mp4,data/s0007/front/s0007_f_w001019.mp4,s0007_f_w001019.mp4,Far,11,train,s0007,front
35275,/home/billu/FDMSE-ISL/data/s0008/front/s0008_f_w001019.mp4,data/s0008/front/s0008_f_w001019.mp4,s0008_f_w001019.mp4,Far,11,train,s0008,front
14084,/home/billu/FDMSE-ISL/data/s0009/front/s0009_f_w001019.mp4,data/s0009/front/s0009_f_w001019.mp4,s0009_f_w001019.mp4,Far,11,train,s0009,front
20670,/home/billu/FDMSE-ISL/data/s0011/front/s0011_f_w001019.mp4,data/s0011/front/s0011_f_w001019.mp4,s0011_f_w001019.mp4,Far,11,train,s0011,front
25282,/home/billu/FDMSE-ISL/data/s0012/front/s0012_f_w001019.mp4,data/s0012/front/s0012_f_w001019.mp4,s0012_f_w001019.mp4,Far,11,train,s0012,front
13464,/home/billu/FDMSE-ISL/data/s0013/front/s0013_f_w001019.mp4,data/s0013/front/s0013_f_w001019.mp4,s0013_f_w001019.mp4,Far,11,train,s0013,front
4131,/home/billu/FDMSE-ISL/data/s0018/front/s0018_f_w001019.mp4,data/s0018/front/s0018_f_w001019.mp4,s0018_f_w001019.mp4,Far,11,train,s0018,front
26986,/home/billu/FDMSE-ISL/data/s0001/front/s0001_f_w000012.mp4,data/s0001/front/s0001_f_w000012.mp4,s0001_f_w000012.mp4,Father,12,train,s0001,front
39092,/home/billu/FDMSE-ISL/data/s0002/front/s0002_f_w000012.mp4,data/s0002/front/s0002_f_w000012.mp4,s0002_f_w000012.mp4,Father,12,train,s0002,front
30270,/home/billu/FDMSE-ISL/data/s0005/front/s0005_f_w000012.mp4,data/s0005/front/s0005_f_w000012.mp4,s0005_f_w000012.mp4,Father,12,train,s0005,front
19799,/home/billu/FDMSE-ISL/data/s0007/front/s0007_f_w000012.mp4,data/s0007/front/s0007_f_w000012.mp4,s0007_f_w000012.mp4,Father,12,train,s0007,front
35830,/home/billu/FDMSE-ISL/data/s0008/front/s0008_f_w000012.mp4,data/s0008/front/s0008_f_w000012.mp4,s0008_f_w000012.mp4,Father,12,train,s0008,front
15297,/home/billu/FDMSE-ISL/data/s0009/front/s0009_f_w000012.mp4,data/s0009/front/s0009_f_w000012.mp4,s0009_f_w000012.mp4,Father,12,train,s0009,front
21514,/home/billu/FDMSE-ISL/data/s0011/front/s0011_f_w000012.mp4,data/s0011/front/s0011_f_w000012.mp4,s0011_f_w000012.mp4,Father,12,train,s0011,front
24749,/home/billu/FDMSE-ISL/data/s0012/front/s0012_f_w000012.mp4,data/s0012/front/s0012_f_w000012.mp4,s0012_f_w000012.mp4,Father,12,train,s0012,front
13753,/home/billu/FDMSE-ISL/data/s0013/front/s0013_f_w000012.mp4,data/s0013/front/s0013_f_w000012.mp4,s0013_f_w000012.mp4,Father,12,train,s0013,front
4327,/home/billu/FDMSE-ISL/data/s0018/front/s0018_f_w000012.mp4,data/s0018/front/s0018_f_w000012.mp4,s0018_f_w000012.mp4,Father,12,train,s0018,front
26438,/home/billu/FDMSE-ISL/data/s0001/front/s0001_f_w000014.mp4,data/s0001/front/s0001_f_w000014.mp4,s0001_f_w000014.mp4,Friend,13,train,s0001,front
39506,/home/billu/FDMSE-ISL/data/s0002/front/s0002_f_w000014.mp4,data/s0002/front/s0002_f_w000014.mp4,s0002_f_w000014.mp4,Friend,13,train,s0002,front
31276,/home/billu/FDMSE-ISL/data/s0005/front/s0005_f_w000014.mp4,data/s0005/front/s0005_f_w000014.mp4,s0005_f_w000014.mp4,Friend,13,train,s0005,front
19826,/home/billu/FDMSE-ISL/data/s0007/front/s0007_f_w000014.mp4,data/s0007/front/s0007_f_w000014.mp4,s0007_f_w000014.mp4,Friend,13,train,s0007,front
35202,/home/billu/FDMSE-ISL/data/s0008/front/s0008_f_w000014.mp4,data/s0008/front/s0008_f_w000014.mp4,s0008_f_w000014.mp4,Friend,13,train,s0008,front
15584,/home/billu/FDMSE-ISL/data/s0009/front/s0009_f_w000014.mp4,data/s0009/front/s0009_f_w000014.mp4,s0009_f_w000014.mp4,Friend,13,train,s0009,front
21840,/home/billu/FDMSE-ISL/data/s0011/front/s0011_f_w000014.mp4,data/s0011/front/s0011_f_w000014.mp4,s0011_f_w000014.mp4,Friend,13,train,s0011,front
24266,/home/billu/FDMSE-ISL/data/s0012/front/s0012_f_w000014.mp4,data/s0012/front/s0012_f_w000014.mp4,s0012_f_w000014.mp4,Friend,13,train,s0012,front
12296,/home/billu/FDMSE-ISL/data/s0013/front/s0013_f_w000014.mp4,data/s0013/front/s0013_f_w000014.mp4,s0013_f_w000014.mp4,Friend,13,train,s0013,front
4829,/home/billu/FDMSE-ISL/data/s0018/front/s0018_f_w000014.mp4,data/s0018/front/s0018_f_w000014.mp4,s0018_f_w000014.mp4,Friend,13,train,s0018,front
25940,/home/billu/FDMSE-ISL/data/s0001/front/s0001_f_w001185.mp4,data/s0001/front/s0001_f_w001185.mp4,s0001_f_w001185.mp4,Go,14,train,s0001,front
39426,/home/billu/FDMSE-ISL/data/s0002/front/s0002_f_w001185.mp4,data/s0002/front/s0002_f_w001185.mp4,s0002_f_w001185.mp4,Go,14,train,s0002,front
31241,/home/billu/FDMSE-ISL/data/s0005/front/s0005_f_w001185.mp4,data/s0005/front/s0005_f_w001185.mp4,s0005_f_w001185.mp4,Go,14,train,s0005,front
19596,/home/billu/FDMSE-ISL/data/s0007/front/s0007_f_w001185.mp4,data/s0007/front/s0007_f_w001185.mp4,s0007_f_w001185.mp4,Go,14,train,s0007,front
35219,/home/billu/FDMSE-ISL/data/s0008/front/s0008_f_w001185.mp4,data/s0008/front/s0008_f_w001185.mp4,s0008_f_w001185.mp4,Go,14,train,s0008,front
14203,/home/billu/FDMSE-ISL/data/s0009/front/s0009_f_w001185.mp4,data/s0009/front/s0009_f_w001185.mp4,s0009_f_w001185.mp4,Go,14,train,s0009,front
20293,/home/billu/FDMSE-ISL/data/s0011/front/s0011_f_w001185.mp4,data/s0011/front/s0011_f_w001185.mp4,s0011_f_w001185.mp4,Go,14,train,s0011,front
24383,/home/billu/FDMSE-ISL/data/s0012/front/s0012_f_w001185.mp4,data/s0012/front/s0012_f_w001185.mp4,s0012_f_w001185.mp4,Go,14,train,s0012,front
12645,/home/billu/FDMSE-ISL/data/s0013/front/s0013_f_w001185.mp4,data/s0013/front/s0013_f_w001185.mp4,s0013_f_w001185.mp4,Go,14,train,s0013,front
4851,/home/billu/FDMSE-ISL/data/s0018/front/s0018_f_w001185.mp4,data/s0018/front/s0018_f_w001185.mp4,s0018_f_w001185.mp4,Go,14,train,s0018,front
26260,/home/billu/FDMSE-ISL/data/s0001/front/s0001_f_w000054.mp4,data/s0001/front/s0001_f_w000054.mp4,s0001_f_w000054.mp4,Good,15,train,s0001,front
39572,/home/billu/FDMSE-ISL/data/s0002/front/s0002_f_w000054.mp4,data/s0002/front/s0002_f_w000054.mp4,s0002_f_w000054.mp4,Good,15,train,s0002,front
31091,/home/billu/FDMSE-ISL/data/s0005/front/s0005_f_w000054.mp4,data/s0005/front/s0005_f_w000054.mp4,s0005_f_w000054.mp4,Good,15,train,s0005,front
18035,/home/billu/FDMSE-ISL/data/s0007/front/s0007_f_w000054.mp4,data/s0007/front/s0007_f_w000054.mp4,s0007_f_w000054.mp4,Good,15,train,s0007,front
35759,/home/billu/FDMSE-ISL/data/s0008/front/s0008_f_w000054.mp4,data/s0008/front/s0008_f_w000054.mp4,s0008_f_w000054.mp4,Good,15,train,s0008,front
13919,/home/billu/FDMSE-ISL/data/s0009/front/s0009_f_w000054.mp4,data/s0009/front/s0009_f_w000054.mp4,s0009_f_w000054.mp4,Good,15,train,s0009,front
21640,/home/billu/FDMSE-ISL/data/s0011/front/s0011_f_w000054.mp4,data/s0011/front/s0011_f_w000054.mp4,s0011_f_w000054.mp4,Good,15,train,s0011,front
24034,/home/billu/FDMSE-ISL/data/s0012/front/s0012_f_w000054.mp4,data/s0012/front/s0012_f_w000054.mp4,s0012_f_w000054.mp4,Good,15,train,s0012,front
13886,/home/billu/FDMSE-ISL/data/s0013/front/s0013_f_w000054.mp4,data/s0013/front/s0013_f_w000054.mp4,s0013_f_w000054.mp4,Good,15,train,s0013,front
5778,/home/billu/FDMSE-ISL/data/s0018/front/s0018_f_w000054.mp4,data/s0018/front/s0018_f_w000054.mp4,s0018_f_w000054.mp4,Good,15,train,s0018,front
27263,/home/billu/FDMSE-ISL/data/s0001/front/s0001_f_w000045.mp4,data/s0001/front/s0001_f_w000045.mp4,s0001_f_w000045.mp4,Bad,16,train,s0001,front
38539,/home/billu/FDMSE-ISL/data/s0002/front/s0002_f_w000045.mp4,data/s0002/front/s0002_f_w000045.mp4,s0002_f_w000045.mp4,Bad,16,train,s0002,front
31781,/home/billu/FDMSE-ISL/data/s0005/front/s0005_f_w000045.mp4,data/s0005/front/s0005_f_w000045.mp4,s0005_f_w000045.mp4,Bad,16,train,s0005,front
19790,/home/billu/FDMSE-ISL/data/s0007/front/s0007_f_w000045.mp4,data/s0007/front/s0007_f_w000045.mp4,s0007_f_w000045.mp4,Bad,16,train,s0007,front
34219,/home/billu/FDMSE-ISL/data/s0008/front/s0008_f_w000045.mp4,data/s0008/front/s0008_f_w000045.mp4,s0008_f_w000045.mp4,Bad,16,train,s0008,front
15836,/home/billu/FDMSE-ISL/data/s0009/front/s0009_f_w000045.mp4,data/s0009/front/s0009_f_w000045.mp4,s0009_f_w000045.mp4,Bad,16,train,s0009,front
21595,/home/billu/FDMSE-ISL/data/s0011/front/s0011_f_w000045.mp4,data/s0011/front/s0011_f_w000045.mp4,s0011_f_w000045.mp4,Bad,16,train,s0011,front
24447,/home/billu/FDMSE-ISL/data/s0012/front/s0012_f_w000045.mp4,data/s0012/front/s0012_f_w000045.mp4,s0012_f_w000045.mp4,Bad,16,train,s0012,front
13720,/home/billu/FDMSE-ISL/data/s0013/front/s0013_f_w000045.mp4,data/s0013/front/s0013_f_w000045.mp4,s0013_f_w000045.mp4,Bad,16,train,s0013,front
5771,/home/billu/FDMSE-ISL/data/s0018/front/s0018_f_w000045.mp4,data/s0018/front/s0018_f_w000045.mp4,s0018_f_w000045.mp4,Bad,16,train,s0018,front
26359,/home/billu/FDMSE-ISL/data/s0001/front/s0001_f_w001370.mp4,data/s0001/front/s0001_f_w001370.mp4,s0001_f_w001370.mp4,Happy,17,train,s0001,front
39860,/home/billu/FDMSE-ISL/data/s0002/front/s0002_f_w001370.mp4,data/s0002/front/s0002_f_w001370.mp4,s0002_f_w001370.mp4,Happy,17,train,s0002,front
31358,/home/billu/FDMSE-ISL/data/s0005/front/s0005_f_w001370.mp4,data/s0005/front/s0005_f_w001370.mp4,s0005_f_w001370.mp4,Happy,17,train,s0005,front
19868,/home/billu/FDMSE-ISL/data/s0007/front/s0007_f_w001370.mp4,data/s0007/front/s0007_f_w001370.mp4,s0007_f_w001370.mp4,Happy,17,train,s0007,front
35058,/home/billu/FDMSE-ISL/data/s0008/front/s0008_f_w001370.mp4,data/s0008/front/s0008_f_w001370.mp4,s0008_f_w001370.mp4,Happy,17,train,s0008,front
14327,/home/billu/FDMSE-ISL/data/s0009/front/s0009_f_w001370.mp4,data/s0009/front/s0009_f_w001370.mp4,s0009_f_w001370.mp4,Happy,17,train,s0009,front
21832,/home/billu/FDMSE-ISL/data/s0011/front/s0011_f_w001370.mp4,data/s0011/front/s0011_f_w001370.mp4,s0011_f_w001370.mp4,Happy,17,train,s0011,front
25354,/home/billu/FDMSE-ISL/data/s0012/front/s0012_f_w001370.mp4,data/s0012/front/s0012_f_w001370.mp4,s0012_f_w001370.mp4,Happy,17,train,s0012,front
12351,/home/billu/FDMSE-ISL/data/s0013/front/s0013_f_w001370.mp4,data/s0013/front/s0013_f_w001370.mp4,s0013_f_w001370.mp4,Happy,17,train,s0013,front
4215,/home/billu/FDMSE-ISL/data/s0018/front/s0018_f_w001370.mp4,data/s0018/front/s0018_f_w001370.mp4,s0018_f_w001370.mp4,Happy,17,train,s0018,front
25917,/home/billu/FDMSE-ISL/data/s0001/front/s0001_f_w001590.mp4,data/s0001/front/s0001_f_w001590.mp4,s0001_f_w001590.mp4,Hello,18,train,s0001,front
38109,/home/billu/FDMSE-ISL/data/s0002/front/s0002_f_w001590.mp4,data/s0002/front/s0002_f_w001590.mp4,s0002_f_w001590.mp4,Hello,18,train,s0002,front
31627,/home/billu/FDMSE-ISL/data/s0005/front/s0005_f_w001590.mp4,data/s0005/front/s0005_f_w001590.mp4,s0005_f_w001590.mp4,Hello,18,train,s0005,front
19807,/home/billu/FDMSE-ISL/data/s0007/front/s0007_f_w001590.mp4,data/s0007/front/s0007_f_w001590.mp4,s0007_f_w001590.mp4,Hello,18,train,s0007,front
33992,/home/billu/FDMSE-ISL/data/s0008/front/s0008_f_w001590.mp4,data/s0008/front/s0008_f_w001590.mp4,s0008_f_w001590.mp4,Hello,18,train,s0008,front
14156,/home/billu/FDMSE-ISL/data/s0009/front/s0009_f_w001590.mp4,data/s0009/front/s0009_f_w001590.mp4,s0009_f_w001590.mp4,Hello,18,train,s0009,front
20272,/home/billu/FDMSE-ISL/data/s0011/front/s0011_f_w001590.mp4,data/s0011/front/s0011_f_w001590.mp4,s0011_f_w001590.mp4,Hello,18,train,s0011,front
25627,/home/billu/FDMSE-ISL/data/s0012/front/s0012_f_w001590.mp4,data/s0012/front/s0012_f_w001590.mp4,s0012_f_w001590.mp4,Hello,18,train,s0012,front
12118,/home/billu/FDMSE-ISL/data/s0013/front/s0013_f_w001590.mp4,data/s0013/front/s0013_f_w001590.mp4,s0013_f_w001590.mp4,Hello,18,train,s0013,front
5344,/home/billu/FDMSE-ISL/data/s0018/front/s0018_f_w001590.mp4,data/s0018/front/s0018_f_w001590.mp4,s0018_f_w001590.mp4,Hello,18,train,s0018,front
26877,/home/billu/FDMSE-ISL/data/s0001/front/s0001_f_w000056.mp4,data/s0001/front/s0001_f_w000056.mp4,s0001_f_w000056.mp4,Help [VEB],19,train,s0001,front
38745,/home/billu/FDMSE-ISL/data/s0002/front/s0002_f_w000056.mp4,data/s0002/front/s0002_f_w000056.mp4,s0002_f_w000056.mp4,Help [VEB],19,train,s0002,front
31175,/home/billu/FDMSE-ISL/data/s0005/front/s0005_f_w000056.mp4,data/s0005/front/s0005_f_w000056.mp4,s0005_f_w000056.mp4,Help [VEB],19,train,s0005,front
19445,/home/billu/FDMSE-ISL/data/s0007/front/s0007_f_w000056.mp4,data/s0007/front/s0007_f_w000056.mp4,s0007_f_w000056.mp4,Help [VEB],19,train,s0007,front
35622,/home/billu/FDMSE-ISL/data/s0008/front/s0008_f_w000056.mp4,data/s0008/front/s0008_f_w000056.mp4,s0008_f_w000056.mp4,Help [VEB],19,train,s0008,front
14358,/home/billu/FDMSE-ISL/data/s0009/front/s0009_f_w000056.mp4,data/s0009/front/s0009_f_w000056.mp4,s0009_f_w000056.mp4,Help [VEB],19,train,s0009,front
21668,/home/billu/FDMSE-ISL/data/s0011/front/s0011_f_w000056.mp4,data/s0011/front/s0011_f_w000056.mp4,s0011_f_w000056.mp4,Help [VEB],19,train,s0011,front
25081,/home/billu/FDMSE-ISL/data/s0012/front/s0012_f_w000056.mp4,data/s0012/front/s0012_f_w000056.mp4,s0012_f_w000056.mp4,Help [VEB],19,train,s0012,front
13152,/home/billu/FDMSE-ISL/data/s0013/front/s0013_f_w000056.mp4,data/s0013/front/s0013_f_w000056.mp4,s0013_f_w000056.mp4,Help [VEB],19,train,s0013,front
5298,/home/billu/FDMSE-ISL/data/s0018/front/s0018_f_w000056.mp4,data/s0018/front/s0018_f_w000056.mp4,s0018_f_w000056.mp4,Help [VEB],19,train,s0018,front
26667,/home/billu/FDMSE-ISL/data/s0001/front/s0001_f_w001638.mp4,data/s0001/front/s0001_f_w001638.mp4,s0001_f_w001638.mp4,Home/House,20,train,s0001,front
38546,/home/billu/FDMSE-ISL/data/s0002/front/s0002_f_w001638.mp4,data/s0002/front/s0002_f_w001638.mp4,s0002_f_w001638.mp4,Home/House,20,train,s0002,front
31232,/home/billu/FDMSE-ISL/data/s0005/front/s0005_f_w001638.mp4,data/s0005/front/s0005_f_w001638.mp4,s0005_f_w001638.mp4,Home/House,20,train,s0005,front
19893,/home/billu/FDMSE-ISL/data/s0007/front/s0007_f_w001638.mp4,data/s0007/front/s0007_f_w001638.mp4,s0007_f_w001638.mp4,Home/House,20,train,s0007,front
35789,/home/billu/FDMSE-ISL/data/s0008/front/s0008_f_w001638.mp4,data/s0008/front/s0008_f_w001638.mp4,s0008_f_w001638.mp4,Home/House,20,train,s0008,front
15437,/home/billu/FDMSE-ISL/data/s0009/front/s0009_f_w001638.mp4,data/s0009/front/s0009_f_w001638.mp4,s0009_f_w001638.mp4,Home/House,20,train,s0009,front
20429,/home/billu/FDMSE-ISL/data/s0011/front/s0011_f_w001638.mp4,data/s0011/front/s0011_f_w001638.mp4,s0011_f_w001638.mp4,Home/House,20,train,s0011,front
24451,/home/billu/FDMSE-ISL/data/s0012/front/s0012_f_w001638.mp4,data/s0012/front/s0012_f_w001638.mp4,s0012_f_w001638.mp4,Home/House,20,train,s0012,front
11894,/home/billu/FDMSE-ISL/data/s0013/front/s0013_f_w001638.mp4,data/s0013/front/s0013_f_w001638.mp4,s0013_f_w001638.mp4,Home/House,20,train,s0013,front
4711,/home/billu/FDMSE-ISL/data/s0018/front/s0018_f_w001638.mp4,data/s0018/front/s0018_f_w001638.mp4,s0018_f_w001638.mp4,Home/House,20,train,s0018,front
27266,/home/billu/FDMSE-ISL/data/s0001/front/s0001_f_w000668.mp4,data/s0001/front/s0001_f_w000668.mp4,s0001_f_w000668.mp4,Hospital,21,train,s0001,front
39412,/home/billu/FDMSE-ISL/data/s0002/front/s0002_f_w000668.mp4,data/s0002/front/s0002_f_w000668.mp4,s0002_f_w000668.mp4,Hospital,21,train,s0002,front
30007,/home/billu/FDMSE-ISL/data/s0005/front/s0005_f_w000668.mp4,data/s0005/front/s0005_f_w000668.mp4,s0005_f_w000668.mp4,Hospital,21,train,s0005,front
19371,/home/billu/FDMSE-ISL/data/s0007/front/s0007_f_w000668.mp4,data/s0007/front/s0007_f_w000668.mp4,s0007_f_w000668.mp4,Hospital,21,train,s0007,front
34992,/home/billu/FDMSE-ISL/data/s0008/front/s0008_f_w000668.mp4,data/s0008/front/s0008_f_w000668.mp4,s0008_f_w000668.mp4,Hospital,21,train,s0008,front
14780,/home/billu/FDMSE-ISL/data/s0009/front/s0009_f_w000668.mp4,data/s0009/front/s0009_f_w000668.mp4,s0009_f_w000668.mp4,Hospital,21,train,s0009,front
21316,/home/billu/FDMSE-ISL/data/s0011/front/s0011_f_w000668.mp4,data/s0011/front/s0011_f_w000668.mp4,s0011_f_w000668.mp4,Hospital,21,train,s0011,front
24394,/home/billu/FDMSE-ISL/data/s0012/front/s0012_f_w000668.mp4,data/s0012/front/s0012_f_w000668.mp4,s0012_f_w000668.mp4,Hospital,21,train,s0012,front
13218,/home/billu/FDMSE-ISL/data/s0013/front/s0013_f_w000668.mp4,data/s0013/front/s0013_f_w000668.mp4,s0013_f_w000668.mp4,Hospital,21,train,s0013,front
4599,/home/billu/FDMSE-ISL/data/s0018/front/s0018_f_w000668.mp4,data/s0018/front/s0018_f_w000668.mp4,s0018_f_w000668.mp4,Hospital,21,train,s0018,front
26847,/home/billu/FDMSE-ISL/data/s0001/front/s0001_f_w001036.mp4,data/s0001/front/s0001_f_w001036.mp4,s0001_f_w001036.mp4,How,22,train,s0001,front
39767,/home/billu/FDMSE-ISL/data/s0002/front/s0002_f_w001036.mp4,data/s0002/front/s0002_f_w001036.mp4,s0002_f_w001036.mp4,How,22,train,s0002,front
31671,/home/billu/FDMSE-ISL/data/s0005/front/s0005_f_w001036.mp4,data/s0005/front/s0005_f_w001036.mp4,s0005_f_w001036.mp4,How,22,train,s0005,front
19678,/home/billu/FDMSE-ISL/data/s0007/front/s0007_f_w001036.mp4,data/s0007/front/s0007_f_w001036.mp4,s0007_f_w001036.mp4,How,22,train,s0007,front
34511,/home/billu/FDMSE-ISL/data/s0008/front/s0008_f_w001036.mp4,data/s0008/front/s0008_f_w001036.mp4,s0008_f_w001036.mp4,How,22,train,s0008,front
14645,/home/billu/FDMSE-ISL/data/s0009/front/s0009_f_w001036.mp4,data/s0009/front/s0009_f_w001036.mp4,s0009_f_w001036.mp4,How,22,train,s0009,front
21566,/home/billu/FDMSE-ISL/data/s0011/front/s0011_f_w001036.mp4,data/s0011/front/s0011_f_w001036.mp4,s0011_f_w001036.mp4,How,22,train,s0011,front
24100,/home/billu/FDMSE-ISL/data/s0012/front/s0012_f_w001036.mp4,data/s0012/front/s0012_f_w001036.mp4,s0012_f_w001036.mp4,How,22,train,s0012,front
12587,/home/billu/FDMSE-ISL/data/s0013/front/s0013_f_w001036.mp4,data/s0013/front/s0013_f_w001036.mp4,s0013_f_w001036.mp4,How,22,train,s0013,front
5858,/home/billu/FDMSE-ISL/data/s0018/front/s0018_f_w001036.mp4,data/s0018/front/s0018_f_w001036.mp4,s0018_f_w001036.mp4,How,22,train,s0018,front
27038,/home/billu/FDMSE-ISL/data/s0001/front/s0001_f_w001643.mp4,data/s0001/front/s0001_f_w001643.mp4,s0001_f_w001643.mp4,Left (Side)/Left (Hand),23,train,s0001,front
38623,/home/billu/FDMSE-ISL/data/s0002/front/s0002_f_w001643.mp4,data/s0002/front/s0002_f_w001643.mp4,s0002_f_w001643.mp4,Left (Side)/Left (Hand),23,train,s0002,front
31133,/home/billu/FDMSE-ISL/data/s0005/front/s0005_f_w001643.mp4,data/s0005/front/s0005_f_w001643.mp4,s0005_f_w001643.mp4,Left (Side)/Left (Hand),23,train,s0005,front
17907,/home/billu/FDMSE-ISL/data/s0007/front/s0007_f_w001643.mp4,data/s0007/front/s0007_f_w001643.mp4,s0007_f_w001643.mp4,Left (Side)/Left (Hand),23,train,s0007,front
34587,/home/billu/FDMSE-ISL/data/s0008/front/s0008_f_w001643.mp4,data/s0008/front/s0008_f_w001643.mp4,s0008_f_w001643.mp4,Left (Side)/Left (Hand),23,train,s0008,front
15206,/home/billu/FDMSE-ISL/data/s0009/front/s0009_f_w001643.mp4,data/s0009/front/s0009_f_w001643.mp4,s0009_f_w001643.mp4,Left (Side)/Left (Hand),23,train,s0009,front
20587,/home/billu/FDMSE-ISL/data/s0011/front/s0011_f_w001643.mp4,data/s0011/front/s0011_f_w001643.mp4,s0011_f_w001643.mp4,Left (Side)/Left (Hand),23,train,s0011,front
25013,/home/billu/FDMSE-ISL/data/s0012/front/s0012_f_w001643.mp4,data/s0012/front/s0012_f_w001643.mp4,s0012_f_w001643.mp4,Left (Side)/Left (Hand),23,train,s0012,front
13076,/home/billu/FDMSE-ISL/data/s0013/front/s0013_f_w001643.mp4,data/s0013/front/s0013_f_w001643.mp4,s0013_f_w001643.mp4,Left (Side)/Left (Hand),23,train,s0013,front
4586,/home/billu/FDMSE-ISL/data/s0018/front/s0018_f_w001643.mp4,data/s0018/front/s0018_f_w001643.mp4,s0018_f_w001643.mp4,Left (Side)/Left (Hand),23,train,s0018,front
27723,/home/billu/FDMSE-ISL/data/s0001/front/s0001_f_w000392.mp4,data/s0001/front/s0001_f_w000392.mp4,s0001_f_w000392.mp4,Money,24,train,s0001,front
39271,/home/billu/FDMSE-ISL/data/s0002/front/s0002_f_w000392.mp4,data/s0002/front/s0002_f_w000392.mp4,s0002_f_w000392.mp4,Money,24,train,s0002,front
31406,/home/billu/FDMSE-ISL/data/s0005/front/s0005_f_w000392.mp4,data/s0005/front/s0005_f_w000392.mp4,s0005_f_w000392.mp4,Money,24,train,s0005,front
18322,/home/billu/FDMSE-ISL/data/s0007/front/s0007_f_w000392.mp4,data/s0007/front/s0007_f_w000392.mp4,s0007_f_w000392.mp4,Money,24,train,s0007,front
35388,/home/billu/FDMSE-ISL/data/s0008/front/s0008_f_w000392.mp4,data/s0008/front/s0008_f_w000392.mp4,s0008_f_w000392.mp4,Money,24,train,s0008,front
14751,/home/billu/FDMSE-ISL/data/s0009/front/s0009_f_w000392.mp4,data/s0009/front/s0009_f_w000392.mp4,s0009_f_w000392.mp4,Money,24,train,s0009,front
20365,/home/billu/FDMSE-ISL/data/s0011/front/s0011_f_w000392.mp4,data/s0011/front/s0011_f_w000392.mp4,s0011_f_w000392.mp4,Money,24,train,s0011,front
24899,/home/billu/FDMSE-ISL/data/s0012/front/s0012_f_w000392.mp4,data/s0012/front/s0012_f_w000392.mp4,s0012_f_w000392.mp4,Money,24,train,s0012,front
12899,/home/billu/FDMSE-ISL/data/s0013/front/s0013_f_w000392.mp4,data/s0013/front/s0013_f_w000392.mp4,s0013_f_w000392.mp4,Money,24,train,s0013,front
4361,/home/billu/FDMSE-ISL/data/s0018/front/s0018_f_w000392.mp4,data/s0018/front/s0018_f_w000392.mp4,s0018_f_w000392.mp4,Money,24,train,s0018,front
27257,/home/billu/FDMSE-ISL/data/s0001/front/s0001_f_w000362.mp4,data/s0001/front/s0001_f_w000362.mp4,s0001_f_w000362.mp4,Morning,25,train,s0001,front
38171,/home/billu/FDMSE-ISL/data/s0002/front/s0002_f_w000362.mp4,data/s0002/front/s0002_f_w000362.mp4,s0002_f_w000362.mp4,Morning,25,train,s0002,front
30346,/home/billu/FDMSE-ISL/data/s0005/front/s0005_f_w000362.mp4,data/s0005/front/s0005_f_w000362.mp4,s0005_f_w000362.mp4,Morning,25,train,s0005,front
18036,/home/billu/FDMSE-ISL/data/s0007/front/s0007_f_w000362.mp4,data/s0007/front/s0007_f_w000362.mp4,s0007_f_w000362.mp4,Morning,25,train,s0007,front
34226,/home/billu/FDMSE-ISL/data/s0008/front/s0008_f_w000362.mp4,data/s0008/front/s0008_f_w000362.mp4,s0008_f_w000362.mp4,Morning,25,train,s0008,front
14085,/home/billu/FDMSE-ISL/data/s0009/front/s0009_f_w000362.mp4,data/s0009/front/s0009_f_w000362.mp4,s0009_f_w000362.mp4,Morning,25,train,s0009,front
21344,/home/billu/FDMSE-ISL/data/s0011/front/s0011_f_w000362.mp4,data/s0011/front/s0011_f_w000362.mp4,s0011_f_w000362.mp4,Morning,25,train,s0011,front
24565,/home/billu/FDMSE-ISL/data/s0012/front/s0012_f_w000362.mp4,data/s0012/front/s0012_f_w000362.mp4,s0012_f_w000362.mp4,Morning,25,train,s0012,front
12663,/home/billu/FDMSE-ISL/data/s0013/front/s0013_f_w000362.mp4,data/s0013/front/s0013_f_w000362.mp4,s0013_f_w000362.mp4,Morning,25,train,s0013,front
4058,/home/billu/FDMSE-ISL/data/s0018/front/s0018_f_w000362.mp4,data/s0018/front/s0018_f_w000362.mp4,s0018_f_w000362.mp4,Morning,25,train,s0018,front
26505,/home/billu/FDMSE-ISL/data/s0001/front/s0001_f_w000023.mp4,data/s0001/front/s0001_f_w000023.mp4,s0001_f_w000023.mp4,Mother,26,train,s0001,front
38506,/home/billu/FDMSE-ISL/data/s0002/front/s0002_f_w000023.mp4,data/s0002/front/s0002_f_w000023.mp4,s0002_f_w000023.mp4,Mother,26,train,s0002,front
30512,/home/billu/FDMSE-ISL/data/s0005/front/s0005_f_w000023.mp4,data/s0005/front/s0005_f_w000023.mp4,s0005_f_w000023.mp4,Mother,26,train,s0005,front
18303,/home/billu/FDMSE-ISL/data/s0007/front/s0007_f_w000023.mp4,data/s0007/front/s0007_f_w000023.mp4,s0007_f_w000023.mp4,Mother,26,train,s0007,front
34589,/home/billu/FDMSE-ISL/data/s0008/front/s0008_f_w000023.mp4,data/s0008/front/s0008_f_w000023.mp4,s0008_f_w000023.mp4,Mother,26,train,s0008,front
14765,/home/billu/FDMSE-ISL/data/s0009/front/s0009_f_w000023.mp4,data/s0009/front/s0009_f_w000023.mp4,s0009_f_w000023.mp4,Mother,26,train,s0009,front
21026,/home/billu/FDMSE-ISL/data/s0011/front/s0011_f_w000023.mp4,data/s0011/front/s0011_f_w000023.mp4,s0011_f_w000023.mp4,Mother,26,train,s0011,front
25113,/home/billu/FDMSE-ISL/data/s0012/front/s0012_f_w000023.mp4,data/s0012/front/s0012_f_w000023.mp4,s0012_f_w000023.mp4,Mother,26,train,s0012,front
12898,/home/billu/FDMSE-ISL/data/s0013/front/s0013_f_w000023.mp4,data/s0013/front/s0013_f_w000023.mp4,s0013_f_w000023.mp4,Mother,26,train,s0013,front
4429,/home/billu/FDMSE-ISL/data/s0018/front/s0018_f_w000023.mp4,data/s0018/front/s0018_f_w000023.mp4,s0018_f_w000023.mp4,Mother,26,train,s0018,front
26533,/home/billu/FDMSE-ISL/data/s0001/front/s0001_f_w001025.mp4,data/s0001/front/s0001_f_w001025.mp4,s0001_f_w001025.mp4,Near,27,train,s0001,front
38851,/home/billu/FDMSE-ISL/data/s0002/front/s0002_f_w001025.mp4,data/s0002/front/s0002_f_w001025.mp4,s0002_f_w001025.mp4,Near,27,train,s0002,front
30524,/home/billu/FDMSE-ISL/data/s0005/front/s0005_f_w001025.mp4,data/s0005/front/s0005_f_w001025.mp4,s0005_f_w001025.mp4,Near,27,train,s0005,front
18852,/home/billu/FDMSE-ISL/data/s0007/front/s0007_f_w001025.mp4,data/s0007/front/s0007_f_w001025.mp4,s0007_f_w001025.mp4,Near,27,train,s0007,front
35133,/home/billu/FDMSE-ISL/data/s0008/front/s0008_f_w001025.mp4,data/s0008/front/s0008_f_w001025.mp4,s0008_f_w001025.mp4,Near,27,train,s0008,front
14873,/home/billu/FDMSE-ISL/data/s0009/front/s0009_f_w001025.mp4,data/s0009/front/s0009_f_w001025.mp4,s0009_f_w001025.mp4,Near,27,train,s0009,front
21600,/home/billu/FDMSE-ISL/data/s0011/front/s0011_f_w001025.mp4,data/s0011/front/s0011_f_w001025.mp4,s0011_f_w001025.mp4,Near,27,train,s0011,front
24190,/home/billu/FDMSE-ISL/data/s0012/front/s0012_f_w001025.mp4,data/s0012/front/s0012_f_w001025.mp4,s0012_f_w001025.mp4,Near,27,train,s0012,front
12022,/home/billu/FDMSE-ISL/data/s0013/front/s0013_f_w001025.mp4,data/s0013/front/s0013_f_w001025.mp4,s0013_f_w001025.mp4,Near,27,train,s0013,front
4358,/home/billu/FDMSE-ISL/data/s0018/front/s0018_f_w001025.mp4,data/s0018/front/s0018_f_w001025.mp4,s0018_f_w001025.mp4,Near,27,train,s0018,front
27400,/home/billu/FDMSE-ISL/data/s0001/front/s0001_f_w000365.mp4,data/s0001/front/s0001_f_w000365.mp4,s0001_f_w000365.mp4,Night,28,train,s0001,front
37997,/home/billu/FDMSE-ISL/data/s0002/front/s0002_f_w000365.mp4,data/s0002/front/s0002_f_w000365.mp4,s0002_f_w000365.mp4,Night,28,train,s0002,front
30176,/home/billu/FDMSE-ISL/data/s0005/front/s0005_f_w000365.mp4,data/s0005/front/s0005_f_w000365.mp4,s0005_f_w000365.mp4,Night,28,train,s0005,front
18665,/home/billu/FDMSE-ISL/data/s0007/front/s0007_f_w000365.mp4,data/s0007/front/s0007_f_w000365.mp4,s0007_f_w000365.mp4,Night,28,train,s0007,front
35161,/home/billu/FDMSE-ISL/data/s0008/front/s0008_f_w000365.mp4,data/s0008/front/s0008_f_w000365.mp4,s0008_f_w000365.mp4,Night,28,train,s0008,front
14422,/home/billu/FDMSE-ISL/data/s0009/front/s0009_f_w000365.mp4,data/s0009/front/s0009_f_w000365.mp4,s0009_f_w000365.mp4,Night,28,train,s0009,front
21484,/home/billu/FDMSE-ISL/data/s0011/front/s0011_f_w000365.mp4,data/s0011/front/s0011_f_w000365.mp4,s0011_f_w000365.mp4,Night,28,train,s0011,front
24907,/home/billu/FDMSE-ISL/data/s0012/front/s0012_f_w000365.mp4,data/s0012/front/s0012_f_w000365.mp4,s0012_f_w000365.mp4,Night,28,train,s0012,front
12996,/home/billu/FDMSE-ISL/data/s0013/front/s0013_f_w000365.mp4,data/s0013/front/s0013_f_w000365.mp4,s0013_f_w000365.mp4,Night,28,train,s0013,front
5551,/home/billu/FDMSE-ISL/data/s0018/front/s0018_f_w000365.mp4,data/s0018/front/s0018_f_w000365.mp4,s0018_f_w000365.mp4,Night,28,train,s0018,front
26049,/home/billu/FDMSE-ISL/data/s0001/front/s0001_f_w001577.mp4,data/s0001/front/s0001_f_w001577.mp4,s0001_f_w001577.mp4,No,29,train,s0001,front
39639,/home/billu/FDMSE-ISL/data/s0002/front/s0002_f_w001577.mp4,data/s0002/front/s0002_f_w001577.mp4,s0002_f_w001577.mp4,No,29,train,s0002,front
30054,/home/billu/FDMSE-ISL/data/s0005/front/s0005_f_w001577.mp4,data/s0005/front/s0005_f_w001577.mp4,s0005_f_w001577.mp4,No,29,train,s0005,front
19032,/home/billu/FDMSE-ISL/data/s0007/front/s0007_f_w001577.mp4,data/s0007/front/s0007_f_w001577.mp4,s0007_f_w001577.mp4,No,29,train,s0007,front
35164,/home/billu/FDMSE-ISL/data/s0008/front/s0008_f_w001577.mp4,data/s0008/front/s0008_f_w001577.mp4,s0008_f_w001577.mp4,No,29,train,s0008,front
15500,/home/billu/FDMSE-ISL/data/s0009/front/s0009_f_w001577.mp4,data/s0009/front/s0009_f_w001577.mp4,s0009_f_w001577.mp4,No,29,train,s0009,front
20435,/home/billu/FDMSE-ISL/data/s0011/front/s0011_f_w001577.mp4,data/s0011/front/s0011_f_w001577.mp4,s0011_f_w001577.mp4,No,29,train,s0011,front
24133,/home/billu/FDMSE-ISL/data/s0012/front/s0012_f_w001577.mp4,data/s0012/front/s0012_f_w001577.mp4,s0012_f_w001577.mp4,No,29,train,s0012,front
12662,/home/billu/FDMSE-ISL/data/s0013/front/s0013_f_w001577.mp4,data/s0013/front/s0013_f_w001577.mp4,s0013_f_w001577.mp4,No,29,train,s0013,front
4005,/home/billu/FDMSE-ISL/data/s0018/front/s0018_f_w001577.mp4,data/s0018/front/s0018_f_w001577.mp4,s0018_f_w001577.mp4,No,29,train,s0018,front
26195,/home/billu/FDMSE-ISL/data/s0001/front/s0001_f_w001796.mp4,data/s0001/front/s0001_f_w001796.mp4,s0001_f_w001796.mp4,Now,30,train,s0001,front
39730,/home/billu/FDMSE-ISL/data/s0002/front/s0002_f_w001796.mp4,data/s0002/front/s0002_f_w001796.mp4,s0002_f_w001796.mp4,Now,30,train,s0002,front
30410,/home/billu/FDMSE-ISL/data/s0005/front/s0005_f_w001796.mp4,data/s0005/front/s0005_f_w001796.mp4,s0005_f_w001796.mp4,Now,30,train,s0005,front
19521,/home/billu/FDMSE-ISL/data/s0007/front/s0007_f_w001796.mp4,data/s0007/front/s0007_f_w001796.mp4,s0007_f_w001796.mp4,Now,30,train,s0007,front
34597,/home/billu/FDMSE-ISL/data/s0008/front/s0008_f_w001796.mp4,data/s0008/front/s0008_f_w001796.mp4,s0008_f_w001796.mp4,Now,30,train,s0008,front
14985,/home/billu/FDMSE-ISL/data/s0009/front/s0009_f_w001796.mp4,data/s0009/front/s0009_f_w001796.mp4,s0009_f_w001796.mp4,Now,30,train,s0009,front
20692,/home/billu/FDMSE-ISL/data/s0011/front/s0011_f_w001796.mp4,data/s0011/front/s0011_f_w001796.mp4,s0011_f_w001796.mp4,Now,30,train,s0011,front
24045,/home/billu/FDMSE-ISL/data/s0012/front/s0012_f_w001796.mp4,data/s0012/front/s0012_f_w001796.mp4,s0012_f_w001796.mp4,Now,30,train,s0012,front
13480,/home/billu/FDMSE-ISL/data/s0013/front/s0013_f_w001796.mp4,data/s0013/front/s0013_f_w001796.mp4,s0013_f_w001796.mp4,Now,30,train,s0013,front
4268,/home/billu/FDMSE-ISL/data/s0018/front/s0018_f_w001796.mp4,data/s0018/front/s0018_f_w001796.mp4,s0018_f_w001796.mp4,Now,30,train,s0018,front
27775,/home/billu/FDMSE-ISL/data/s0001/front/s0001_f_w000672.mp4,data/s0001/front/s0001_f_w000672.mp4,s0001_f_w000672.mp4,Office,31,train,s0001,front
39315,/home/billu/FDMSE-ISL/data/s0002/front/s0002_f_w000672.mp4,data/s0002/front/s0002_f_w000672.mp4,s0002_f_w000672.mp4,Office,31,train,s0002,front
30104,/home/billu/FDMSE-ISL/data/s0005/front/s0005_f_w000672.mp4,data/s0005/front/s0005_f_w000672.mp4,s0005_f_w000672.mp4,Office,31,train,s0005,front
18224,/home/billu/FDMSE-ISL/data/s0007/front/s0007_f_w000672.mp4,data/s0007/front/s0007_f_w000672.mp4,s0007_f_w000672.mp4,Office,31,train,s0007,front
34636,/home/billu/FDMSE-ISL/data/s0008/front/s0008_f_w000672.mp4,data/s0008/front/s0008_f_w000672.mp4,s0008_f_w000672.mp4,Office,31,train,s0008,front
15792,/home/billu/FDMSE-ISL/data/s0009/front/s0009_f_w000672.mp4,data/s0009/front/s0009_f_w000672.mp4,s0009_f_w000672.mp4,Office,31,train,s0009,front
21864,/home/billu/FDMSE-ISL/data/s0011/front/s0011_f_w000672.mp4,data/s0011/front/s0011_f_w000672.mp4,s0011_f_w000672.mp4,Office,31,train,s0011,front
24609,/home/billu/FDMSE-ISL/data/s0012/front/s0012_f_w000672.mp4,data/s0012/front/s0012_f_w000672.mp4,s0012_f_w000672.mp4,Office,31,train,s0012,front
11944,/home/billu/FDMSE-ISL/data/s0013/front/s0013_f_w000672.mp4,data/s0013/front/s0013_f_w000672.mp4,s0013_f_w000672.mp4,Office,31,train,s0013,front
5499,/home/billu/FDMSE-ISL/data/s0018/front/s0018_f_w000672.mp4,data/s0018/front/s0018_f_w000672.mp4,s0018_f_w000672.mp4,Office,31,train,s0018,front
27058,/home/billu/FDMSE-ISL/data/s0001/front/s0001_f_w001486.mp4,data/s0001/front/s0001_f_w001486.mp4,s0001_f_w001486.mp4,Please,32,train,s0001,front
39109,/home/billu/FDMSE-ISL/data/s0002/front/s0002_f_w001486.mp4,data/s0002/front/s0002_f_w001486.mp4,s0002_f_w001486.mp4,Please,32,train,s0002,front
31869,/home/billu/FDMSE-ISL/data/s0005/front/s0005_f_w001486.mp4,data/s0005/front/s0005_f_w001486.mp4,s0005_f_w001486.mp4,Please,32,train,s0005,front
17906,/home/billu/FDMSE-ISL/data/s0007/front/s0007_f_w001486.mp4,data/s0007/front/s0007_f_w001486.mp4,s0007_f_w001486.mp4,Please,32,train,s0007,front
34658,/home/billu/FDMSE-ISL/data/s0008/front/s0008_f_w001486.mp4,data/s0008/front/s0008_f_w001486.mp4,s0008_f_w001486.mp4,Please,32,train,s0008,front
15404,/home/billu/FDMSE-ISL/data/s0009/front/s0009_f_w001486.mp4,data/s0009/front/s0009_f_w001486.mp4,s0009_f_w001486.mp4,Please,32,train,s0009,front
21552,/home/billu/FDMSE-ISL/data/s0011/front/s0011_f_w001486.mp4,data/s0011/front/s0011_f_w001486.mp4,s0011_f_w001486.mp4,Please,32,train,s0011,front
25701,/home/billu/FDMSE-ISL/data/s0012/front/s0012_f_w001486.mp4,data/s0012/front/s0012_f_w001486.mp4,s0012_f_w001486.mp4,Please,32,train,s0012,front
13317,/home/billu/FDMSE-ISL/data/s0013/front/s0013_f_w001486.mp4,data/s0013/front/s0013_f_w001486.mp4,s0013_f_w001486.mp4,Please,32,train,s0013,front
4902,/home/billu/FDMSE-ISL/data/s0018/front/s0018_f_w001486.mp4,data/s0018/front/s0018_f_w001486.mp4,s0018_f_w001486.mp4,Please,32,train,s0018,front
26734,/home/billu/FDMSE-ISL/data/s0001/front/s0001_f_w000070.mp4,data/s0001/front/s0001_f_w000070.mp4,s0001_f_w000070.mp4,Right,33,train,s0001,front
39424,/home/billu/FDMSE-ISL/data/s0002/front/s0002_f_w000070.mp4,data/s0002/front/s0002_f_w000070.mp4,s0002_f_w000070.mp4,Right,33,train,s0002,front
30534,/home/billu/FDMSE-ISL/data/s0005/front/s0005_f_w000070.mp4,data/s0005/front/s0005_f_w000070.mp4,s0005_f_w000070.mp4,Right,33,train,s0005,front
18065,/home/billu/FDMSE-ISL/data/s0007/front/s0007_f_w000070.mp4,data/s0007/front/s0007_f_w000070.mp4,s0007_f_w000070.mp4,Right,33,train,s0007,front
34293,/home/billu/FDMSE-ISL/data/s0008/front/s0008_f_w000070.mp4,data/s0008/front/s0008_f_w000070.mp4,s0008_f_w000070.mp4,Right,33,train,s0008,front
15263,/home/billu/FDMSE-ISL/data/s0009/front/s0009_f_w000070.mp4,data/s0009/front/s0009_f_w000070.mp4,s0009_f_w000070.mp4,Right,33,train,s0009,front
20401,/home/billu/FDMSE-ISL/data/s0011/front/s0011_f_w000070.mp4,data/s0011/front/s0011_f_w000070.mp4,s0011_f_w000070.mp4,Right,33,train,s0011,front
24010,/home/billu/FDMSE-ISL/data/s0012/front/s0012_f_w000070.mp4,data/s0012/front/s0012_f_w000070.mp4,s0012_f_w000070.mp4,Right,33,train,s0012,front
12780,/home/billu/FDMSE-ISL/data/s0013/front/s0013_f_w000070.mp4,data/s0013/front/s0013_f_w000070.mp4,s0013_f_w000070.mp4,Right,33,train,s0013,front
4793,/home/billu/FDMSE-ISL/data/s0018/front/s0018_f_w000070.mp4,data/s0018/front/s0018_f_w000070.mp4,s0018_f_w000070.mp4,Right,33,train,s0018,front
27216,/home/billu/FDMSE-ISL/data/s0001/front/s0001_f_w001415.mp4,data/s0001/front/s0001_f_w001415.mp4,s0001_f_w001415.mp4,Sad,34,train,s0001,front
39304,/home/billu/FDMSE-ISL/data/s0002/front/s0002_f_w001415.mp4,data/s0002/front/s0002_f_w001415.mp4,s0002_f_w001415.mp4,Sad,34,train,s0002,front
31157,/home/billu/FDMSE-ISL/data/s0005/front/s0005_f_w001415.mp4,data/s0005/front/s0005_f_w001415.mp4,s0005_f_w001415.mp4,Sad,34,train,s0005,front
19361,/home/billu/FDMSE-ISL/data/s0007/front/s0007_f_w001415.mp4,data/s0007/front/s0007_f_w001415.mp4,s0007_f_w001415.mp4,Sad,34,train,s0007,front
34131,/home/billu/FDMSE-ISL/data/s0008/front/s0008_f_w001415.mp4,data/s0008/front/s0008_f_w001415.mp4,s0008_f_w001415.mp4,Sad,34,train,s0008,front
15736,/home/billu/FDMSE-ISL/data/s0009/front/s0009_f_w001415.mp4,data/s0009/front/s0009_f_w001415.mp4,s0009_f_w001415.mp4,Sad,34,train,s0009,front
21589,/home/billu/FDMSE-ISL/data/s0011/front/s0011_f_w001415.mp4,data/s0011/front/s0011_f_w001415.mp4,s0011_f_w001415.mp4,Sad,34,train,s0011,front
24013,/home/billu/FDMSE-ISL/data/s0012/front/s0012_f_w001415.mp4,data/s0012/front/s0012_f_w001415.mp4,s0012_f_w001415.mp4,Sad,34,train,s0012,front
12891,/home/billu/FDMSE-ISL/data/s0013/front/s0013_f_w001415.mp4,data/s0013/front/s0013_f_w001415.mp4,s0013_f_w001415.mp4,Sad,34,train,s0013,front
4959,/home/billu/FDMSE-ISL/data/s0018/front/s0018_f_w001415.mp4,data/s0018/front/s0018_f_w001415.mp4,s0018_f_w001415.mp4,Sad,34,train,s0018,front
26928,/home/billu/FDMSE-ISL/data/s0001/front/s0001_f_w000421.mp4,data/s0001/front/s0001_f_w000421.mp4,s0001_f_w000421.mp4,School,35,train,s0001,front
39537,/home/billu/FDMSE-ISL/data/s0002/front/s0002_f_w000421.mp4,data/s0002/front/s0002_f_w000421.mp4,s0002_f_w000421.mp4,School,35,train,s0002,front
31758,/home/billu/FDMSE-ISL/data/s0005/front/s0005_f_w000421.mp4,data/s0005/front/s0005_f_w000421.mp4,s0005_f_w000421.mp4,School,35,train,s0005,front
18485,/home/billu/FDMSE-ISL/data/s0007/front/s0007_f_w000421.mp4,data/s0007/front/s0007_f_w000421.mp4,s0007_f_w000421.mp4,School,35,train,s0007,front
35459,/home/billu/FDMSE-ISL/data/s0008/front/s0008_f_w000421.mp4,data/s0008/front/s0008_f_w000421.mp4,s0008_f_w000421.mp4,School,35,train,s0008,front
14951,/home/billu/FDMSE-ISL/data/s0009/front/s0009_f_w000421.mp4,data/s0009/front/s0009_f_w000421.mp4,s0009_f_w000421.mp4,School,35,train,s0009,front
20266,/home/billu/FDMSE-ISL/data/s0011/front/s0011_f_w000421.mp4,data/s0011/front/s0011_f_w000421.mp4,s0011_f_w000421.mp4,School,35,train,s0011,front
25538,/home/billu/FDMSE-ISL/data/s0012/front/s0012_f_w000421.mp4,data/s0012/front/s0012_f_w000421.mp4,s0012_f_w000421.mp4,School,35,train,s0012,front
12467,/home/billu/FDMSE-ISL/data/s0013/front/s0013_f_w000421.mp4,data/s0013/front/s0013_f_w000421.mp4,s0013_f_w000421.mp4,School,35,train,s0013,front
4623,/home/billu/FDMSE-ISL/data/s0018/front/s0018_f_w000421.mp4,data/s0018/front/s0018_f_w000421.mp4,s0018_f_w000421.mp4,School,35,train,s0018,front
27103,/home/billu/FDMSE-ISL/data/s0001/front/s0001_f_w000677.mp4,data/s0001/front/s0001_f_w000677.mp4,s0001_f_w000677.mp4,Shop,36,train,s0001,front
38221,/home/billu/FDMSE-ISL/data/s0002/front/s0002_f_w000677.mp4,data/s0002/front/s0002_f_w000677.mp4,s0002_f_w000677.mp4,Shop,36,train,s0002,front
30414,/home/billu/FDMSE-ISL/data/s0005/front/s0005_f_w000677.mp4,data/s0005/front/s0005_f_w000677.mp4,s0005_f_w000677.mp4,Shop,36,train,s0005,front
19789,/home/billu/FDMSE-ISL/data/s0007/front/s0007_f_w000677.mp4,data/s0007/front/s0007_f_w000677.mp4,s0007_f_w000677.mp4,Shop,36,train,s0007,front
34793,/home/billu/FDMSE-ISL/data/s0008/front/s0008_f_w000677.mp4,data/s0008/front/s0008_f_w000677.mp4,s0008_f_w000677.mp4,Shop,36,train,s0008,front
14487,/home/billu/FDMSE-ISL/data/s0009/front/s0009_f_w000677.mp4,data/s0009/front/s0009_f_w000677.mp4,s0009_f_w000677.mp4,Shop,36,train,s0009,front
20356,/home/billu/FDMSE-ISL/data/s0011/front/s0011_f_w000677.mp4,data/s0011/front/s0011_f_w000677.mp4,s0011_f_w000677.mp4,Shop,36,train,s0011,front
24301,/home/billu/FDMSE-ISL/data/s0012/front/s0012_f_w000677.mp4,data/s0012/front/s0012_f_w000677.mp4,s0012_f_w000677.mp4,Shop,36,train,s0012,front
12661,/home/billu/FDMSE-ISL/data/s0013/front/s0013_f_w000677.mp4,data/s0013/front/s0013_f_w000677.mp4,s0013_f_w000677.mp4,Shop,36,train,s0013,front
4612,/home/billu/FDMSE-ISL/data/s0018/front/s0018_f_w000677.mp4,data/s0018/front/s0018_f_w000677.mp4,s0018_f_w000677.mp4,Shop,36,train,s0018,front
27665,/home/billu/FDMSE-ISL/data/s0001/front/s0001_f_w000032.mp4,data/s0001/front/s0001_f_w000032.mp4,s0001_f_w000032.mp4,Sister,37,train,s0001,front
39509,/home/billu/FDMSE-ISL/data/s0002/front/s0002_f_w000032.mp4,data/s0002/front/s0002_f_w000032.mp4,s0002_f_w000032.mp4,Sister,37,train,s0002,front
31138,/home/billu/FDMSE-ISL/data/s0005/front/s0005_f_w000032.mp4,data/s0005/front/s0005_f_w000032.mp4,s0005_f_w000032.mp4,Sister,37,train,s0005,front
18053,/home/billu/FDMSE-ISL/data/s0007/front/s0007_f_w000032.mp4,data/s0007/front/s0007_f_w000032.mp4,s0007_f_w000032.mp4,Sister,37,train,s0007,front
34907,/home/billu/FDMSE-ISL/data/s0008/front/s0008_f_w000032.mp4,data/s0008/front/s0008_f_w000032.mp4,s0008_f_w000032.mp4,Sister,37,train,s0008,front
14159,/home/billu/FDMSE-ISL/data/s0009/front/s0009_f_w000032.mp4,data/s0009/front/s0009_f_w000032.mp4,s0009_f_w000032.mp4,Sister,37,train,s0009,front
21014,/home/billu/FDMSE-ISL/data/s0011/front/s0011_f_w000032.mp4,data/s0011/front/s0011_f_w000032.mp4,s0011_f_w000032.mp4,Sister,37,train,s0011,front
25060,/home/billu/FDMSE-ISL/data/s0012/front/s0012_f_w000032.mp4,data/s0012/front/s0012_f_w000032.mp4,s0012_f_w000032.mp4,Sister,37,train,s0012,front
12301,/home/billu/FDMSE-ISL/data/s0013/front/s0013_f_w000032.mp4,data/s0013/front/s0013_f_w000032.mp4,s0013_f_w000032.mp4,Sister,37,train,s0013,front
4363,/home/billu/FDMSE-ISL/data/s0018/front/s0018_f_w000032.mp4,data/s0018/front/s0018_f_w000032.mp4,s0018_f_w000032.mp4,Sister,37,train,s0018,front
26242,/home/billu/FDMSE-ISL/data/s0001/front/s0001_f_w001465.mp4,data/s0001/front/s0001_f_w001465.mp4,s0001_f_w001465.mp4,Smart Phone,38,train,s0001,front
39763,/home/billu/FDMSE-ISL/data/s0002/front/s0002_f_w001465.mp4,data/s0002/front/s0002_f_w001465.mp4,s0002_f_w001465.mp4,Smart Phone,38,train,s0002,front
30665,/home/billu/FDMSE-ISL/data/s0005/front/s0005_f_w001465.mp4,data/s0005/front/s0005_f_w001465.mp4,s0005_f_w001465.mp4,Smart Phone,38,train,s0005,front
19168,/home/billu/FDMSE-ISL/data/s0007/front/s0007_f_w001465.mp4,data/s0007/front/s0007_f_w001465.mp4,s0007_f_w001465.mp4,Smart Phone,38,train,s0007,front
34344,/home/billu/FDMSE-ISL/data/s0008/front/s0008_f_w001465.mp4,data/s0008/front/s0008_f_w001465.mp4,s0008_f_w001465.mp4,Smart Phone,38,train,s0008,front
15106,/home/billu/FDMSE-ISL/data/s0009/front/s0009_f_w001465.mp4,data/s0009/front/s0009_f_w001465.mp4,s0009_f_w001465.mp4,Smart Phone,38,train,s0009,front
21005,/home/billu/FDMSE-ISL/data/s0011/front/s0011_f_w001465.mp4,data/s0011/front/s0011_f_w001465.mp4,s0011_f_w001465.mp4,Smart Phone,38,train,s0011,front
25532,/home/billu/FDMSE-ISL/data/s0012/front/s0012_f_w001465.mp4,data/s0012/front/s0012_f_w001465.mp4,s0012_f_w001465.mp4,Smart Phone,38,train,s0012,front
13439,/home/billu/FDMSE-ISL/data/s0013/front/s0013_f_w001465.mp4,data/s0013/front/s0013_f_w001465.mp4,s0013_f_w001465.mp4,Smart Phone,38,train,s0013,front
5833,/home/billu/FDMSE-ISL/data/s0018/front/s0018_f_w001465.mp4,data/s0018/front/s0018_f_w001465.mp4,s0018_f_w001465.mp4,Smart Phone,38,train,s0018,front
26460,/home/billu/FDMSE-ISL/data/s0001/front/s0001_f_w001429.mp4,data/s0001/front/s0001_f_w001429.mp4,s0001_f_w001429.mp4,Sorry,39,train,s0001,front
39554,/home/billu/FDMSE-ISL/data/s0002/front/s0002_f_w001429.mp4,data/s0002/front/s0002_f_w001429.mp4,s0002_f_w001429.mp4,Sorry,39,train,s0002,front
29929,/home/billu/FDMSE-ISL/data/s0005/front/s0005_f_w001429.mp4,data/s0005/front/s0005_f_w001429.mp4,s0005_f_w001429.mp4,Sorry,39,train,s0005,front
18602,/home/billu/FDMSE-ISL/data/s0007/front/s0007_f_w001429.mp4,data/s0007/front/s0007_f_w001429.mp4,s0007_f_w001429.mp4,Sorry,39,train,s0007,front
35649,/home/billu/FDMSE-ISL/data/s0008/front/s0008_f_w001429.mp4,data/s0008/front/s0008_f_w001429.mp4,s0008_f_w001429.mp4,Sorry,39,train,s0008,front
15258,/home/billu/FDMSE-ISL/data/s0009/front/s0009_f_w001429.mp4,data/s0009/front/s0009_f_w001429.mp4,s0009_f_w001429.mp4,Sorry,39,train,s0009,front
20021,/home/billu/FDMSE-ISL/data/s0011/front/s0011_f_w001429.mp4,data/s0011/front/s0011_f_w001429.mp4,s0011_f_w001429.mp4,Sorry,39,train,s0011,front
24290,/home/billu/FDMSE-ISL/data/s0012/front/s0012_f_w001429.mp4,data/s0012/front/s0012_f_w001429.mp4,s0012_f_w001429.mp4,Sorry,39,train,s0012,front
13674,/home/billu/FDMSE-ISL/data/s0013/front/s0013_f_w001429.mp4,data/s0013/front/s0013_f_w001429.mp4,s0013_f_w001429.mp4,Sorry,39,train,s0013,front
4428,/home/billu/FDMSE-ISL/data/s0018/front/s0018_f_w001429.mp4,data/s0018/front/s0018_f_w001429.mp4,s0018_f_w001429.mp4,Sorry,39,train,s0018,front
27758,/home/billu/FDMSE-ISL/data/s0001/front/s0001_f_w000075.mp4,data/s0001/front/s0001_f_w000075.mp4,s0001_f_w000075.mp4,Thank You,40,train,s0001,front
39495,/home/billu/FDMSE-ISL/data/s0002/front/s0002_f_w000075.mp4,data/s0002/front/s0002_f_w000075.mp4,s0002_f_w000075.mp4,Thank You,40,train,s0002,front
31395,/home/billu/FDMSE-ISL/data/s0005/front/s0005_f_w000075.mp4,data/s0005/front/s0005_f_w000075.mp4,s0005_f_w000075.mp4,Thank You,40,train,s0005,front
18207,/home/billu/FDMSE-ISL/data/s0007/front/s0007_f_w000075.mp4,data/s0007/front/s0007_f_w000075.mp4,s0007_f_w000075.mp4,Thank You,40,train,s0007,front
34166,/home/billu/FDMSE-ISL/data/s0008/front/s0008_f_w000075.mp4,data/s0008/front/s0008_f_w000075.mp4,s0008_f_w000075.mp4,Thank You,40,train,s0008,front
14196,/home/billu/FDMSE-ISL/data/s0009/front/s0009_f_w000075.mp4,data/s0009/front/s0009_f_w000075.mp4,s0009_f_w000075.mp4,Thank You,40,train,s0009,front
20453,/home/billu/FDMSE-ISL/data/s0011/front/s0011_f_w000075.mp4,data/s0011/front/s0011_f_w000075.mp4,s0011_f_w000075.mp4,Thank You,40,train,s0011,front
24911,/home/billu/FDMSE-ISL/data/s0012/front/s0012_f_w000075.mp4,data/s0012/front/s0012_f_w000075.mp4,s0012_f_w000075.mp4,Thank You,40,train,s0012,front
12523,/home/billu/FDMSE-ISL/data/s0013/front/s0013_f_w000075.mp4,data/s0013/front/s0013_f_w000075.mp4,s0013_f_w000075.mp4,Thank You,40,train,s0013,front
4402,/home/billu/FDMSE-ISL/data/s0018/front/s0018_f_w000075.mp4,data/s0018/front/s0018_f_w000075.mp4,s0018_f_w000075.mp4,Thank You,40,train,s0018,front
27807,/home/billu/FDMSE-ISL/data/s0001/front/s0001_f_w000370.mp4,data/s0001/front/s0001_f_w000370.mp4,s0001_f_w000370.mp4,Today,41,train,s0001,front
39334,/home/billu/FDMSE-ISL/data/s0002/front/s0002_f_w000370.mp4,data/s0002/front/s0002_f_w000370.mp4,s0002_f_w000370.mp4,Today,41,train,s0002,front
31728,/home/billu/FDMSE-ISL/data/s0005/front/s0005_f_w000370.mp4,data/s0005/front/s0005_f_w000370.mp4,s0005_f_w000370.mp4,Today,41,train,s0005,front
18154,/home/billu/FDMSE-ISL/data/s0007/front/s0007_f_w000370.mp4,data/s0007/front/s0007_f_w000370.mp4,s0007_f_w000370.mp4,Today,41,train,s0007,front
34910,/home/billu/FDMSE-ISL/data/s0008/front/s0008_f_w000370.mp4,data/s0008/front/s0008_f_w000370.mp4,s0008_f_w000370.mp4,Today,41,train,s0008,front
15244,/home/billu/FDMSE-ISL/data/s0009/front/s0009_f_w000370.mp4,data/s0009/front/s0009_f_w000370.mp4,s0009_f_w000370.mp4,Today,41,train,s0009,front
21390,/home/billu/FDMSE-ISL/data/s0011/front/s0011_f_w000370.mp4,data/s0011/front/s0011_f_w000370.mp4,s0011_f_w000370.mp4,Today,41,train,s0011,front
25266,/home/billu/FDMSE-ISL/data/s0012/front/s0012_f_w000370.mp4,data/s0012/front/s0012_f_w000370.mp4,s0012_f_w000370.mp4,Today,41,train,s0012,front
12080,/home/billu/FDMSE-ISL/data/s0013/front/s0013_f_w000370.mp4,data/s0013/front/s0013_f_w000370.mp4,s0013_f_w000370.mp4,Today,41,train,s0013,front
4668,/home/billu/FDMSE-ISL/data/s0018/front/s0018_f_w000370.mp4,data/s0018/front/s0018_f_w000370.mp4,s0018_f_w000370.mp4,Today,41,train,s0018,front
27520,/home/billu/FDMSE-ISL/data/s0001/front/s0001_f_w000371.mp4,data/s0001/front/s0001_f_w000371.mp4,s0001_f_w000371.mp4,Tomorrow,42,train,s0001,front
38904,/home/billu/FDMSE-ISL/data/s0002/front/s0002_f_w000371.mp4,data/s0002/front/s0002_f_w000371.mp4,s0002_f_w000371.mp4,Tomorrow,42,train,s0002,front
30653,/home/billu/FDMSE-ISL/data/s0005/front/s0005_f_w000371.mp4,data/s0005/front/s0005_f_w000371.mp4,s0005_f_w000371.mp4,Tomorrow,42,train,s0005,front
19283,/home/billu/FDMSE-ISL/data/s0007/front/s0007_f_w000371.mp4,data/s0007/front/s0007_f_w000371.mp4,s0007_f_w000371.mp4,Tomorrow,42,train,s0007,front
34869,/home/billu/FDMSE-ISL/data/s0008/front/s0008_f_w000371.mp4,data/s0008/front/s0008_f_w000371.mp4,s0008_f_w000371.mp4,Tomorrow,42,train,s0008,front
14366,/home/billu/FDMSE-ISL/data/s0009/front/s0009_f_w000371.mp4,data/s0009/front/s0009_f_w000371.mp4,s0009_f_w000371.mp4,Tomorrow,42,train,s0009,front
21641,/home/billu/FDMSE-ISL/data/s0011/front/s0011_f_w000371.mp4,data/s0011/front/s0011_f_w000371.mp4,s0011_f_w000371.mp4,Tomorrow,42,train,s0011,front
25658,/home/billu/FDMSE-ISL/data/s0012/front/s0012_f_w000371.mp4,data/s0012/front/s0012_f_w000371.mp4,s0012_f_w000371.mp4,Tomorrow,42,train,s0012,front
12583,/home/billu/FDMSE-ISL/data/s0013/front/s0013_f_w000371.mp4,data/s0013/front/s0013_f_w000371.mp4,s0013_f_w000371.mp4,Tomorrow,42,train,s0013,front
5182,/home/billu/FDMSE-ISL/data/s0018/front/s0018_f_w000371.mp4,data/s0018/front/s0018_f_w000371.mp4,s0018_f_w000371.mp4,Tomorrow,42,train,s0018,front
27569,/home/billu/FDMSE-ISL/data/s0001/front/s0001_f_w001035.mp4,data/s0001/front/s0001_f_w001035.mp4,s0001_f_w001035.mp4,Up,43,train,s0001,front
38532,/home/billu/FDMSE-ISL/data/s0002/front/s0002_f_w001035.mp4,data/s0002/front/s0002_f_w001035.mp4,s0002_f_w001035.mp4,Up,43,train,s0002,front
30198,/home/billu/FDMSE-ISL/data/s0005/front/s0005_f_w001035.mp4,data/s0005/front/s0005_f_w001035.mp4,s0005_f_w001035.mp4,Up,43,train,s0005,front
19336,/home/billu/FDMSE-ISL/data/s0007/front/s0007_f_w001035.mp4,data/s0007/front/s0007_f_w001035.mp4,s0007_f_w001035.mp4,Up,43,train,s0007,front
35237,/home/billu/FDMSE-ISL/data/s0008/front/s0008_f_w001035.mp4,data/s0008/front/s0008_f_w001035.mp4,s0008_f_w001035.mp4,Up,43,train,s0008,front
15635,/home/billu/FDMSE-ISL/data/s0009/front/s0009_f_w001035.mp4,data/s0009/front/s0009_f_w001035.mp4,s0009_f_w001035.mp4,Up,43,train,s0009,front
19949,/home/billu/FDMSE-ISL/data/s0011/front/s0011_f_w001035.mp4,data/s0011/front/s0011_f_w001035.mp4,s0011_f_w001035.mp4,Up,43,train,s0011,front
24618,/home/billu/FDMSE-ISL/data/s0012/front/s0012_f_w001035.mp4,data/s0012/front/s0012_f_w001035.mp4,s0012_f_w001035.mp4,Up,43,train,s0012,front
13254,/home/billu/FDMSE-ISL/data/s0013/front/s0013_f_w001035.mp4,data/s0013/front/s0013_f_w001035.mp4,s0013_f_w001035.mp4,Up,43,train,s0013,front
4938,/home/billu/FDMSE-ISL/data/s0018/front/s0018_f_w001035.mp4,data/s0018/front/s0018_f_w001035.mp4,s0018_f_w001035.mp4,Up,43,train,s0018,front
27431,/home/billu/FDMSE-ISL/data/s0001/front/s0001_f_w000228.mp4,data/s0001/front/s0001_f_w000228.mp4,s0001_f_w000228.mp4,Water,44,train,s0001,front
39733,/home/billu/FDMSE-ISL/data/s0002/front/s0002_f_w000228.mp4,data/s0002/front/s0002_f_w000228.mp4,s0002_f_w000228.mp4,Water,44,train,s0002,front
31234,/home/billu/FDMSE-ISL/data/s0005/front/s0005_f_w000228.mp4,data/s0005/front/s0005_f_w000228.mp4,s0005_f_w000228.mp4,Water,44,train,s0005,front
18444,/home/billu/FDMSE-ISL/data/s0007/front/s0007_f_w000228.mp4,data/s0007/front/s0007_f_w000228.mp4,s0007_f_w000228.mp4,Water,44,train,s0007,front
34491,/home/billu/FDMSE-ISL/data/s0008/front/s0008_f_w000228.mp4,data/s0008/front/s0008_f_w000228.mp4,s0008_f_w000228.mp4,Water,44,train,s0008,front
15490,/home/billu/FDMSE-ISL/data/s0009/front/s0009_f_w000228.mp4,data/s0009/front/s0009_f_w000228.mp4,s0009_f_w000228.mp4,Water,44,train,s0009,front
21778,/home/billu/FDMSE-ISL/data/s0011/front/s0011_f_w000228.mp4,data/s0011/front/s0011_f_w000228.mp4,s0011_f_w000228.mp4,Water,44,train,s0011,front
25539,/home/billu/FDMSE-ISL/data/s0012/front/s0012_f_w000228.mp4,data/s0012/front/s0012_f_w000228.mp4,s0012_f_w000228.mp4,Water,44,train,s0012,front
12300,/home/billu/FDMSE-ISL/data/s0013/front/s0013_f_w000228.mp4,data/s0013/front/s0013_f_w000228.mp4,s0013_f_w000228.mp4,Water,44,train,s0013,front
4339,/home/billu/FDMSE-ISL/data/s0018/front/s0018_f_w000228.mp4,data/s0018/front/s0018_f_w000228.mp4,s0018_f_w000228.mp4,Water,44,train,s0018,front
27133,/home/billu/FDMSE-ISL/data/s0001/front/s0001_f_w001309.mp4,data/s0001/front/s0001_f_w001309.mp4,s0001_f_w001309.mp4,Welcome,45,train,s0001,front
38099,/home/billu/FDMSE-ISL/data/s0002/front/s0002_f_w001309.mp4,data/s0002/front/s0002_f_w001309.mp4,s0002_f_w001309.mp4,Welcome,45,train,s0002,front
30805,/home/billu/FDMSE-ISL/data/s0005/front/s0005_f_w001309.mp4,data/s0005/front/s0005_f_w001309.mp4,s0005_f_w001309.mp4,Welcome,45,train,s0005,front
19635,/home/billu/FDMSE-ISL/data/s0007/front/s0007_f_w001309.mp4,data/s0007/front/s0007_f_w001309.mp4,s0007_f_w001309.mp4,Welcome,45,train,s0007,front
35402,/home/billu/FDMSE-ISL/data/s0008/front/s0008_f_w001309.mp4,data/s0008/front/s0008_f_w001309.mp4,s0008_f_w001309.mp4,Welcome,45,train,s0008,front
14392,/home/billu/FDMSE-ISL/data/s0009/front/s0009_f_w001309.mp4,data/s0009/front/s0009_f_w001309.mp4,s0009_f_w001309.mp4,Welcome,45,train,s0009,front
21677,/home/billu/FDMSE-ISL/data/s0011/front/s0011_f_w001309.mp4,data/s0011/front/s0011_f_w001309.mp4,s0011_f_w001309.mp4,Welcome,45,train,s0011,front
24002,/home/billu/FDMSE-ISL/data/s0012/front/s0012_f_w001309.mp4,data/s0012/front/s0012_f_w001309.mp4,s0012_f_w001309.mp4,Welcome,45,train,s0012,front
13460,/home/billu/FDMSE-ISL/data/s0013/front/s0013_f_w001309.mp4,data/s0013/front/s0013_f_w001309.mp4,s0013_f_w001309.mp4,Welcome,45,train,s0013,front
4148,/home/billu/FDMSE-ISL/data/s0018/front/s0018_f_w001309.mp4,data/s0018/front/s0018_f_w001309.mp4,s0018_f_w001309.mp4,Welcome,45,train,s0018,front
27472,/home/billu/FDMSE-ISL/data/s0001/front/s0001_f_w001038.mp4,data/s0001/front/s0001_f_w001038.mp4,s0001_f_w001038.mp4,What,46,train,s0001,front
38720,/home/billu/FDMSE-ISL/data/s0002/front/s0002_f_w001038.mp4,data/s0002/front/s0002_f_w001038.mp4,s0002_f_w001038.mp4,What,46,train,s0002,front
31645,/home/billu/FDMSE-ISL/data/s0005/front/s0005_f_w001038.mp4,data/s0005/front/s0005_f_w001038.mp4,s0005_f_w001038.mp4,What,46,train,s0005,front
18040,/home/billu/FDMSE-ISL/data/s0007/front/s0007_f_w001038.mp4,data/s0007/front/s0007_f_w001038.mp4,s0007_f_w001038.mp4,What,46,train,s0007,front
34579,/home/billu/FDMSE-ISL/data/s0008/front/s0008_f_w001038.mp4,data/s0008/front/s0008_f_w001038.mp4,s0008_f_w001038.mp4,What,46,train,s0008,front
14458,/home/billu/FDMSE-ISL/data/s0009/front/s0009_f_w001038.mp4,data/s0009/front/s0009_f_w001038.mp4,s0009_f_w001038.mp4,What,46,train,s0009,front
20386,/home/billu/FDMSE-ISL/data/s0011/front/s0011_f_w001038.mp4,data/s0011/front/s0011_f_w001038.mp4,s0011_f_w001038.mp4,What,46,train,s0011,front
24076,/home/billu/FDMSE-ISL/data/s0012/front/s0012_f_w001038.mp4,data/s0012/front/s0012_f_w001038.mp4,s0012_f_w001038.mp4,What,46,train,s0012,front
11896,/home/billu/FDMSE-ISL/data/s0013/front/s0013_f_w001038.mp4,data/s0013/front/s0013_f_w001038.mp4,s0013_f_w001038.mp4,What,46,train,s0013,front
5600,/home/billu/FDMSE-ISL/data/s0018/front/s0018_f_w001038.mp4,data/s0018/front/s0018_f_w001038.mp4,s0018_f_w001038.mp4,What,46,train,s0018,front
27697,/home/billu/FDMSE-ISL/data/s0001/front/s0001_f_w001040.mp4,data/s0001/front/s0001_f_w001040.mp4,s0001_f_w001040.mp4,When,47,train,s0001,front
39325,/home/billu/FDMSE-ISL/data/s0002/front/s0002_f_w001040.mp4,data/s0002/front/s0002_f_w001040.mp4,s0002_f_w001040.mp4,When,47,train,s0002,front
30195,/home/billu/FDMSE-ISL/data/s0005/front/s0005_f_w001040.mp4,data/s0005/front/s0005_f_w001040.mp4,s0005_f_w001040.mp4,When,47,train,s0005,front
18546,/home/billu/FDMSE-ISL/data/s0007/front/s0007_f_w001040.mp4,data/s0007/front/s0007_f_w001040.mp4,s0007_f_w001040.mp4,When,47,train,s0007,front
34343,/home/billu/FDMSE-ISL/data/s0008/front/s0008_f_w001040.mp4,data/s0008/front/s0008_f_w001040.mp4,s0008_f_w001040.mp4,When,47,train,s0008,front
15151,/home/billu/FDMSE-ISL/data/s0009/front/s0009_f_w001040.mp4,data/s0009/front/s0009_f_w001040.mp4,s0009_f_w001040.mp4,When,47,train,s0009,front
21560,/home/billu/FDMSE-ISL/data/s0011/front/s0011_f_w001040.mp4,data/s0011/front/s0011_f_w001040.mp4,s0011_f_w001040.mp4,When,47,train,s0011,front
25865,/home/billu/FDMSE-ISL/data/s0012/front/s0012_f_w001040.mp4,data/s0012/front/s0012_f_w001040.mp4,s0012_f_w001040.mp4,When,47,train,s0012,front
12995,/home/billu/FDMSE-ISL/data/s0013/front/s0013_f_w001040.mp4,data/s0013/front/s0013_f_w001040.mp4,s0013_f_w001040.mp4,When,47,train,s0013,front
5781,/home/billu/FDMSE-ISL/data/s0018/front/s0018_f_w001040.mp4,data/s0018/front/s0018_f_w001040.mp4,s0018_f_w001040.mp4,When,47,train,s0018,front
27101,/home/billu/FDMSE-ISL/data/s0001/front/s0001_f_w001041.mp4,data/s0001/front/s0001_f_w001041.mp4,s0001_f_w001041.mp4,Where,48,train,s0001,front
39796,/home/billu/FDMSE-ISL/data/s0002/front/s0002_f_w001041.mp4,data/s0002/front/s0002_f_w001041.mp4,s0002_f_w001041.mp4,Where,48,train,s0002,front
31521,/home/billu/FDMSE-ISL/data/s0005/front/s0005_f_w001041.mp4,data/s0005/front/s0005_f_w001041.mp4,s0005_f_w001041.mp4,Where,48,train,s0005,front
18605,/home/billu/FDMSE-ISL/data/s0007/front/s0007_f_w001041.mp4,data/s0007/front/s0007_f_w001041.mp4,s0007_f_w001041.mp4,Where,48,train,s0007,front
35399,/home/billu/FDMSE-ISL/data/s0008/front/s0008_f_w001041.mp4,data/s0008/front/s0008_f_w001041.mp4,s0008_f_w001041.mp4,Where,48,train,s0008,front
15788,/home/billu/FDMSE-ISL/data/s0009/front/s0009_f_w001041.mp4,data/s0009/front/s0009_f_w001041.mp4,s0009_f_w001041.mp4,Where,48,train,s0009,front
20092,/home/billu/FDMSE-ISL/data/s0011/front/s0011_f_w001041.mp4,data/s0011/front/s0011_f_w001041.mp4,s0011_f_w001041.mp4,Where,48,train,s0011,front
25846,/home/billu/FDMSE-ISL/data/s0012/front/s0012_f_w001041.mp4,data/s0012/front/s0012_f_w001041.mp4,s0012_f_w001041.mp4,Where,48,train,s0012,front
12007,/home/billu/FDMSE-ISL/data/s0013/front/s0013_f_w001041.mp4,data/s0013/front/s0013_f_w001041.mp4,s0013_f_w001041.mp4,Where,48,train,s0013,front
4597,/home/billu/FDMSE-ISL/data/s0018/front/s0018_f_w001041.mp4,data/s0018/front/s0018_f_w001041.mp4,s0018_f_w001041.mp4,Where,48,train,s0018,front
26686,/home/billu/FDMSE-ISL/data/s0001/front/s0001_f_w001043.mp4,data/s0001/front/s0001_f_w001043.mp4,s0001_f_w001043.mp4,Who,49,train,s0001,front
38794,/home/billu/FDMSE-ISL/data/s0002/front/s0002_f_w001043.mp4,data/s0002/front/s0002_f_w001043.mp4,s0002_f_w001043.mp4,Who,49,train,s0002,front
31405,/home/billu/FDMSE-ISL/data/s0005/front/s0005_f_w001043.mp4,data/s0005/front/s0005_f_w001043.mp4,s0005_f_w001043.mp4,Who,49,train,s0005,front
19466,/home/billu/FDMSE-ISL/data/s0007/front/s0007_f_w001043.mp4,data/s0007/front/s0007_f_w001043.mp4,s0007_f_w001043.mp4,Who,49,train,s0007,front
34180,/home/billu/FDMSE-ISL/data/s0008/front/s0008_f_w001043.mp4,data/s0008/front/s0008_f_w001043.mp4,s0008_f_w001043.mp4,Who,49,train,s0008,front
14395,/home/billu/FDMSE-ISL/data/s0009/front/s0009_f_w001043.mp4,data/s0009/front/s0009_f_w001043.mp4,s0009_f_w001043.mp4,Who,49,train,s0009,front
20791,/home/billu/FDMSE-ISL/data/s0011/front/s0011_f_w001043.mp4,data/s0011/front/s0011_f_w001043.mp4,s0011_f_w001043.mp4,Who,49,train,s0011,front
23996,/home/billu/FDMSE-ISL/data/s0012/front/s0012_f_w001043.mp4,data/s0012/front/s0012_f_w001043.mp4,s0012_f_w001043.mp4,Who,49,train,s0012,front
13858,/home/billu/FDMSE-ISL/data/s0013/front/s0013_f_w001043.mp4,data/s0013/front/s0013_f_w001043.mp4,s0013_f_w001043.mp4,Who,49,train,s0013,front
4709,/home/billu/FDMSE-ISL/data/s0018/front/s0018_f_w001043.mp4,data/s0018/front/s0018_f_w001043.mp4,s0018_f_w001043.mp4,Who,49,train,s0018,front
26318,/home/billu/FDMSE-ISL/data/s0001/front/s0001_f_w001886.mp4,data/s0001/front/s0001_f_w001886.mp4,s0001_f_w001886.mp4,Why,50,train,s0001,front
38196,/home/billu/FDMSE-ISL/data/s0002/front/s0002_f_w001886.mp4,data/s0002/front/s0002_f_w001886.mp4,s0002_f_w001886.mp4,Why,50,train,s0002,front
30044,/home/billu/FDMSE-ISL/data/s0005/front/s0005_f_w001886.mp4,data/s0005/front/s0005_f_w001886.mp4,s0005_f_w001886.mp4,Why,50,train,s0005,front
18119,/home/billu/FDMSE-ISL/data/s0007/front/s0007_f_w001886.mp4,data/s0007/front/s0007_f_w001886.mp4,s0007_f_w001886.mp4,Why,50,train,s0007,front
34190,/home/billu/FDMSE-ISL/data/s0008/front/s0008_f_w001886.mp4,data/s0008/front/s0008_f_w001886.mp4,s0008_f_w001886.mp4,Why,50,train,s0008,front
14665,/home/billu/FDMSE-ISL/data/s0009/front/s0009_f_w001886.mp4,data/s0009/front/s0009_f_w001886.mp4,s0009_f_w001886.mp4,Why,50,train,s0009,front
21822,/home/billu/FDMSE-ISL/data/s0011/front/s0011_f_w001886.mp4,data/s0011/front/s0011_f_w001886.mp4,s0011_f_w001886.mp4,Why,50,train,s0011,front
25642,/home/billu/FDMSE-ISL/data/s0012/front/s0012_f_w001886.mp4,data/s0012/front/s0012_f_w001886.mp4,s0012_f_w001886.mp4,Why,50,train,s0012,front
13371,/home/billu/FDMSE-ISL/data/s0013/front/s0013_f_w001886.mp4,data/s0013/front/s0013_f_w001886.mp4,s0013_f_w001886.mp4,Why,50,train,s0013,front
5811,/home/billu/FDMSE-ISL/data/s0018/front/s0018_f_w001886.mp4,data/s0018/front/s0018_f_w001886.mp4,s0018_f_w001886.mp4,Why,50,train,s0018,front
26684,/home/billu/FDMSE-ISL/data/s0001/front/s0001_f_w001578.mp4,data/s0001/front/s0001_f_w001578.mp4,s0001_f_w001578.mp4,Yes,51,train,s0001,front
38486,/home/billu/FDMSE-ISL/data/s0002/front/s0002_f_w001578.mp4,data/s0002/front/s0002_f_w001578.mp4,s0002_f_w001578.mp4,Yes,51,train,s0002,front
30649,/home/billu/FDMSE-ISL/data/s0005/front/s0005_f_w001578.mp4,data/s0005/front/s0005_f_w001578.mp4,s0005_f_w001578.mp4,Yes,51,train,s0005,front
19570,/home/billu/FDMSE-ISL/data/s0007/front/s0007_f_w001578.mp4,data/s0007/front/s0007_f_w001578.mp4,s0007_f_w001578.mp4,Yes,51,train,s0007,front
34128,/home/billu/FDMSE-ISL/data/s0008/front/s0008_f_w001578.mp4,data/s0008/front/s0008_f_w001578.mp4,s0008_f_w001578.mp4,Yes,51,train,s0008,front
14661,/home/billu/FDMSE-ISL/data/s0009/front/s0009_f_w001578.mp4,data/s0009/front/s0009_f_w001578.mp4,s0009_f_w001578.mp4,Yes,51,train,s0009,front
20617,/home/billu/FDMSE-ISL/data/s0011/front/s0011_f_w001578.mp4,data/s0011/front/s0011_f_w001578.mp4,s0011_f_w001578.mp4,Yes,51,train,s0011,front
24192,/home/billu/FDMSE-ISL/data/s0012/front/s0012_f_w001578.mp4,data/s0012/front/s0012_f_w001578.mp4,s0012_f_w001578.mp4,Yes,51,train,s0012,front
13835,/home/billu/FDMSE-ISL/data/s0013/front/s0013_f_w001578.mp4,data/s0013/front/s0013_f_w001578.mp4,s0013_f_w001578.mp4,Yes,51,train,s0013,front
5320,/home/billu/FDMSE-ISL/data/s0018/front/s0018_f_w001578.mp4,data/s0018/front/s0018_f_w001578.mp4,s0018_f_w001578.mp4,Yes,51,train,s0018,front
27224,/home/billu/FDMSE-ISL/data/s0001/front/s0001_f_w000373.mp4,data/s0001/front/s0001_f_w000373.mp4,s0001_f_w000373.mp4,Yesterday,52,train,s0001,front
39497,/home/billu/FDMSE-ISL/data/s0002/front/s0002_f_w000373.mp4,data/s0002/front/s0002_f_w000373.mp4,s0002_f_w000373.mp4,Yesterday,52,train,s0002,front
30304,/home/billu/FDMSE-ISL/data/s0005/front/s0005_f_w000373.mp4,data/s0005/front/s0005_f_w000373.mp4,s0005_f_w000373.mp4,Yesterday,52,train,s0005,front
19860,/home/billu/FDMSE-ISL/data/s0007/front/s0007_f_w000373.mp4,data/s0007/front/s0007_f_w000373.mp4,s0007_f_w000373.mp4,Yesterday,52,train,s0007,front
34429,/home/billu/FDMSE-ISL/data/s0008/front/s0008_f_w000373.mp4,data/s0008/front/s0008_f_w000373.mp4,s0008_f_w000373.mp4,Yesterday,52,train,s0008,front
14700,/home/billu/FDMSE-ISL/data/s0009/front/s0009_f_w000373.mp4,data/s0009/front/s0009_f_w000373.mp4,s0009_f_w000373.mp4,Yesterday,52,train,s0009,front
21541,/home/billu/FDMSE-ISL/data/s0011/front/s0011_f_w000373.mp4,data/s0011/front/s0011_f_w000373.mp4,s0011_f_w000373.mp4,Yesterday,52,train,s0011,front
24481,/home/billu/FDMSE-ISL/data/s0012/front/s0012_f_w000373.mp4,data/s0012/front/s0012_f_w000373.mp4,s0012_f_w000373.mp4,Yesterday,52,train,s0012,front
13108,/home/billu/FDMSE-ISL/data/s0013/front/s0013_f_w000373.mp4,data/s0013/front/s0013_f_w000373.mp4,s0013_f_w000373.mp4,Yesterday,52,train,s0013,front
4945,/home/billu/FDMSE-ISL/data/s0018/front/s0018_f_w000373.mp4,data/s0018/front/s0018_f_w000373.mp4,s0018_f_w000373.mp4,Yesterday,52,train,s0018,front
36656,/home/billu/FDMSE-ISL/data/s0003/front/s0003_f_w000043.mp4,data/s0003/front/s0003_f_w000043.mp4,s0003_f_w000043.mp4,Angry,0,val,s0003,front
1068,/home/billu/FDMSE-ISL/data/s0015/front/s0015_f_w000043.mp4,data/s0015/front/s0015_f_w000043.mp4,s0015_f_w000043.mp4,Angry,0,val,s0015,front
36130,/home/billu/FDMSE-ISL/data/s0003/front/s0003_f_w001572.mp4,data/s0003/front/s0003_f_w001572.mp4,s0003_f_w001572.mp4,Bag,1,val,s0003,front
282,/home/billu/FDMSE-ISL/data/s0015/front/s0015_f_w001572.mp4,data/s0015/front/s0015_f_w001572.mp4,s0015_f_w001572.mp4,Bag,1,val,s0015,front
36591,/home/billu/FDMSE-ISL/data/s0003/front/s0003_f_w000125.mp4,data/s0003/front/s0003_f_w000125.mp4,s0003_f_w000125.mp4,Bathroom,2,val,s0003,front
1839,/home/billu/FDMSE-ISL/data/s0015/front/s0015_f_w000125.mp4,data/s0015/front/s0015_f_w000125.mp4,s0015_f_w000125.mp4,Bathroom,2,val,s0015,front
37085,/home/billu/FDMSE-ISL/data/s0003/front/s0003_f_w000430.mp4,data/s0003/front/s0003_f_w000430.mp4,s0003_f_w000430.mp4,Book,3,val,s0003,front
1337,/home/billu/FDMSE-ISL/data/s0015/front/s0015_f_w000430.mp4,data/s0015/front/s0015_f_w000430.mp4,s0015_f_w000430.mp4,Book,3,val,s0015,front
36347,/home/billu/FDMSE-ISL/data/s0003/front/s0003_f_w000005.mp4,data/s0003/front/s0003_f_w000005.mp4,s0003_f_w000005.mp4,Brother,4,val,s0003,front
1663,/home/billu/FDMSE-ISL/data/s0015/front/s0015_f_w000005.mp4,data/s0015/front/s0015_f_w000005.mp4,s0015_f_w000005.mp4,Brother,4,val,s0015,front
37657,/home/billu/FDMSE-ISL/data/s0003/front/s0003_f_w001133.mp4,data/s0003/front/s0003_f_w001133.mp4,s0003_f_w001133.mp4,Come,5,val,s0003,front
782,/home/billu/FDMSE-ISL/data/s0015/front/s0015_f_w001133.mp4,data/s0015/front/s0015_f_w001133.mp4,s0015_f_w001133.mp4,Come,5,val,s0015,front
37318,/home/billu/FDMSE-ISL/data/s0003/front/s0003_f_w001018.mp4,data/s0003/front/s0003_f_w001018.mp4,s0003_f_w001018.mp4,Down,6,val,s0003,front
1659,/home/billu/FDMSE-ISL/data/s0015/front/s0015_f_w001018.mp4,data/s0015/front/s0015_f_w001018.mp4,s0015_f_w001018.mp4,Down,6,val,s0015,front
36690,/home/billu/FDMSE-ISL/data/s0003/front/s0003_f_w001161.mp4,data/s0003/front/s0003_f_w001161.mp4,s0003_f_w001161.mp4,Drink,7,val,s0003,front
1253,/home/billu/FDMSE-ISL/data/s0015/front/s0015_f_w001161.mp4,data/s0015/front/s0015_f_w001161.mp4,s0015_f_w001161.mp4,Drink,7,val,s0015,front
35955,/home/billu/FDMSE-ISL/data/s0003/front/s0003_f_w001635.mp4,data/s0003/front/s0003_f_w001635.mp4,s0003_f_w001635.mp4,Eat [VEB]/Food,8,val,s0003,front
1148,/home/billu/FDMSE-ISL/data/s0015/front/s0015_f_w001635.mp4,data/s0015/front/s0015_f_w001635.mp4,s0015_f_w001635.mp4,Eat [VEB]/Food,8,val,s0015,front
36961,/home/billu/FDMSE-ISL/data/s0003/front/s0003_f_w000356.mp4,data/s0003/front/s0003_f_w000356.mp4,s0003_f_w000356.mp4,Evening,9,val,s0003,front
1090,/home/billu/FDMSE-ISL/data/s0015/front/s0015_f_w000356.mp4,data/s0015/front/s0015_f_w000356.mp4,s0015_f_w000356.mp4,Evening,9,val,s0015,front
37218,/home/billu/FDMSE-ISL/data/s0003/front/s0003_f_w000011.mp4,data/s0003/front/s0003_f_w000011.mp4,s0003_f_w000011.mp4,Family,10,val,s0003,front
340,/home/billu/FDMSE-ISL/data/s0015/front/s0015_f_w000011.mp4,data/s0015/front/s0015_f_w000011.mp4,s0015_f_w000011.mp4,Family,10,val,s0015,front
37535,/home/billu/FDMSE-ISL/data/s0003/front/s0003_f_w001019.mp4,data/s0003/front/s0003_f_w001019.mp4,s0003_f_w001019.mp4,Far,11,val,s0003,front
1762,/home/billu/FDMSE-ISL/data/s0015/front/s0015_f_w001019.mp4,data/s0015/front/s0015_f_w001019.mp4,s0015_f_w001019.mp4,Far,11,val,s0015,front
36988,/home/billu/FDMSE-ISL/data/s0003/front/s0003_f_w000012.mp4,data/s0003/front/s0003_f_w000012.mp4,s0003_f_w000012.mp4,Father,12,val,s0003,front
1693,/home/billu/FDMSE-ISL/data/s0015/front/s0015_f_w000012.mp4,data/s0015/front/s0015_f_w000012.mp4,s0015_f_w000012.mp4,Father,12,val,s0015,front
37705,/home/billu/FDMSE-ISL/data/s0003/front/s0003_f_w000014.mp4,data/s0003/front/s0003_f_w000014.mp4,s0003_f_w000014.mp4,Friend,13,val,s0003,front
1667,/home/billu/FDMSE-ISL/data/s0015/front/s0015_f_w000014.mp4,data/s0015/front/s0015_f_w000014.mp4,s0015_f_w000014.mp4,Friend,13,val,s0015,front
37330,/home/billu/FDMSE-ISL/data/s0003/front/s0003_f_w001185.mp4,data/s0003/front/s0003_f_w001185.mp4,s0003_f_w001185.mp4,Go,14,val,s0003,front
326,/home/billu/FDMSE-ISL/data/s0015/front/s0015_f_w001185.mp4,data/s0015/front/s0015_f_w001185.mp4,s0015_f_w001185.mp4,Go,14,val,s0015,front
37349,/home/billu/FDMSE-ISL/data/s0003/front/s0003_f_w000054.mp4,data/s0003/front/s0003_f_w000054.mp4,s0003_f_w000054.mp4,Good,15,val,s0003,front
399,/home/billu/FDMSE-ISL/data/s0015/front/s0015_f_w000054.mp4,data/s0015/front/s0015_f_w000054.mp4,s0015_f_w000054.mp4,Good,15,val,s0015,front
36606,/home/billu/FDMSE-ISL/data/s0003/front/s0003_f_w000045.mp4,data/s0003/front/s0003_f_w000045.mp4,s0003_f_w000045.mp4,Bad,16,val,s0003,front
1460,/home/billu/FDMSE-ISL/data/s0015/front/s0015_f_w000045.mp4,data/s0015/front/s0015_f_w000045.mp4,s0015_f_w000045.mp4,Bad,16,val,s0015,front
37468,/home/billu/FDMSE-ISL/data/s0003/front/s0003_f_w001370.mp4,data/s0003/front/s0003_f_w001370.mp4,s0003_f_w001370.mp4,Happy,17,val,s0003,front
1678,/home/billu/FDMSE-ISL/data/s0015/front/s0015_f_w001370.mp4,data/s0015/front/s0015_f_w001370.mp4,s0015_f_w001370.mp4,Happy,17,val,s0015,front
37304,/home/billu/FDMSE-ISL/data/s0003/front/s0003_f_w001590.mp4,data/s0003/front/s0003_f_w001590.mp4,s0003_f_w001590.mp4,Hello,18,val,s0003,front
1004,/home/billu/FDMSE-ISL/data/s0015/front/s0015_f_w001590.mp4,data/s0015/front/s0015_f_w001590.mp4,s0015_f_w001590.mp4,Hello,18,val,s0015,front
37672,/home/billu/FDMSE-ISL/data/s0003/front/s0003_f_w000056.mp4,data/s0003/front/s0003_f_w000056.mp4,s0003_f_w000056.mp4,Help [VEB],19,val,s0003,front
501,/home/billu/FDMSE-ISL/data/s0015/front/s0015_f_w000056.mp4,data/s0015/front/s0015_f_w000056.mp4,s0015_f_w000056.mp4,Help [VEB],19,val,s0015,front
36940,/home/billu/FDMSE-ISL/data/s0003/front/s0003_f_w001638.mp4,data/s0003/front/s0003_f_w001638.mp4,s0003_f_w001638.mp4,Home/House,20,val,s0003,front
1896,/home/billu/FDMSE-ISL/data/s0015/front/s0015_f_w001638.mp4,data/s0015/front/s0015_f_w001638.mp4,s0015_f_w001638.mp4,Home/House,20,val,s0015,front
37499,/home/billu/FDMSE-ISL/data/s0003/front/s0003_f_w000668.mp4,data/s0003/front/s0003_f_w000668.mp4,s0003_f_w000668.mp4,Hospital,21,val,s0003,front
1737,/home/billu/FDMSE-ISL/data/s0015/front/s0015_f_w000668.mp4,data/s0015/front/s0015_f_w000668.mp4,s0015_f_w000668.mp4,Hospital,21,val,s0015,front
36523,/home/billu/FDMSE-ISL/data/s0003/front/s0003_f_w001036.mp4,data/s0003/front/s0003_f_w001036.mp4,s0003_f_w001036.mp4,How,22,val,s0003,front
869,/home/billu/FDMSE-ISL/data/s0015/front/s0015_f_w001036.mp4,data/s0015/front/s0015_f_w001036.mp4,s0015_f_w001036.mp4,How,22,val,s0015,front
36540,/home/billu/FDMSE-ISL/data/s0003/front/s0003_f_w001643.mp4,data/s0003/front/s0003_f_w001643.mp4,s0003_f_w001643.mp4,Left (Side)/Left (Hand),23,val,s0003,front
51,/home/billu/FDMSE-ISL/data/s0015/front/s0015_f_w001643.mp4,data/s0015/front/s0015_f_w001643.mp4,s0015_f_w001643.mp4,Left (Side)/Left (Hand),23,val,s0015,front
36715,/home/billu/FDMSE-ISL/data/s0003/front/s0003_f_w000392.mp4,data/s0003/front/s0003_f_w000392.mp4,s0003_f_w000392.mp4,Money,24,val,s0003,front
1309,/home/billu/FDMSE-ISL/data/s0015/front/s0015_f_w000392.mp4,data/s0015/front/s0015_f_w000392.mp4,s0015_f_w000392.mp4,Money,24,val,s0015,front
36373,/home/billu/FDMSE-ISL/data/s0003/front/s0003_f_w000362.mp4,data/s0003/front/s0003_f_w000362.mp4,s0003_f_w000362.mp4,Morning,25,val,s0003,front
715,/home/billu/FDMSE-ISL/data/s0015/front/s0015_f_w000362.mp4,data/s0015/front/s0015_f_w000362.mp4,s0015_f_w000362.mp4,Morning,25,val,s0015,front
36780,/home/billu/FDMSE-ISL/data/s0003/front/s0003_f_w000023.mp4,data/s0003/front/s0003_f_w000023.mp4,s0003_f_w000023.mp4,Mother,26,val,s0003,front
1101,/home/billu/FDMSE-ISL/data/s0015/front/s0015_f_w000023.mp4,data/s0015/front/s0015_f_w000023.mp4,s0015_f_w000023.mp4,Mother,26,val,s0015,front
36427,/home/billu/FDMSE-ISL/data/s0003/front/s0003_f_w001025.mp4,data/s0003/front/s0003_f_w001025.mp4,s0003_f_w001025.mp4,Near,27,val,s0003,front
280,/home/billu/FDMSE-ISL/data/s0015/front/s0015_f_w001025.mp4,data/s0015/front/s0015_f_w001025.mp4,s0015_f_w001025.mp4,Near,27,val,s0015,front
36883,/home/billu/FDMSE-ISL/data/s0003/front/s0003_f_w000365.mp4,data/s0003/front/s0003_f_w000365.mp4,s0003_f_w000365.mp4,Night,28,val,s0003,front
771,/home/billu/FDMSE-ISL/data/s0015/front/s0015_f_w000365.mp4,data/s0015/front/s0015_f_w000365.mp4,s0015_f_w000365.mp4,Night,28,val,s0015,front
36492,/home/billu/FDMSE-ISL/data/s0003/front/s0003_f_w001577.mp4,data/s0003/front/s0003_f_w001577.mp4,s0003_f_w001577.mp4,No,29,val,s0003,front
279,/home/billu/FDMSE-ISL/data/s0015/front/s0015_f_w001577.mp4,data/s0015/front/s0015_f_w001577.mp4,s0015_f_w001577.mp4,No,29,val,s0015,front
36224,/home/billu/FDMSE-ISL/data/s0003/front/s0003_f_w001796.mp4,data/s0003/front/s0003_f_w001796.mp4,s0003_f_w001796.mp4,Now,30,val,s0003,front
449,/home/billu/FDMSE-ISL/data/s0015/front/s0015_f_w001796.mp4,data/s0015/front/s0015_f_w001796.mp4,s0015_f_w001796.mp4,Now,30,val,s0015,front
37106,/home/billu/FDMSE-ISL/data/s0003/front/s0003_f_w000672.mp4,data/s0003/front/s0003_f_w000672.mp4,s0003_f_w000672.mp4,Office,31,val,s0003,front
1646,/home/billu/FDMSE-ISL/data/s0015/front/s0015_f_w000672.mp4,data/s0015/front/s0015_f_w000672.mp4,s0015_f_w000672.mp4,Office,31,val,s0015,front
37578,/home/billu/FDMSE-ISL/data/s0003/front/s0003_f_w001486.mp4,data/s0003/front/s0003_f_w001486.mp4,s0003_f_w001486.mp4,Please,32,val,s0003,front
435,/home/billu/FDMSE-ISL/data/s0015/front/s0015_f_w001486.mp4,data/s0015/front/s0015_f_w001486.mp4,s0015_f_w001486.mp4,Please,32,val,s0015,front
36847,/home/billu/FDMSE-ISL/data/s0003/front/s0003_f_w000070.mp4,data/s0003/front/s0003_f_w000070.mp4,s0003_f_w000070.mp4,Right,33,val,s0003,front
1136,/home/billu/FDMSE-ISL/data/s0015/front/s0015_f_w000070.mp4,data/s0015/front/s0015_f_w000070.mp4,s0015_f_w000070.mp4,Right,33,val,s0015,front
36377,/home/billu/FDMSE-ISL/data/s0003/front/s0003_f_w001415.mp4,data/s0003/front/s0003_f_w001415.mp4,s0003_f_w001415.mp4,Sad,34,val,s0003,front
1996,/home/billu/FDMSE-ISL/data/s0015/front/s0015_f_w001415.mp4,data/s0015/front/s0015_f_w001415.mp4,s0015_f_w001415.mp4,Sad,34,val,s0015,front
37207,/home/billu/FDMSE-ISL/data/s0003/front/s0003_f_w000421.mp4,data/s0003/front/s0003_f_w000421.mp4,s0003_f_w000421.mp4,School,35,val,s0003,front
592,/home/billu/FDMSE-ISL/data/s0015/front/s0015_f_w000421.mp4,data/s0015/front/s0015_f_w000421.mp4,s0015_f_w000421.mp4,School,35,val,s0015,front
37501,/home/billu/FDMSE-ISL/data/s0003/front/s0003_f_w000677.mp4,data/s0003/front/s0003_f_w000677.mp4,s0003_f_w000677.mp4,Shop,36,val,s0003,front
431,/home/billu/FDMSE-ISL/data/s0015/front/s0015_f_w000677.mp4,data/s0015/front/s0015_f_w000677.mp4,s0015_f_w000677.mp4,Shop,36,val,s0015,front
37840,/home/billu/FDMSE-ISL/data/s0003/front/s0003_f_w000032.mp4,data/s0003/front/s0003_f_w000032.mp4,s0003_f_w000032.mp4,Sister,37,val,s0003,front
965,/home/billu/FDMSE-ISL/data/s0015/front/s0015_f_w000032.mp4,data/s0015/front/s0015_f_w000032.mp4,s0015_f_w000032.mp4,Sister,37,val,s0015,front
36254,/home/billu/FDMSE-ISL/data/s0003/front/s0003_f_w001465.mp4,data/s0003/front/s0003_f_w001465.mp4,s0003_f_w001465.mp4,Smart Phone,38,val,s0003,front
1726,/home/billu/FDMSE-ISL/data/s0015/front/s0015_f_w001465.mp4,data/s0015/front/s0015_f_w001465.mp4,s0015_f_w001465.mp4,Smart Phone,38,val,s0015,front
35954,/home/billu/FDMSE-ISL/data/s0003/front/s0003_f_w001429.mp4,data/s0003/front/s0003_f_w001429.mp4,s0003_f_w001429.mp4,Sorry,39,val,s0003,front
1420,/home/billu/FDMSE-ISL/data/s0015/front/s0015_f_w001429.mp4,data/s0015/front/s0015_f_w001429.mp4,s0015_f_w001429.mp4,Sorry,39,val,s0015,front
36945,/home/billu/FDMSE-ISL/data/s0003/front/s0003_f_w000075.mp4,data/s0003/front/s0003_f_w000075.mp4,s0003_f_w000075.mp4,Thank You,40,val,s0003,front
1552,/home/billu/FDMSE-ISL/data/s0015/front/s0015_f_w000075.mp4,data/s0015/front/s0015_f_w000075.mp4,s0015_f_w000075.mp4,Thank You,40,val,s0015,front
37109,/home/billu/FDMSE-ISL/data/s0003/front/s0003_f_w000370.mp4,data/s0003/front/s0003_f_w000370.mp4,s0003_f_w000370.mp4,Today,41,val,s0003,front
21,/home/billu/FDMSE-ISL/data/s0015/front/s0015_f_w000370.mp4,data/s0015/front/s0015_f_w000370.mp4,s0015_f_w000370.mp4,Today,41,val,s0015,front
37164,/home/billu/FDMSE-ISL/data/s0003/front/s0003_f_w000371.mp4,data/s0003/front/s0003_f_w000371.mp4,s0003_f_w000371.mp4,Tomorrow,42,val,s0003,front
101,/home/billu/FDMSE-ISL/data/s0015/front/s0015_f_w000371.mp4,data/s0015/front/s0015_f_w000371.mp4,s0015_f_w000371.mp4,Tomorrow,42,val,s0015,front
36679,/home/billu/FDMSE-ISL/data/s0003/front/s0003_f_w001035.mp4,data/s0003/front/s0003_f_w001035.mp4,s0003_f_w001035.mp4,Up,43,val,s0003,front
691,/home/billu/FDMSE-ISL/data/s0015/front/s0015_f_w001035.mp4,data/s0015/front/s0015_f_w001035.mp4,s0015_f_w001035.mp4,Up,43,val,s0015,front
37432,/home/billu/FDMSE-ISL/data/s0003/front/s0003_f_w000228.mp4,data/s0003/front/s0003_f_w000228.mp4,s0003_f_w000228.mp4,Water,44,val,s0003,front
825,/home/billu/FDMSE-ISL/data/s0015/front/s0015_f_w000228.mp4,data/s0015/front/s0015_f_w000228.mp4,s0015_f_w000228.mp4,Water,44,val,s0015,front
37208,/home/billu/FDMSE-ISL/data/s0003/front/s0003_f_w001309.mp4,data/s0003/front/s0003_f_w001309.mp4,s0003_f_w001309.mp4,Welcome,45,val,s0003,front
1378,/home/billu/FDMSE-ISL/data/s0015/front/s0015_f_w001309.mp4,data/s0015/front/s0015_f_w001309.mp4,s0015_f_w001309.mp4,Welcome,45,val,s0015,front
37726,/home/billu/FDMSE-ISL/data/s0003/front/s0003_f_w001038.mp4,data/s0003/front/s0003_f_w001038.mp4,s0003_f_w001038.mp4,What,46,val,s0003,front
843,/home/billu/FDMSE-ISL/data/s0015/front/s0015_f_w001038.mp4,data/s0015/front/s0015_f_w001038.mp4,s0015_f_w001038.mp4,What,46,val,s0015,front
36496,/home/billu/FDMSE-ISL/data/s0003/front/s0003_f_w001040.mp4,data/s0003/front/s0003_f_w001040.mp4,s0003_f_w001040.mp4,When,47,val,s0003,front
964,/home/billu/FDMSE-ISL/data/s0015/front/s0015_f_w001040.mp4,data/s0015/front/s0015_f_w001040.mp4,s0015_f_w001040.mp4,When,47,val,s0015,front
36206,/home/billu/FDMSE-ISL/data/s0003/front/s0003_f_w001041.mp4,data/s0003/front/s0003_f_w001041.mp4,s0003_f_w001041.mp4,Where,48,val,s0003,front
1054,/home/billu/FDMSE-ISL/data/s0015/front/s0015_f_w001041.mp4,data/s0015/front/s0015_f_w001041.mp4,s0015_f_w001041.mp4,Where,48,val,s0015,front
35975,/home/billu/FDMSE-ISL/data/s0003/front/s0003_f_w001043.mp4,data/s0003/front/s0003_f_w001043.mp4,s0003_f_w001043.mp4,Who,49,val,s0003,front
1620,/home/billu/FDMSE-ISL/data/s0015/front/s0015_f_w001043.mp4,data/s0015/front/s0015_f_w001043.mp4,s0015_f_w001043.mp4,Who,49,val,s0015,front
36981,/home/billu/FDMSE-ISL/data/s0003/front/s0003_f_w001886.mp4,data/s0003/front/s0003_f_w001886.mp4,s0003_f_w001886.mp4,Why,50,val,s0003,front
121,/home/billu/FDMSE-ISL/data/s0015/front/s0015_f_w001886.mp4,data/s0015/front/s0015_f_w001886.mp4,s0015_f_w001886.mp4,Why,50,val,s0015,front
36629,/home/billu/FDMSE-ISL/data/s0003/front/s0003_f_w001578.mp4,data/s0003/front/s0003_f_w001578.mp4,s0003_f_w001578.mp4,Yes,51,val,s0003,front
106,/home/billu/FDMSE-ISL/data/s0015/front/s0015_f_w001578.mp4,data/s0015/front/s0015_f_w001578.mp4,s0015_f_w001578.mp4,Yes,51,val,s0015,front
37026,/home/billu/FDMSE-ISL/data/s0003/front/s0003_f_w000373.mp4,data/s0003/front/s0003_f_w000373.mp4,s0003_f_w000373.mp4,Yesterday,52,val,s0003,front
1835,/home/billu/FDMSE-ISL/data/s0015/front/s0015_f_w000373.mp4,data/s0015/front/s0015_f_w000373.mp4,s0015_f_w000373.mp4,Yesterday,52,val,s0015,front
